login_frequency,session_duration,app_visits,pages_viewed,cart_activity,email_open_rate,feature_usage_score,last_login_days,purchase_count,total_spend,avg_order_value,purchase_frequency,last_purchase_days,payment_failures,refund_count,subscription_status,churn,region_Europe,region_North America,region_South America,plan_type_Enterprise,plan_type_Pro,engagement_score,customer_value_score,friction_score,adoption_score
48,85.0,41,128,6,0.7211323573568237,1.400581353485542,20,43.0,212.5739666588433,4.943580619973099,5,47,4,6,1,0,0,0,0,0,1,0.5302440830391141,1.1219789192466285,10,1.982855807003292
66,295.0,8,302,10,0.1837846651079011,3.602230465768849,24,16.0,1959.8573929893507,122.49108706183442,14,97,4,7,1,1,0,0,1,0,1,0.61163288057698,28.96390559874911,11,4.827167337092842
70,286.0,26,380,6,0.3283854996166053,5.06156659459876,10,0.0,3956.339891389564,119.88908761786556,8,2,2,0,0,1,0,1,0,0,0,0.728968478036801,33.410901816684316,2,6.338398527760301
28,165.0,29,253,3,0.4872120069219139,2.0528474174673184,8,48.0,4017.000091990416,83.68750191646701,15,106,3,3,0,0,0,0,0,1,0,0.4562341730043593,63.605946099574076,6,3.56149384901422
93,257.0,10,77,11,0.0247648775761512,5.079407146795192,49,19.0,3583.582406589716,188.6096003468272,15,80,3,3,1,1,0,0,0,0,1,0.6948415973260694,56.7431277513327,6,3.3112466595699406
26,227.0,17,223,5,0.2488190270199318,8.678582310320204,24,21.0,1029.1507166436236,49.007176983029694,19,25,0,4,1,0,0,0,1,0,0,0.436891335027981,20.641307223138963,4,6.573760093035853
25,199.0,2,227,13,0.40788960850728,6.23188917752548,34,22.0,1243.5535434638598,56.52516106653909,6,60,3,3,1,1,0,1,0,1,0,0.3129205508087496,7.876265655578216,6,5.3904936869591324
12,172.0,6,186,11,0.2796363184932062,1.710368695345711,51,9.0,4980.4827490499165,553.3869721166574,19,79,3,8,1,1,0,1,0,1,0,0.2577947931985199,99.89175820423793,11,2.718911802582675
5,189.0,5,308,10,0.1363703274675658,2.725041869472469,31,9.0,525.8562559377798,58.42847288197553,8,24,3,6,1,0,0,0,0,1,0,0.24044637212339076,4.4408044351961875,9,4.448693279425614
98,43.0,28,173,18,0.7280122577961974,5.270899151427006,48,9.0,911.5068675230228,101.27854083589142,6,15,1,1,1,1,1,0,0,0,1,0.6105319800971976,5.773189480444684,2,4.368916509581238
48,50.0,41,67,4,0.8131476551679849,4.253384348396309,13,27.0,658.8310156941617,24.4011487294134,15,95,0,0,1,0,0,0,0,0,1,0.49512702618292687,10.43205604015965,0,2.798034859568896
37,84.0,5,278,13,0.2574789761437248,4.228543175914889,0,17.0,1644.9982687812417,96.7646040459554,3,14,2,8,1,0,0,0,0,0,0,0.2643881308477582,5.209443307039982,10,4.899842730242014
79,288.0,18,317,15,0.7744194946063033,5.763407033292312,16,44.0,1058.7774178172776,24.06312313221085,10,54,3,0,1,0,0,0,0,1,0,0.7183592115269135,11.176589134001054,3,6.058056222056978
44,185.0,26,67,12,0.3855535644013138,6.259563294305117,24,45.0,2493.462918143383,55.41028706985296,15,78,1,5,1,0,0,0,0,1,0,0.5225801803441555,39.48196772236795,6,3.8011243325233
15,159.0,20,297,19,0.5066857908540028,8.17175413248572,58,8.0,2385.3433273317983,298.1679159164748,16,6,3,1,0,1,0,0,1,0,0,0.3425868127731482,40.287980252664504,4,7.061828970050476
43,282.0,41,474,3,0.8560010748931528,4.068699071162362,7,16.0,4508.513041062002,281.78206506637514,17,78,1,3,1,1,0,1,0,0,0,0.7077009257133481,80.90714339893874,4,6.7838485335771725
48,117.0,49,114,10,0.7499536818024078,8.24919654736528,4,18.0,183.3523377494596,10.186240986081089,19,81,0,5,1,0,0,0,1,0,0,0.6113306982872201,3.67743215095859,5,5.266882842820916
87,148.0,27,237,16,0.8051168513161777,4.047501062013692,4,33.0,1606.199087572139,48.67269962339815,11,18,3,4,1,0,0,0,1,1,0,0.665316257241723,18.650766123091987,7,4.398500030004842
70,280.0,49,256,6,0.1368451665863568,1.4988969004711046,40,1.0,2987.32288106548,2987.32288106548,16,20,1,5,1,1,0,0,1,1,0,0.8637647376777811,50.45529667015431,6,3.314578710756594
46,298.0,12,197,13,0.0697194258337294,5.9876888590431205,34,12.0,3027.96079160138,252.33006596678163,5,115,4,2,1,1,0,0,0,0,0,0.5583246291320825,15.981769686475156,6,4.967792325313144
43,221.0,7,92,10,0.8934047290879871,6.291120924053331,18,6.0,2405.829882780904,400.9716471301506,5,62,4,4,1,1,1,0,0,0,1,0.43833364702929917,12.698123171901909,8,4.067404149401415
21,281.0,3,195,8,0.3878342695710943,9.410862210596742,22,41.0,4080.171048665022,99.5163670406103,14,81,1,1,0,0,0,1,0,0,0,0.38515563111836404,60.29912661146617,2,6.659338920929633
23,75.0,10,261,12,0.2878796780696808,7.53455193456227,8,5.0,322.9836353581494,64.59672707162989,18,80,3,6,1,0,1,0,0,1,0,0.22940461884561264,6.137021428283488,9,6.382506428202978
80,257.0,34,364,17,0.7246962542618245,9.259953872449955,53,16.0,4079.2839502448783,254.9552468903049,8,40,3,2,1,1,0,0,1,1,0,0.789255120311021,34.44915231894762,5,8.277271525403334
47,151.0,25,247,10,0.8364155965798566,9.175124892187084,29,18.0,2478.823659774161,137.71242554300895,5,39,0,0,1,0,0,0,1,1,0,0.49446523111119384,13.083388970484197,0,7.062512345893142
15,56.0,35,369,14,0.8624896218983009,6.441166992324179,49,49.0,677.4658684342409,13.825834049678384,7,52,0,7,0,0,1,0,0,0,0,0.3310790658616745,5.005991132287082,7,6.917978285741247
25,210.0,16,193,18,0.3159971411252273,5.749858588028028,15,18.0,4429.652548566984,246.0918082537213,16,32,2,7,0,1,1,0,0,0,0,0.40967162582069416,74.81596144168299,9,4.808797029484956
36,157.0,2,293,0,0.852212391201674,6.016968704472399,32,1.0,3249.651609909408,3249.651609909408,14,108,0,2,0,0,1,0,0,0,0,0.3152245270257693,48.025230200384584,2,5.944356095723173
75,133.0,24,394,3,0.0409339443743453,9.80497726909523,1,19.0,826.0929772524551,43.47857775012921,5,73,3,6,1,0,0,0,1,0,0,0.5834138945940188,4.360171287119278,9,8.850384426130782
51,10.0,10,435,13,0.0496614914597188,7.95850922572263,13,8.0,177.91211976114278,22.239014970142847,9,27,2,8,0,0,0,0,1,1,0,0.27731854067257794,1.6902566752565382,10,8.337972047731055
15,256.0,38,219,13,0.6235191951741544,1.9563931431315624,45,3.0,714.1371451799199,238.0457150599733,4,110,0,7,1,1,0,1,0,1,0,0.5501153091215203,3.0154090265577924,7,3.172585349120891
68,137.0,22,313,2,0.0631063691155462,8.005855661032598,0,25.0,3047.901821300164,121.91607285200656,4,52,1,2,1,1,0,1,0,1,0,0.5468995462784283,12.869615767843795,3,7.139200375606479
21,200.0,26,305,16,0.3246091685101615,2.534842440084033,25,5.0,904.6882139476418,180.93764278952835,16,97,4,1,0,1,0,0,1,1,0,0.4447010546389428,15.28000622833236,5,4.323533444490914
13,76.0,43,106,2,0.672755986246924,5.026154941050631,57,40.0,1136.5577436263902,28.41394359065976,17,63,0,9,0,0,1,0,0,0,1,0.3920447392497082,20.396001854104433,9,3.5752017190223095
86,13.0,39,456,15,0.3372668960542263,2.8941370495888084,24,19.0,135.44723152400775,7.128801659158302,15,74,0,6,1,0,1,0,0,0,1,0.5992937359396987,2.1446973140057177,6,6.0162068013475105
19,152.0,27,469,13,0.1795997814400959,7.206247589799068,15,18.0,3617.424054470632,200.96800302614625,4,63,1,6,1,0,0,1,0,1,0,0.39458216042066974,15.274395430012067,7,8.302522592494725
34,200.0,29,465,19,0.2813506218538416,8.89578762573732,14,31.0,4053.718354799591,130.76510821934164,6,17,3,8,1,1,0,0,1,1,0,0.5155936541029709,25.674940032224626,11,9.107212450143209
78,30.0,47,481,12,0.4575753322504318,3.6132569683001288,25,33.0,3986.272402092896,120.7961333967544,16,113,1,4,1,1,0,1,0,0,0,0.6330069516404919,67.32735785959292,5,6.626267762707178
68,236.0,38,217,14,0.4753858553554824,1.738096670873689,46,0.0,646.5650753077783,13.756703729952733,4,49,0,3,1,0,0,1,0,0,0,0.7441898336308275,2.730089279768379,3,3.043397032831634
52,151.0,20,379,13,0.783000231347202,3.6864378826746695,43,18.0,4517.472625669909,250.97070142610605,6,100,3,7,0,1,0,0,0,0,0,0.4840550064152549,28.612209485142042,10,5.640814131718096
27,151.0,27,397,18,0.7501532294315125,7.051256721389749,15,39.0,3364.6713590756594,86.27362459168357,5,81,2,3,1,0,0,0,0,1,0,0.42590204826229666,17.758949481967274,5,7.503584272518522
29,48.0,41,431,5,0.4568178045561352,3.9588411479900496,13,16.0,4488.667825660554,280.5417391037846,16,82,0,3,0,0,0,0,0,0,1,0.41635266045203934,75.81271787959619,3,6.298057848544123
28,261.0,20,420,9,0.8456673490987714,3.5030095079842307,28,16.0,2241.330917608011,140.0831823505007,16,116,1,1,0,1,1,0,0,0,0,0.4974532024221465,37.85563894036354,2,5.95992158765945
35,216.0,44,146,14,0.1142371385913958,2.6599167152583845,23,47.0,2190.404756807652,46.604356527822375,10,23,2,0,1,1,0,0,1,0,1,0.6275243045429381,23.122191304825858,2,2.792884209332599
8,219.0,19,376,19,0.2553533502289015,5.477647841869902,46,38.0,3924.837228237627,103.28519021677968,9,98,4,3,0,1,0,0,1,0,1,0.3683822044070491,37.28797303539815,7,6.506358991075231
16,124.0,20,409,5,0.8279764635022515,3.4835394534146884,54,41.0,475.55629882895016,11.598934117779272,4,72,2,6,1,1,0,0,1,0,0,0.3115101599573649,2.0080131187741954,8,5.8399661194929156
36,234.0,35,193,9,0.3779940386261531,7.579093142255348,14,7.0,2609.16144280808,372.7373489725828,14,13,1,8,1,1,0,0,1,0,0,0.594522868435912,38.559696226734545,9,5.723414306598616
30,143.0,47,85,6,0.9811815587938422,1.6896016179298243,18,14.0,4183.557335799816,298.8255239857012,4,23,2,8,1,1,0,0,0,0,1,0.5524454841225027,17.664865409450975,10,1.6965042157785395
18,260.0,2,296,16,0.4662532815278354,6.9762972980018585,7,43.0,4152.660889717161,96.5735090631898,12,57,1,9,1,1,1,0,0,0,1,0.3458417359038477,52.60322004927437,10,6.4540805127283845
2,228.0,30,481,17,0.7919356229637641,3.138040131109929,33,48.0,4781.102953148421,99.60631152392544,10,62,0,0,0,1,1,0,0,0,1,0.4205168192745833,50.46993108793427,0,6.388659344112078
49,100.0,34,384,16,0.4023070413823719,5.403513349464428,1,25.0,3494.380241717427,139.77520966869707,4,54,3,4,0,0,0,0,0,0,1,0.5064775114464556,14.754848972945162,7,6.549452065513777
77,55.0,22,151,8,0.4249535190624304,3.574809298281345,26,32.0,1046.7754409042443,32.71173252825764,18,20,4,6,1,1,1,0,0,1,0,0.5009889351504259,19.889810529585255,10,3.3004307012448812
4,47.0,3,246,9,0.3828831472841835,7.504918084097161,9,38.0,111.1987713239583,2.9262834558936395,13,86,3,6,0,0,0,0,0,0,1,0.08168615373584318,1.525976891736594,9,6.21738890176802
90,151.0,6,34,9,0.7190756205108118,9.50776336226473,34,22.0,2402.2848351492385,109.19476523405628,13,111,3,9,1,0,0,0,1,0,1,0.5518760742363227,32.96647168094357,12,5.094563043857816
89,109.0,15,299,6,0.5475178840599945,9.25369101522832,22,0.0,2573.3822894565524,160.83639309103452,14,52,3,5,0,0,0,0,0,1,0,0.5607972427848205,38.03093121363522,8,7.6228374915820964
94,199.0,27,76,15,0.9437781113683692,6.25083593629682,48,29.0,1208.910296649668,41.68656195343683,18,23,1,9,1,0,0,0,1,0,0,0.7447696540864243,22.970539628686375,10,3.8869410142405947
75,44.0,10,259,17,0.2508903165341047,5.1634927293128055,7,16.0,632.24026114678,39.51501632167375,1,105,1,3,1,1,0,0,1,0,0,0.40840195001685686,0.6674008638547088,4,5.176936745417926
7,156.0,9,417,5,0.1005627320834443,8.364704584954437,27,0.0,2935.17874929064,244.5982291075533,16,35,4,2,1,0,0,1,0,0,0,0.2399066082295896,49.57459252699561,6,8.360709005904072
95,39.0,33,127,19,0.3932614850992152,7.149937263649569,22,17.0,3823.635813380465,224.91975372826263,15,67,1,8,1,0,0,0,0,0,1,0.6250096349475232,60.54417920856229,9,4.847513722005145
74,93.0,32,499,0,0.616712707646776,2.652077027952396,3,37.0,4965.838976914901,134.21186424094327,5,34,1,9,1,0,0,1,0,0,1,0.5882193031261355,26.210014029674127,10,6.326038513976198
39,290.0,48,82,0,0.860798936915495,8.388272922517002,13,0.0,3793.930059880488,140.51592814372177,6,33,1,3,0,1,0,0,0,0,1,0.7424232082617175,24.029525055324584,4,5.0157797478316475
13,279.0,6,291,11,0.3461968866803276,4.859959504552392,52,0.0,3970.225747135349,158.80902988541396,6,46,1,7,1,1,0,0,0,0,0,0.3691930567706965,25.146124878508935,8,5.345811415602849
31,163.0,41,413,1,0.6537867511244616,2.700870939740576,41,13.0,3086.1397823616994,237.39536787397688,3,81,0,0,0,1,0,1,0,0,0,0.5398180839174629,9.773305260512693,0,5.4887120229765
71,111.0,36,457,3,0.350198681023219,3.536176153568432,28,8.0,4929.7540682603885,616.2192585325486,16,45,4,6,1,0,0,1,0,0,0,0.618648087592187,83.26257787583492,10,6.347246393417483
63,224.0,2,369,16,0.6172195829944581,3.407743272235081,0,5.0,3203.3823617217063,640.6764723443413,12,19,1,5,1,0,0,0,0,0,0,0.4915395163842369,40.57837414388255,6,5.401266425696699
56,159.0,29,19,3,0.8848079470306509,5.672862771431141,3,12.0,4302.663899134524,358.55532492787705,4,94,4,0,1,1,1,0,0,0,1,0.5633454192460404,18.167787024193856,4,3.0268121472386165
42,92.0,4,220,10,0.231357642259409,3.10933081610088,31,41.0,4729.465384742369,115.352814262009,1,87,2,3,1,1,0,0,1,0,0,0.28649445792302936,4.992483834583263,5,3.7590742256857106
61,119.0,1,332,3,0.4042416421070391,2.1120983866141856,32,3.0,4649.993917497799,1549.9979724992663,4,15,0,4,1,0,0,1,0,0,0,0.3719850887552751,19.63437097047946,4,4.3827024999203195
42,284.0,19,161,0,0.9932651964297464,2.1132176555238464,48,35.0,1913.262565478949,54.66464472796997,1,78,1,7,1,1,0,0,1,1,0,0.5709733330851343,2.0196643071502853,8,2.669835280667735
56,210.0,26,14,6,0.8685570282494608,6.24948577425187,25,33.0,402.5236709881507,12.19768699964093,8,66,0,3,1,0,1,0,0,0,0,0.5961486408691378,3.399272868224913,3,3.2650234482481792
36,293.0,25,204,17,0.564639857896202,7.612833599644407,16,22.0,867.6497756708417,39.43862616685644,5,39,0,2,1,0,1,0,0,0,1,0.5924957030547093,4.579510712871447,2,5.850504976174909
84,182.0,10,451,8,0.5166275918542753,3.893797079545067,38,44.0,305.5242939290713,6.943733952933439,2,113,2,1,0,1,1,0,0,0,1,0.5832271248420318,0.6450306639030169,3,6.465936615924838
68,215.0,15,292,2,0.284600382304681,1.3118563883261536,22,9.0,535.9307047974088,59.54785608860098,12,18,4,3,1,0,0,1,0,0,0,0.5823032729865028,6.788823249552876,7,3.5817798975698905
7,72.0,22,473,7,0.5172094276935294,2.1450239824330968,31,41.0,931.4097170095512,22.717310170964662,17,70,0,9,1,1,1,0,0,0,1,0.23521750850943401,16.714535114110667,9,5.81199094913238
54,82.0,48,122,18,0.8481814982799472,9.232251043033514,51,18.0,1712.060639771135,95.11447998728526,7,59,3,3,1,0,0,1,0,1,0,0.5943336166938651,12.650910960931997,6,5.838570411296316
1,260.0,21,280,3,0.6851745132777806,5.441892936305077,14,29.0,2722.262836409628,93.87113228998716,11,32,2,9,0,0,1,0,0,1,0,0.39348139782922387,31.610208149356,11,5.5265576905974285
44,133.0,22,172,17,0.2900440281779866,5.0821552865365724,12,39.0,3561.293476181879,91.3152173379969,4,21,3,4,0,0,0,0,1,0,0,0.44591647138230983,15.037386819578883,7,4.264524537055861
45,130.0,36,469,19,0.2014639210535329,1.3424426047908182,59,27.0,1062.5274071714946,39.35286693227758,5,40,2,6,1,1,0,0,1,1,0,0.5326611276921837,5.60808724937345,8,5.3706200999905995
47,284.0,34,114,10,0.2652085369968291,7.557733200852092,1,36.0,3365.8867971483155,93.49685547634208,6,92,3,8,1,1,0,0,0,0,0,0.6830120879810321,21.318437569724065,11,4.921151169564323
13,129.0,30,190,13,0.1697592013928265,5.75261272838871,59,45.0,3524.252781767074,78.31672848371275,11,27,3,1,1,1,0,0,1,0,0,0.36563016004009796,40.92270684249279,4,4.780113979424816
22,173.0,25,53,17,0.0956406960237159,2.818728424778687,18,17.0,2797.5254609622853,164.5603212330756,1,2,0,4,1,0,0,0,0,0,0,0.41552870869641056,2.9531034703725,4,1.9404263366378405
21,295.0,45,291,15,0.419136174442055,1.9906638416295144,23,34.0,4519.053170295566,132.91332853810488,10,97,0,9,1,1,0,0,1,1,0,0.6563453110036961,47.70370023873608,9,3.9111635841414105
86,274.0,28,184,2,0.1132996043982677,4.450490772687987,44,0.0,563.8641214698351,12.257915684126852,11,80,2,8,0,1,0,1,0,0,0,0.793819706863185,6.54744354925074,10,4.0689327610934924
92,170.0,1,171,14,0.1719125577271043,8.534457677755231,23,3.0,893.8360734360732,297.9453578120244,17,39,4,2,1,1,0,0,1,0,0,0.5484081825696733,16.040260438417615,6,5.980655692585031
9,98.0,49,480,3,0.5473246843394861,8.78765103280922,10,5.0,2149.037473703529,429.8074947407059,8,86,0,0,1,0,0,0,0,0,1,0.43469139556096076,18.1484104008732,0,9.203444754881563
26,151.0,45,360,4,0.1645992736995747,6.425617423560728,58,14.0,642.296548818852,45.87832491563229,13,56,0,1,0,1,0,0,0,0,0,0.5320657258545457,8.814213317917838,1,6.82002314063808
9,212.0,4,443,16,0.0638797674309028,7.547827845071284,21,3.0,2835.817757183196,945.272585727732,18,107,1,5,1,0,1,0,0,0,0,0.27356246238233817,53.88345549842415,6,8.212791678046663
15,236.0,7,349,6,0.3173888500278852,2.036402086625833,14,23.0,1998.018328381028,86.87036210352294,16,111,0,4,1,0,0,1,0,0,0,0.3402525011220663,33.74613710149561,4,4.515195031288869
10,231.0,49,149,15,0.2203190986219675,6.293134589210694,9,39.0,1430.133014734233,36.67007730087777,2,13,4,0,1,0,0,0,1,0,0,0.5721766156548764,3.0193332127552606,4,4.6395532665492345
88,50.0,9,480,13,0.5153051879943767,7.002691331384636,40,30.0,858.2491669580099,28.608305565267,5,56,1,0,1,1,1,0,0,0,0,0.4608248204521497,4.5298937020508765,1,8.310964904169271
42,205.0,36,141,15,0.1023670845832093,2.80641558622413,26,45.0,1683.3378093575693,37.40750687461265,18,66,3,3,0,1,0,0,1,0,0,0.5957907516913729,31.98515056532733,6,2.8160334444146704
72,77.0,19,96,6,0.7517707876829781,8.92139259619233,59,23.0,3043.7171606533866,132.33552872406028,3,78,3,3,1,1,0,0,1,0,1,0.4844931466049479,9.638959682818442,6,5.422620145791556
24,273.0,1,185,8,0.9062335194351386,2.754970637689178,8,27.0,2883.168202338164,106.78400749400608,17,56,1,5,1,0,1,0,0,0,0,0.3770051894275497,51.73965364307489,6,3.2311927336742485
80,11.0,10,192,3,0.7434351739561944,3.8212962386180536,51,10.0,826.4837610490667,82.64837610490667,16,102,1,5,1,0,1,0,0,0,0,0.39549360232590053,13.959148380345948,6,3.8344958146998085
49,134.0,36,377,10,0.5328270374013943,6.585011623211127,27,25.0,633.3498555957607,25.333994223830427,6,105,1,9,0,0,1,0,0,1,0,0.5528361217802211,4.011432995236595,10,7.070060921826004
26,119.0,9,138,1,0.8606678217888851,6.745150586176577,0,13.0,143.1170454182739,11.009003493713378,19,28,2,5,1,0,1,0,0,0,0,0.2795505391778684,2.8704473072523577,7,4.755340824150413
91,95.0,45,255,11,0.6949183797815075,7.294462668886306,16,16.0,72.00371303172201,4.500232064482626,7,64,4,0,1,0,1,0,0,0,1,0.7385046975109087,0.5320562492124011,4,6.202341554884034
37,129.0,46,98,11,0.0105511224501898,2.008105417613851,30,41.0,4400.254074241229,107.3232701034446,18,71,4,9,0,0,0,0,1,0,0,0.5605590406832643,83.6093553580989,13,1.986016636662637
68,136.0,42,75,3,0.3940901527745031,8.645179869356998,43,34.0,234.9933914668957,6.911570337261638,14,82,3,8,1,0,1,0,0,0,0,0.6683451813886596,3.4728681949636355,11,5.074092940690523
50,264.0,32,167,17,0.8509518994068,5.795624190549339,9,37.0,3658.793338267499,98.88630643966214,6,64,3,6,1,0,0,1,0,0,0,0.6628215125109534,23.173612798999006,9,4.571158788661443
24,192.0,32,396,6,0.3458588579752693,5.241896146945615,36,22.0,4361.205630262336,198.2366195573789,8,56,3,6,1,1,0,0,0,0,0,0.48553020478486314,36.82995321817211,9,6.588883945216295
19,25.0,6,387,0,0.0352151735255235,9.829878620621589,28,17.0,499.30866432666335,29.37109790156844,15,41,0,6,1,0,1,0,0,0,0,0.13858598268536157,7.906148683824288,6,8.792694821332837
60,71.0,48,158,12,0.7461796385522723,7.663404672469178,17,23.0,2187.144104926758,95.09322195333728,15,119,3,1,1,1,1,0,0,0,0,0.6075392516386305,34.63165717306248,4,5.41486866889992
39,167.0,38,482,5,0.8020382702828686,2.062054239574374,46,36.0,4811.891886039641,133.66366350110113,15,100,1,1,1,0,0,0,1,0,0,0.557787347228341,76.19241447135757,2,5.8606864384244615
74,277.0,17,349,5,0.1605936950433085,7.808852505036167,37,49.0,4172.35191601269,85.15003910229979,16,41,3,5,1,1,1,0,0,0,0,0.6809979530476425,70.47020429864696,8,7.401420240494035
89,44.0,10,442,11,0.5373404968431812,1.8572404057558247,38,9.0,2453.623118970697,272.6247909967441,1,100,1,6,1,1,1,0,0,0,0,0.46496760658251346,2.590075782590436,7,5.357477918308774
18,276.0,27,125,7,0.1919554389957257,1.2472350626168636,48,2.0,3815.229852829849,1907.6149264149244,11,108,2,2,1,1,1,0,0,0,0,0.5149564720993293,44.30145692494818,4,1.8761225413284717
19,73.0,35,223,18,0.7192344190441468,4.632633057429074,5,32.0,4168.554345914003,130.26732330981258,5,4,0,3,1,0,0,0,1,0,0,0.36429753821058164,22.001895026758017,3,4.5507854665902885
36,59.0,21,478,4,0.2715504551774856,9.942203555372968,39,22.0,1746.6545463117093,79.39338846871406,5,57,0,2,1,0,1,0,0,0,1,0.33322329844068976,9.218953811560237,2,9.760680936003117
74,264.0,25,455,17,0.31621512256333,2.573955425753764,11,43.0,4461.843055181105,103.76379198095592,6,30,4,6,0,0,0,0,0,0,1,0.7169340666235076,28.259869790740886,10,5.846095949349828
97,158.0,28,490,4,0.8449708536401014,7.05379909174111,52,0.0,2357.661865189012,181.3586050145394,2,88,2,6,1,0,0,0,1,0,0,0.7218761914414089,4.977555724307623,8,8.436719185149112
55,285.0,47,381,9,0.4763223522069043,2.560564595855074,13,8.0,2643.758744158561,330.4698430198202,6,84,1,3,0,1,0,0,0,0,1,0.7959305015205635,16.744712206158276,4,5.097917568468619
69,151.0,15,303,0,0.6697544512182478,7.523082774625474,43,1.0,4998.541112730937,4998.541112730937,14,46,2,6,1,0,0,0,1,0,1,0.5221296302041644,73.87133035214256,8,6.797613531601314
47,210.0,4,262,9,0.4023730507224676,5.548183014140435,54,17.0,4218.081801099284,248.1224588881932,11,56,0,4,1,1,1,0,0,0,0,0.425091126954481,48.97926898918131,4,5.399342008072221
49,44.0,29,152,4,0.2980068571937554,7.119745390804386,9,12.0,1815.2323288071705,151.26936073393085,4,31,1,0,1,0,0,0,0,1,0,0.4196779755785967,7.664729368202276,1,5.0829187875865625
99,225.0,9,259,11,0.6254780604246614,2.825858583228112,53,4.0,61.62452639877274,15.406131599693184,9,88,2,9,0,1,0,0,1,1,0,0.6808545491775306,0.5854647072098902,11,4.008119672375579
98,74.0,27,375,6,0.1548575740788212,7.710654992684518,19,13.0,3134.6086282315346,241.12374063319496,3,7,0,3,0,0,0,1,0,0,0,0.6355132100473716,9.926798251665588,3,7.612842526402379
33,17.0,26,445,8,0.372999835566863,9.96057153660436,14,31.0,3522.527996379258,113.62993536707285,16,90,1,6,1,1,1,0,0,0,0,0.30957386299001205,59.494805939038365,7,9.439203603973523
21,85.0,19,472,11,0.2090370373859222,6.990854505633638,30,41.0,3257.5054238154644,79.45135180037718,11,77,1,1,0,1,0,0,1,1,0,0.2864592963971846,37.825305887902395,2,8.22488617065249
81,183.0,28,311,0,0.6957949669407455,5.441319982655899,6,7.0,4839.633132304433,691.3761617577762,4,54,0,1,1,0,0,1,0,0,1,0.682313338835078,20.435113242432262,1,5.836892456257809
22,56.0,17,34,10,0.9442088383461076,9.308565897573382,57,23.0,4316.2254263874,187.6619750603217,1,8,1,0,1,1,0,0,1,0,0,0.24915781251184976,4.556262476764101,1,4.994964311512142
48,24.0,43,286,14,0.9955109680158664,1.1426665800868867,40,24.0,2249.670148971436,93.73625620714316,16,55,0,1,0,1,0,1,0,0,0,0.4812849676203714,37.996486920041114,1,3.4370647529692953
37,156.0,41,481,1,0.4502768104415907,7.56931167357239,9,0.0,323.6588624871809,64.7317724974362,19,69,3,9,0,0,1,0,0,0,0,0.5570370967886495,6.491509851810178,12,8.604295115343309
15,35.0,42,386,19,0.2525303896364445,8.998718651324316,9,5.0,2385.5332598149644,477.1066519629929,16,44,3,7,0,0,0,0,0,0,0,0.352865974605105,40.2911881749973,10,8.367094796604041
35,102.0,20,387,6,0.4428293703843241,1.555071252588617,47,17.0,3449.327659610495,202.90162703591147,11,13,1,7,1,1,0,1,0,0,1,0.36620425812972396,40.052695807809215,8,4.655291137316352
92,241.0,45,398,11,0.8472694099627238,5.050577533741824,38,30.0,3042.471943052753,101.41573143509176,8,93,1,7,1,0,0,0,1,0,0,0.889033395865694,25.693376747175705,8,6.513264718774719
71,30.0,40,79,17,0.2060056785520398,2.84247508554999,27,9.0,2695.303967877316,299.47821865303507,1,20,0,0,1,0,1,0,0,0,0,0.5618669805005209,2.8451971616763694,0,2.2128207091076604
32,47.0,39,122,2,0.9520956516529238,6.098663490290471,29,6.0,2349.406600496054,391.5677667493424,9,78,1,0,1,1,0,1,0,0,1,0.41522563013246244,22.32057149738678,1,4.2717766349247945
11,285.0,49,372,6,0.341865768798151,6.845886627432945,36,25.0,1475.8717464066578,59.03486985626631,12,32,4,9,0,1,0,0,1,0,0,0.6303976217019696,18.69538792174867,13,7.150398223536111
10,166.0,23,121,10,0.9858036594503048,3.723608646358795,54,19.0,1393.9603410059,73.36633373715263,8,60,3,3,1,1,0,0,1,0,0,0.3477755508811409,11.771858174031191,6,3.0742291728787965
73,188.0,47,373,17,0.8386088875339622,5.139835027102907,2,16.0,2506.155079839752,156.63469248998447,17,50,1,5,1,0,0,0,1,0,1,0.7713333595321173,44.973996210691034,6,6.307392463451253
78,141.0,32,312,11,0.8085705341473903,3.514055367489036,49,21.0,811.4097006839486,38.63855717542612,10,27,1,7,1,1,0,1,0,1,0,0.6525414544048085,8.56534403858276,8,4.883280188754537
77,37.0,47,480,5,0.3179046737732836,4.324520480096024,42,2.0,1710.0202636382598,855.0101318191299,7,25,2,1,1,1,0,1,0,0,1,0.6359899589713254,12.635834031888605,3,6.971879478524965
57,269.0,33,461,4,0.0087772119479294,2.4358596101958123,14,10.0,1626.6565808033968,162.66565808033968,19,52,1,2,1,0,0,1,0,0,1,0.7022435121814004,32.62526827985541,3,5.837168282051814
25,85.0,46,100,0,0.3821329088259878,8.970034992270683,20,16.0,2939.7926799051625,183.73704249407265,6,68,4,5,1,0,0,0,0,0,0,0.4679270350077804,18.61969534079028,9,5.4870215041513735
2,76.0,5,27,11,0.3018093696626936,1.0900936950322275,51,37.0,342.7446788114927,9.26336969760791,19,21,3,9,0,1,0,1,0,0,0,0.11494723358077395,6.8743072321971175,12,0.8155879296804425
64,203.0,43,158,10,0.0373969904087972,8.941682677994097,36,15.0,4150.046714522825,276.6697809681883,18,18,2,3,1,0,0,1,0,0,1,0.7255300944741939,78.85515805518176,5,6.054007671662379
35,171.0,48,485,3,0.5053652565059297,6.145109905147646,55,13.0,2816.2681181181665,216.6360090860128,15,39,0,1,0,1,0,1,0,0,0,0.6068635987890646,44.593326866022984,1,7.932274391451578
7,266.0,34,236,17,0.4030313112827366,3.984920597593157,11,13.0,3357.425137071917,258.2634720824552,2,15,0,6,1,0,0,0,0,0,0,0.5033357256959741,7.088281384500765,6,4.357189757714414
85,81.0,40,223,3,0.6345564677415247,7.507514129142968,3,32.0,3518.4385797595696,109.95120561748656,14,53,3,3,1,0,0,1,0,0,0,0.6696032056280504,51.997519433653416,6,5.988226002447235
18,96.0,11,369,16,0.6211863221940832,5.569769366763979,46,45.0,1464.5058428442571,32.544574285427935,10,38,0,7,1,0,0,0,1,0,0,0.23639528173689664,15.459510010666829,7,6.482279472961148
67,271.0,3,160,1,0.1207466358966801,5.491977922968458,8,47.0,2357.154121250484,50.152215345754975,16,48,4,7,0,1,0,1,0,0,0,0.5609807721608964,39.81187009907389,11,4.349195374309881
42,223.0,33,201,1,0.9769655461266226,1.991280546270698,38,46.0,4781.66731978964,103.94928956064436,7,52,1,6,1,0,0,0,1,0,0,0.5954836054214936,35.33312202980356,7,3.009668329247573
39,162.0,11,460,11,0.1869314294414469,4.505644233508678,41,8.0,3835.8591376041054,479.4823922005133,8,88,3,9,1,1,0,0,1,0,0,0.3874645023713347,32.39345368380606,12,6.862040553628088
41,219.0,16,49,5,0.4452740247647045,3.16957911271063,27,43.0,4848.088807363695,112.74625133403944,10,72,2,8,1,1,0,0,1,0,0,0.48334819080160696,51.17704228784788,10,2.075771520283171
75,70.0,18,251,9,0.4881175434337349,1.141263150366517,22,18.0,3733.809182279979,207.43384345999883,15,28,1,3,1,0,0,0,0,1,0,0.4834684983753307,59.121847188337505,4,3.0856616353034987
24,277.0,30,147,15,0.8130627972141201,4.24089667703902,44,36.0,886.2446971455018,24.61790825404172,8,85,0,6,0,1,0,0,0,0,1,0.5585695877621344,7.48424942617497,6,3.593394230303077
60,271.0,48,354,13,0.0992295960946467,1.8083991648304427,39,26.0,332.03406038493443,12.77054078403594,13,16,0,9,0,0,0,0,0,0,1,0.8082081479597008,4.55649192328546,9,4.451293770791975
46,227.0,10,189,6,0.4286442792085317,3.3114703395266667,43,10.0,2892.5305692311217,289.2530569231122,12,118,2,9,1,0,0,1,0,0,1,0.4748422729789189,36.64070485728513,11,3.549522744913634
19,292.0,18,209,18,0.6285021702362039,1.8326495906478504,21,31.0,1795.4882657160215,57.91897631342005,8,16,4,0,1,1,0,0,1,0,0,0.47994834702909234,15.162722062733902,4,3.0105131720774323
68,145.0,38,212,16,0.2151556216240555,1.9084746300075897,23,33.0,1384.5349715894697,41.955605199680896,15,35,2,3,0,1,0,0,0,0,0,0.6528854858047405,21.922990978140422,5,3.0784858119977825
90,102.0,19,70,8,0.6274678987660728,2.7911016497366945,50,29.0,4037.982872162833,139.2407886952701,12,17,3,1,1,1,0,0,0,0,1,0.5823040313723544,51.150553156304035,4,2.09695363047957
42,118.0,36,201,12,0.9236648375496528,9.998643200377602,57,5.0,1841.296402738917,368.2592805477835,11,73,2,8,1,1,0,1,0,0,1,0.5084997817917073,21.380655011256046,10,7.013349656301026
32,250.0,13,14,4,0.997518131172675,1.019657285715239,25,13.0,1591.8348389741766,122.44883376724437,19,99,0,4,1,1,0,0,0,0,1,0.459720886428961,31.926861079124038,4,0.650109203979864
39,151.0,46,387,4,0.0324510767906757,6.748053725083647,29,1.0,4251.438089913362,4251.438089913362,14,52,4,2,1,1,0,1,0,0,0,0.5907134273593901,62.83020996101932,6,7.251782373563867
36,246.0,3,246,9,0.2355882282446775,2.271193282239016,32,23.0,4232.973809067436,184.04233952467115,18,93,4,3,1,1,1,0,0,0,0,0.4106446348682373,80.4308581851318,7,3.6005265008389467
97,186.0,10,190,9,0.3103071157916974,9.28565323039698,15,40.0,1788.2695223977323,44.70673805994331,13,103,2,5,0,1,0,0,0,0,0,0.6397657552937056,24.540360787132453,7,6.546634230428951
36,150.0,38,320,6,0.3991261004449661,1.842696040002663,21,3.0,4164.168517919971,1388.0561726399903,4,82,3,9,1,0,1,0,0,0,0,0.5286092789198379,17.582997078075437,12,4.127760845652634
3,198.0,1,46,14,0.2422571575847674,9.59556868413613,48,3.0,4255.384666759976,1418.4615555866585,17,12,0,0,1,0,0,1,0,0,1,0.2169058684586635,76.36464934569538,0,5.25870618575544
73,58.0,27,65,6,0.2034879945553125,6.498337487351302,56,7.0,2125.413369798034,303.63048139971926,19,83,1,6,0,1,0,0,1,0,1,0.5184495973315849,42.62865451354501,7,3.9004713488860716
8,199.0,46,452,14,0.9545538424175,1.0114126922394122,49,36.0,341.70091974376606,9.491692215104614,9,48,4,7,1,0,0,0,0,0,0,0.5136214372239216,3.2463345460309823,11,5.034764462352171
97,145.0,8,246,2,0.918521602770518,9.046064781251255,42,35.0,17.907375887037105,0.511639311058203,7,22,2,6,1,1,0,1,0,1,0,0.5863837335887025,0.13232277679202478,8,6.987962250345067
70,151.0,46,367,18,0.0469925010031174,5.695406212302265,17,15.0,2621.229389816085,174.74862598773902,1,49,3,6,1,1,0,0,1,0,1,0.7159659526119153,2.7670030946011925,9,6.52505781556997
41,99.0,42,358,9,0.3388130216048481,3.3640276179743607,6,40.0,1726.936711918075,43.17341779795187,7,52,3,8,1,0,0,0,1,0,0,0.5221305264783526,12.760834558150197,11,5.269188157684575
68,254.0,17,206,14,0.4051485536784066,7.905512597640671,49,0.0,4985.688151850246,1661.8960506167489,7,79,0,3,0,1,1,0,0,0,0,0.6336786057282952,36.84069093280633,3,6.016884555333362
13,201.0,9,82,2,0.2390145346659433,9.33998998498183,25,29.0,3864.330888140148,133.252789246212,7,1,4,6,0,0,0,1,0,0,0,0.3092995341442546,28.554657968175377,10,5.491638279064062
49,115.0,6,68,5,0.6288728969881755,5.353217408321145,7,30.0,3808.764527188559,126.95881757295196,8,66,0,8,1,0,0,0,1,0,0,0.3500991072419644,32.164642359904065,8,3.3579714296114744
60,242.0,43,249,11,0.640380746644241,3.839981269987998,5,39.0,4776.6614137538445,122.47849778856012,16,64,1,4,1,0,0,0,0,0,0,0.7484989130951865,80.67687301275896,5,4.414980614953919
2,274.0,25,11,14,0.8505042283285971,8.10050611541434,29,18.0,4439.744745487671,246.65248586042617,3,8,1,1,1,0,0,0,0,0,0,0.43605842053047017,14.05995312474241,2,4.160473498588933
60,46.0,39,458,5,0.7408692683852178,7.136069480096092,38,11.0,1597.7555224873795,145.25050204430724,13,86,1,4,0,0,1,0,0,0,0,0.5273535987821703,21.925943757572444,5,8.157213096761474
5,50.0,49,369,12,0.5425733269659556,8.99877235375245,22,43.0,838.2762358033431,19.49479618147309,10,25,3,3,1,1,0,0,1,0,0,0.3703692442822878,8.848950601615355,6,8.196780966455384
44,26.0,28,197,18,0.6535867700444199,7.232626114850737,31,49.0,3732.002402676757,76.16331434034197,18,66,4,7,1,1,0,1,0,1,0,0.37529330572808833,70.91188595433223,11,5.590260953216951
27,286.0,33,316,2,0.2739887815430181,3.1917550500958267,21,38.0,1897.586729477536,49.93649288098779,7,115,0,4,1,0,0,0,0,0,0,0.59808824715657,14.021816866530825,4,4.762210190378575
32,68.0,37,39,7,0.5930561899673576,9.384933247831173,41,40.0,2371.131531638473,59.27828829096181,5,73,0,8,1,1,0,0,1,0,1,0.4240509662869911,12.51498306718295,8,5.083248187041839
21,192.0,9,276,7,0.4892272547499192,1.9435217248539216,42,1.0,3155.6846790613863,3155.6846790613863,7,73,1,8,1,1,0,0,1,0,0,0.33259266613303884,23.31826628577805,9,3.7372919245512093
8,151.0,18,485,19,0.1333444673163704,3.411484750961631,56,29.0,4540.284657906851,156.56153992782245,17,77,4,2,1,1,1,0,0,1,0,0.2940323306782934,81.47729828962457,6,6.565461814358571
72,48.0,21,117,14,0.2425442765829707,5.68175146951497,44,10.0,2101.24789081812,210.12478908181205,4,70,4,9,0,1,0,0,0,0,0,0.4676410545975764,8.87241603349474,13,4.013220424136243
50,201.0,2,341,3,0.291693450721586,6.091678234638112,8,28.0,3918.751282194613,139.9554029355219,16,94,2,5,1,1,0,0,0,0,0,0.4159373407820613,66.1869394074858,7,6.4626727846537255
67,276.0,43,432,18,0.924309567052558,1.1377952796421489,30,31.0,1349.015558460541,43.51663091808196,19,79,4,5,0,0,0,1,0,1,0,0.8108954537525966,27.056721761600617,9,4.8975549544503325
44,156.0,38,99,2,0.2303866393858894,8.02515453238846,6,19.0,3492.879236708832,183.83574930046484,10,51,4,3,1,1,0,0,0,1,0,0.5669525781327023,36.871277632514676,7,5.004561234130101
58,136.0,40,214,12,0.2892439028196681,4.2544658658285055,8,3.0,17.881311178780226,5.960437059593409,3,53,0,9,1,1,0,1,0,1,0,0.6156962430254356,0.05662721876930044,9,4.2715215100685615
3,55.0,36,388,7,0.3693541300894323,4.65776686901924,12,0.0,4358.820995318268,121.078360981063,3,15,4,2,0,1,0,0,0,0,0,0.2877133218748126,13.803680703852322,6,6.216658985611824
86,54.0,43,465,15,0.663742738625387,8.284325899932512,57,43.0,161.59410397276787,3.758002417971346,17,50,4,0,1,1,1,0,0,0,0,0.6649206556038855,2.899873466811149,4,8.801481587240804
70,10.0,37,456,12,0.1182383924721405,4.413550525547901,2,15.0,3566.641236265295,237.77608241768635,10,71,0,6,0,0,0,0,0,0,1,0.5193923398892343,37.64991868479978,6,6.775913539327057
2,177.0,15,457,2,0.953945212493776,1.4250238884527937,34,33.0,240.8283644138066,7.2978292246608065,17,75,4,4,0,1,0,1,0,1,0,0.2775095160188328,4.321765255351242,8,5.2916702608596635
87,117.0,28,454,15,0.8655712200947645,2.587957934233153,32,41.0,1338.5660399760773,32.64795219453847,17,104,0,9,1,1,0,1,0,0,1,0.640335027291549,24.02112482739621,9,5.843077163509362
44,28.0,18,390,8,0.5772160730089502,9.603128551493642,20,0.0,2491.0399937472,57.93116264528371,4,38,2,6,1,0,1,0,0,0,1,0.3160755048953807,10.51829404668388,8,8.709379907009346
2,81.0,34,447,13,0.6740378674249567,1.6336482616226276,30,45.0,2105.4940398877084,46.78875644194908,6,40,3,0,1,0,0,0,0,0,0,0.29751497639696395,13.335517784139656,3,5.295782046642977
81,118.0,22,229,12,0.0166604712442159,4.194380808712146,51,26.0,967.2622118590428,37.202392763809335,12,66,0,7,1,1,0,0,0,0,1,0.5803612536531791,12.252651571372255,7,4.391779582712786
35,277.0,11,387,6,0.3389447753484487,5.528612503462101,33,16.0,1675.7364094290945,104.7335255893184,17,115,0,2,1,1,1,0,0,0,0,0.4866875015943339,30.071787469991694,2,6.6420617627530945
98,249.0,13,103,14,0.795660230661442,5.43952744604704,31,36.0,3641.2547866042255,101.14596629456182,17,112,4,6,1,0,0,0,0,0,0,0.7253842086140223,65.34383298633308,10,3.751827851280033
87,99.0,4,466,6,0.0774829737923858,1.0356394871092849,56,33.0,3349.5928919724447,101.5028149082559,10,39,0,2,1,0,0,0,0,0,0,0.4753360511124487,35.358728746713055,2,5.187158420909352
30,112.0,22,112,5,0.2823138342107202,5.510464583117413,34,20.0,368.3547729819393,18.417738649096968,7,74,1,2,1,1,0,1,0,0,1,0.36828058070294095,2.7218798953591827,3,3.8774767805366626
8,259.0,7,232,1,0.5852968283343113,4.453952121796683,14,13.0,3739.105969608703,287.6235361237464,16,108,1,9,1,1,0,0,0,0,0,0.3350465959161611,63.15276536510981,10,4.551625359495536
22,17.0,43,195,8,0.2564130276989418,9.748714019271016,55,33.0,274.6989471731715,8.324210520399136,13,17,2,8,0,1,0,0,0,0,0,0.36921105119862885,3.7696841483024177,10,6.828264825266771
44,162.0,24,478,16,0.9339779741445192,2.4324317559444686,31,0.0,2719.202681607924,543.8405363215849,3,7,0,1,1,0,1,0,0,0,1,0.4872583593080487,8.611274843883352,1,6.005795036288868
58,183.0,4,193,4,0.1310586308042903,4.187387770835455,5,37.0,1307.7131127305313,35.34359764136571,2,118,4,3,1,0,1,0,0,0,0,0.442445270395581,2.760877200472578,7,4.02756162088867
36,167.0,28,171,11,0.7973943579077786,4.775333365808377,44,14.0,2942.5737365234963,210.18383832310687,16,104,4,5,1,0,0,0,1,0,1,0.4844416453112105,49.699492408782966,9,4.101093536611604
69,224.0,15,256,0,0.5079486919064082,4.51624183390854,20,27.0,1314.0286957451003,48.66772947204076,6,39,3,2,0,1,0,1,0,0,0,0.595373777361355,8.32263246012949,5,4.823251177475312
77,186.0,1,40,9,0.750330775819956,6.9924774488667625,32,0.0,4924.940268432897,214.12783775795205,6,68,2,9,0,0,0,0,0,0,0,0.5038556336692983,31.192977653365922,11,3.897040327639794
93,184.0,3,61,10,0.3107153283114474,2.9396157179299194,31,14.0,1555.543636800384,111.110259771456,13,35,4,9,1,1,0,0,0,0,1,0.5787403073117359,21.346671510693728,13,2.0810303038547393
31,155.0,14,354,15,0.5144896023120388,2.9896439753259263,51,40.0,1217.383572015735,30.434589300393373,7,51,3,6,0,1,0,0,1,0,0,0.36648520561564035,8.995599114369677,9,5.041916176039717
47,170.0,38,85,13,0.8568353497231763,7.562898536507678,18,4.0,1399.5418016675765,349.8854504168941,5,47,4,6,1,1,0,0,0,0,0,0.5931206129963894,7.386870663215064,10,4.633152675067466
55,136.0,1,394,7,0.4668780991231044,5.502614668103616,32,39.0,4483.399557723884,114.95896301856112,7,36,3,4,0,1,0,1,0,0,0,0.3647995207001418,33.1291353176771,7,6.699203125634975
80,91.0,38,448,16,0.3597198619102696,4.736401084515794,27,19.0,3184.7319550600305,167.617471318949,2,64,1,2,1,0,0,0,1,0,0,0.6471897322829,6.723687144179856,3,6.857178498169721
62,156.0,38,287,17,0.5361553862527361,2.5228274650952662,30,47.0,3656.113646129674,77.78965204531222,17,95,1,1,1,1,0,1,0,1,0,0.639679850859975,65.6104814062048,2,4.1371652355536455
30,248.0,21,49,11,0.7173627530363669,2.6877450062095,20,4.0,4590.872445370808,1147.718111342702,13,89,4,3,1,1,0,0,1,0,0,0.49861298122167685,63.000383737484164,7,1.8348544670326057
55,93.0,48,110,16,0.4435633454985027,1.0949647313431048,53,30.0,4560.243699376588,152.00812331255293,16,105,2,3,1,0,0,0,1,1,0,0.609410810031928,77.02162032722178,5,1.6496867744891877
16,122.0,29,120,13,0.938876975142273,1.822836419755383,33,19.0,3697.3397744278495,194.5968302330448,2,13,0,7,0,0,1,0,0,0,0,0.36460551181048073,7.805917816564499,7,2.11382301949693
12,234.0,5,394,15,0.294945824042342,6.01154825221217,14,31.0,997.1438999182012,32.165932255425844,5,18,2,7,1,0,0,1,0,0,1,0.31387970207845983,5.262988938617755,9,6.953669917689251
17,252.0,49,330,13,0.4754636061691204,9.02685817007569,13,31.0,4218.432870168277,136.07847968284764,18,21,2,4,0,0,0,0,0,0,1,0.6215296780514172,80.15456538313721,6,7.8200423114907505
16,152.0,10,258,8,0.7569276593414415,3.584482886175017,18,9.0,1026.842410613408,114.09360117926757,7,112,0,5,1,1,0,0,0,0,1,0.2783793156463964,7.587635394337165,5,4.377411783768871
12,50.0,28,200,3,0.6891210904957582,3.949725033065153,42,13.0,3717.065082351176,285.9280832577828,11,65,1,7,1,0,0,1,0,0,0,0.2700806439936875,43.161593137270295,8,3.978870532564641
8,267.0,21,499,10,0.8636410524171562,2.0404504955036096,14,14.0,3431.159302058923,245.08280728992307,11,100,1,0,1,0,0,0,0,0,0,0.42878763748328963,39.84172956448549,1,6.020225247751805
84,294.0,7,191,5,0.9968091806811088,4.497678510463925,5,46.0,3796.855362200829,82.54033396088758,17,114,0,4,1,0,0,0,0,0,0,0.6772343598430555,68.13615009135057,4,4.162666910542583
3,114.0,3,435,14,0.4268583287950895,1.3349953411239626,51,10.0,2668.1015467619404,266.81015467619403,16,8,3,3,0,0,0,1,0,1,0,0.14486982996299766,45.06371103747473,6,5.026215105431721
16,211.0,45,414,4,0.1111508797833118,9.258406266357104,8,48.0,3197.243649423606,66.60924269632513,13,116,2,3,1,1,0,0,1,1,0,0.5518623543468264,43.875663986053524,5,8.777499726364926
30,275.0,47,344,10,0.0304158808079679,7.058002133120758,36,31.0,4767.067201366934,153.7763613344172,5,48,4,1,1,0,0,1,0,1,0,0.684886955694409,25.160883953158415,5,6.975894854135529
23,219.0,20,218,17,0.7268769061397716,9.91673928453897,19,37.0,514.4320849293324,13.90356986295493,16,85,1,9,1,1,0,0,1,0,0,0.43511071399270157,8.688656866075988,10,7.142738379744435
92,60.0,19,31,12,0.8740136713087157,8.945408464106443,33,23.0,1551.1479011602837,67.44121309392538,16,43,4,0,1,1,0,0,0,0,1,0.5482443712257377,26.198583363180095,4,4.7833254745381915
5,127.0,35,175,10,0.2207125859444186,5.256915343283374,37,27.0,3060.6714953609285,113.35820353188625,16,116,0,5,0,1,0,0,0,1,0,0.36191248365161405,51.694140357952,5,4.381964685669743
84,210.0,4,108,13,0.1584480371899059,5.6771652803533925,25,6.0,4820.630109356132,803.4383515593553,14,53,4,6,1,0,0,0,0,0,0,0.5745860764494305,71.2420586892351,10,3.9207469688340106
65,48.0,5,217,17,0.0622050915256909,2.7151844186547445,17,26.0,486.9164938363797,18.72755745524537,6,117,4,4,0,1,1,0,0,0,0,0.3413990426412787,3.0839714764959734,8,3.531940906722162
30,37.0,1,17,18,0.8227029217172064,5.158354085556001,27,2.0,122.52061543513128,61.26030771756564,2,85,2,7,1,0,0,0,1,0,1,0.16445831601111105,0.25866864104193293,9,2.7495177241407256
21,268.0,4,199,14,0.3113819398925843,9.127250861435304,54,45.0,288.1904963669368,6.404233252598595,14,27,0,8,1,1,1,0,0,0,1,0.3782346018370863,4.259045765823209,8,6.557613406669556
84,93.0,12,184,8,0.4016968927597765,1.45768081272239,50,13.0,271.5043754413821,20.88495195702939,16,19,4,1,0,0,1,0,0,1,0,0.5061743639383391,4.58565557039953,5,2.572527781110694
70,164.0,27,282,7,0.5027501916096123,8.772011226984787,8,0.0,4540.001130309248,238.94742791101305,13,23,1,3,1,0,0,1,0,0,0,0.61268290026054,62.302278440888436,4,7.2116569160976045
22,126.0,42,26,19,0.8394532342095508,4.068530214783488,31,1.0,3609.076960589786,3609.076960589786,15,115,0,8,1,0,1,0,0,0,1,0.4724531507140203,57.14681338499612,8,2.2947861494759123
82,11.0,23,99,0,0.6508332215614849,9.09561488586679,58,40.0,3388.760767319429,84.71901918298572,12,50,1,4,1,0,0,1,0,0,0,0.4831662471414025,42.926627786790725,5,5.539791410869267
72,102.0,25,150,3,0.6150646298578113,9.467919157073364,52,0.0,2617.6383731064293,81.80119915957592,9,51,3,2,1,1,0,1,0,0,0,0.5463114525226327,24.868911345055785,5,6.236965590560731
32,175.0,21,154,13,0.1756720999559107,7.037783983017153,55,22.0,3911.943558691038,177.8156163041381,18,43,4,5,0,1,1,0,0,0,0,0.43344964214529436,74.33095308157294,9,5.061978163853266
33,267.0,24,175,1,0.5131898917098298,6.979814079334101,58,48.0,786.6834838803381,16.389239247507046,14,99,0,2,1,0,0,0,1,1,0,0.5481650854321661,11.626063327215254,2,5.243414053695107
16,90.0,25,346,15,0.7153810171786552,5.07478903937866,5,29.0,1965.7865370443023,67.7857426567001,4,104,1,4,0,0,0,0,1,0,1,0.3080086924807422,8.300437119253559,5,6.004328387424801
76,277.0,45,87,2,0.9732608830304916,8.519862020893367,13,2.0,2455.121211314074,1227.560605657037,8,116,4,2,1,0,0,0,1,0,1,0.8605073325570219,20.733257503430377,6,5.131674497420631
38,244.0,46,438,7,0.2014063092133522,9.654514825899549,27,40.0,560.9433934068641,14.0235848351716,8,51,2,5,1,1,0,0,1,0,0,0.6799840601082837,4.7371118650910296,7,9.216034968059994
98,222.0,32,271,5,0.0095433530672266,7.975736203052073,57,38.0,2103.373409594209,55.35193183142657,16,106,1,9,1,0,0,0,1,1,0,0.8146204382229227,35.52556372859771,10,6.703298963249484
14,71.0,32,172,15,0.0753014335984697,6.597430603810383,23,48.0,1589.3438785204755,33.111330802509904,10,112,1,4,1,1,1,0,0,0,0,0.32372148210657525,16.777316198793947,5,5.022162195692767
36,151.0,5,375,15,0.3758524651819792,6.461136062392031,12,11.0,187.55490750937847,17.05044613721623,17,69,3,8,0,0,1,0,0,1,0,0.3275718070749127,3.3657508936608385,11,6.988083061256136
97,151.0,36,23,6,0.8205446477459871,8.64522911425296,42,17.0,692.3096596188839,40.72409762464023,1,116,2,2,1,0,0,0,0,0,0,0.7638323719069061,0.7308108851633763,4,4.553075478970167
23,232.0,46,248,12,0.007142081768245,5.870833891941685,11,43.0,3822.543747605684,88.896366223388,18,41,3,5,1,1,0,0,1,0,0,0.6073378657229589,72.63226467679685,8,5.420386885850602
66,288.0,42,81,12,0.4567305928858403,8.234738976239404,50,8.0,100.00916842817584,12.50114605352198,10,72,2,7,0,0,1,0,0,0,0,0.8127727345118649,1.055709506403293,9,4.928992734612688
85,293.0,49,454,4,0.3292306153413945,5.579967296568212,18,22.0,4671.923962490842,212.3601801132201,4,11,1,6,0,0,0,0,0,0,0,0.9374142765447113,19.726969508549036,7,7.339081844676891
2,151.0,42,152,19,0.0524817100997275,1.5619984747653173,20,4.0,441.2589159117147,110.31472897792868,1,80,3,5,1,0,0,0,1,0,1,0.4167286819460732,0.4657985259099164,8,2.3040453295670273
91,116.0,39,319,17,0.4502362866726173,4.455523080137397,26,11.0,3998.198090075256,363.4725536432051,4,103,4,1,0,1,0,1,0,0,1,0.7228402377470701,16.8821950967718,5,5.42415432563984
73,155.0,16,292,14,0.2547487073367188,4.999968619043488,57,8.0,4494.09653930792,561.76206741349,4,111,2,6,1,1,0,0,0,0,0,0.5484270732717937,18.97610194668849,8,5.425836012928558
65,108.0,33,278,17,0.3518848343470064,2.274555204879555,18,9.0,4706.266568403731,522.9185076004146,4,88,1,7,1,0,1,0,0,1,0,0.5730282829661711,19.871979475561957,8,3.9228487447243463
75,82.0,49,250,1,0.705615304784293,1.9224669627029152,23,26.0,4338.710347244904,166.87347489403476,17,85,0,0,1,1,0,1,0,0,0,0.6853045505219418,77.85996337016591,0,3.4662435013915376
67,131.0,21,424,9,0.5215509839109671,5.819184546912587,25,2.0,1444.8746967329616,722.4373483664808,9,52,2,8,1,1,0,1,0,0,1,0.5307166263688003,13.727053021126162,10,7.15808926744427
52,39.0,9,254,12,0.1246474289928133,1.7662927290047392,44,16.0,1672.1047853790003,104.50654908618752,19,23,2,3,1,0,0,1,0,1,0,0.30433348569994534,33.536806636884954,5,3.4282365448630907
62,197.0,6,172,17,0.961414540423639,3.726506511010756,27,31.0,2138.463036064279,68.98267858271868,13,49,4,7,1,1,0,0,0,0,1,0.4848986072588557,29.346054259539173,11,3.586700149292953
23,297.0,45,69,14,0.6359107657097384,7.701372783667684,45,6.0,705.0904801414331,117.51508002357218,4,38,2,9,1,0,1,0,0,0,0,0.6664328080477149,2.9772099276852293,11,4.542069157364904
26,151.0,35,15,11,0.7658684256625315,9.679889616111828,55,21.0,121.13955078544708,5.768550037402242,5,47,2,6,0,1,0,1,0,1,0,0.4708412360586274,0.6393822555252381,8,4.990245409258319
68,165.0,39,206,14,0.0792131500083708,7.460835224967357,17,26.0,4346.916855262363,167.1891098177832,13,72,4,9,0,1,0,0,1,0,1,0.6790748244164393,59.652589614553555,13,5.794545868996705
82,181.0,22,479,12,0.0470583794600188,9.933629936075832,43,19.0,2775.102293890177,146.05801546790406,16,7,4,6,0,0,0,1,0,0,0,0.6476123600347203,46.8709326386288,10,9.766414166434709
55,50.0,41,67,17,0.0194480503680811,7.285041741514624,35,28.0,3047.5274814693,108.84026719533212,5,66,3,1,1,0,0,1,0,0,0,0.523409854465755,16.085043920363237,4,4.313863556128053
6,72.0,5,314,14,0.1887940277734444,3.644150235888948,41,8.0,4635.672489340799,579.4590611675999,8,94,1,0,1,0,0,0,0,0,1,0.12709547181596872,39.14779888673105,1,4.968367703114815
35,32.0,42,416,10,0.4144083977184951,7.048472864548257,28,14.0,3328.9496887869423,237.7821206276388,16,77,1,3,1,0,0,0,0,0,1,0.4306640219683698,56.2253063478214,4,7.692573105620822
22,84.0,23,226,18,0.9358261334028228,7.319410886772134,16,24.0,3457.358986655669,144.0566244439862,1,62,3,1,1,0,1,0,0,0,1,0.31398615187435064,3.6496321353602332,4,5.9242345015022995
43,57.0,17,427,2,0.4570596592657763,4.345542861548145,3,48.0,3936.973555699344,82.020282410403,6,87,1,7,1,1,0,0,1,1,0,0.33500964184194004,24.935516260362427,8,6.4513285450025295
15,169.0,12,35,6,0.2902551053725294,1.1594246554845011,43,0.0,590.5787647884449,13.42224465428284,11,29,2,9,1,1,0,0,0,0,1,0.30364066575246695,6.857647040494373,11,0.9304137305478618
86,127.0,23,312,13,0.5619352535196633,7.3287980629793825,44,37.0,1807.20914453682,48.84349039288702,16,38,3,6,1,1,0,1,0,0,0,0.6157158231692393,30.52340746645336,9,6.790651536499711
60,109.0,16,14,13,0.1119345781347892,1.1953008574798747,58,26.0,4841.357559239797,186.20605997076143,5,101,3,7,1,1,1,0,0,0,0,0.4497479745926951,25.552993188107266,10,0.7379309898621819
12,176.0,3,483,12,0.6095058910049832,6.68069270254064,28,31.0,4615.421089722026,148.8845512813557,16,84,1,5,1,1,0,1,0,0,0,0.2434408241861658,77.95355561182386,6,8.180025709987754
49,299.0,30,29,11,0.5684319543305033,2.472548398682996,3,32.0,4421.535728587822,138.17299151836943,7,33,0,0,1,0,0,1,0,0,1,0.681653267367553,32.67200560163663,0,1.5268553616661473
42,165.0,22,399,8,0.7919930334057097,6.090431749732391,9,41.0,2265.921666591473,55.26638211198714,19,29,1,8,1,0,0,0,0,0,0,0.4699426867128731,45.446779084231835,9,7.043211866850164
38,151.0,9,207,0,0.986687611617024,5.5352172284254,24,2.0,4287.39283839816,2143.69641919908,1,114,0,5,1,1,1,0,0,0,1,0.36014241107408806,4.525826430036735,5,4.841756910805886
82,205.0,29,68,18,0.2508734717161105,1.1216227807556431,30,25.0,251.4954509093704,10.059818036374814,9,79,3,9,1,1,0,0,1,0,1,0.7145497704503916,2.389336180508256,12,1.2421741158287234
45,65.0,47,457,10,0.5096564508037607,4.2657923529559305,2,44.0,751.101947043016,17.070498796432183,18,23,0,0,1,0,0,0,1,1,0,0.5347906751633459,14.271709892413078,0,6.712054493111232
35,202.0,37,251,18,0.9088654063190036,6.409820506566724,46,2.0,2075.69881543543,1037.849407717715,13,106,2,0,1,1,0,0,0,0,0,0.5706203389433202,28.484743031302195,2,5.719940313403603
30,56.0,23,155,17,0.7851898844228413,8.637458967089017,1,42.0,2422.1264127438108,57.669676493900255,15,3,4,7,1,0,0,0,0,1,0,0.31821573871263314,38.352411881325175,11,5.8718356959693585
88,157.0,13,397,11,0.4874063031008075,8.997779024528654,56,1.0,1324.9006960690756,1324.9006960690756,3,101,0,5,0,0,1,0,0,0,0,0.5926724759022896,4.195746095674167,5,8.476845424087974
30,284.0,32,282,0,0.9453716496147778,5.354649730299009,24,36.0,1788.8185875304594,49.68940520917943,10,93,4,7,0,1,0,0,1,1,0,0.6020803213349797,18.882996606886824,11,5.502976167754715
78,166.0,46,258,18,0.0572366935168093,7.555802385694943,48,12.0,822.2527441165902,68.52106200971585,9,45,2,7,1,0,0,0,1,0,0,0.763339352159228,7.811824126186476,9,6.363071533528833
6,211.0,47,23,19,0.930998619712584,3.848091188801119,5,9.0,2450.7788182623767,272.30875758470853,13,8,4,7,1,1,0,0,1,0,0,0.5237032119019696,33.631952933459615,11,2.154506516244247
67,135.0,48,471,16,0.0505073923828065,4.079677651827917,25,36.0,3971.278031410628,110.31327865029522,16,86,2,9,1,0,0,1,0,0,1,0.7000361267442012,67.07410588406952,11,6.75927770366947
80,73.0,23,22,4,0.5473047441146843,2.750171672640824,7,41.0,3310.188364369916,80.73630156999795,3,117,4,6,1,0,0,0,1,0,0,0.5372927969201261,10.482830861934293,10,1.595526718083939
7,185.0,45,400,2,0.8904409480010858,6.057532989939154,34,28.0,547.883314354051,19.56726122693039,15,29,4,6,1,0,0,1,0,0,0,0.48941176146145093,8.67528896281213,10,7.036782527033706
52,125.0,17,393,1,0.2627209435613028,3.831077358346287,26,38.0,2443.032200949613,64.2903210776214,17,2,1,9,1,0,1,0,0,0,1,0.4396007029547403,43.84122987118959,10,5.85341443067615
14,213.0,40,53,2,0.4722484989451585,1.7593380679465451,24,33.0,3491.2554500708275,105.795619699116,14,105,0,3,1,1,0,1,0,0,1,0.5151759903312698,51.59579142783031,3,1.4107311582217696
73,40.0,21,384,7,0.3243288791369666,7.165054779968608,17,42.0,2654.1775298041666,63.1947030905754,7,113,4,8,0,1,1,0,0,0,1,0.46365470278513754,19.612484992673824,12,7.430222780765867
15,151.0,2,408,15,0.9521439170763514,7.369778868448583,53,46.0,1964.461226712389,42.70567884157368,16,50,3,1,0,0,0,0,1,0,1,0.22435597528765228,33.17936424583502,4,7.773065786929703
21,76.0,37,28,5,0.8236455947530908,4.239931769011521,0,22.0,3113.352962206552,141.51604373666146,8,109,1,8,1,1,0,0,1,0,1,0.38763327769538947,26.29195999245455,9,2.400527006750249
35,151.0,6,72,12,0.7090015113263796,1.6905105951042052,47,25.0,4843.506939848375,193.740277593935,4,65,0,9,1,1,1,0,0,0,0,0.32965385201410047,20.4514702045564,9,1.5666981833236457
66,54.0,44,248,15,0.5876269866151087,4.836679456630833,38,18.0,483.5904697327292,26.866137207373843,15,108,1,2,1,1,0,0,0,0,0,0.5902350237753965,7.657263790812248,3,4.903309668195176
91,269.0,18,428,15,0.8205917893241481,4.981019122451939,2,6.0,1956.180143130328,326.0300238550546,5,20,0,1,1,0,1,0,0,0,0,0.7477805148612602,10.324843240863403,1,6.7790867155345875
2,163.0,30,346,2,0.3922670415235471,7.018037964081037,54,18.0,2038.9632067000173,113.27573370555652,13,52,2,3,0,1,0,0,0,1,0,0.3552994279702354,27.980621543567384,5,6.9759528497759895
35,164.0,22,428,12,0.4475518551060619,3.838747521328152,3,0.0,2889.066879237171,180.5666799523232,6,85,4,4,1,0,0,1,0,0,1,0.4406565139484394,18.298414537279292,8,6.2079509149726935
82,243.0,33,412,13,0.7300017210808615,7.143393518031749,40,15.0,769.3512633907703,51.29008422605136,5,37,3,1,1,1,0,1,0,0,0,0.7771666566697623,4.060684911645529,4,7.699953272041927
78,60.0,30,413,7,0.3577547632937142,8.843396875816495,36,48.0,891.448719053643,18.57184831361756,17,72,1,0,0,1,0,1,0,0,0,0.5590256534355913,15.99741837017822,1,8.55997499101446
20,271.0,17,109,11,0.0639009420483738,3.1373743812597983,50,8.0,1433.9533161292948,179.24416451616185,7,27,1,9,0,0,0,0,1,1,0,0.45679606797619215,10.595895555959926,10,2.660871559367374
82,134.0,43,172,7,0.0743346088860714,9.810276005079098,14,13.0,4779.791515909913,367.6762704546087,6,47,1,4,0,1,0,1,0,0,0,0.7290265979706974,30.27365243375182,5,6.6285848963271246
10,254.0,32,425,8,0.1153628013057038,4.477313234231263,7,43.0,3673.201820342204,85.42329814749311,2,99,1,8,1,0,0,0,0,0,1,0.49117190607873834,7.754957153669591,9,6.497173651183768
25,39.0,42,131,0,0.8696813233436628,3.405328166323556,37,7.0,3311.849575440601,473.12136792008585,11,6,4,4,1,1,0,1,0,0,1,0.3972833929355668,38.45633604472456,8,3.01528933366278
66,131.0,14,441,5,0.4722264257562043,4.793600642592615,49,17.0,4086.618860097368,240.3893447116099,7,60,0,9,1,1,1,0,0,0,1,0.48381907947125335,30.19720804823145,9,6.815637996647009
25,134.0,10,53,18,0.7128823693447365,1.8495772831347328,18,32.0,646.6065798942977,20.206455621696804,8,45,4,8,1,1,1,0,0,0,0,0.2966827513411364,5.460529061693602,12,1.4558507658158635
54,46.0,47,369,10,0.3929093356048933,2.131353158609041,55,22.0,4298.070770421521,195.36685320097823,5,44,2,9,0,0,0,0,1,1,0,0.5520907663764807,22.68549095469611,11,4.763071368883678
33,179.0,36,417,10,0.2587109474156345,4.729906422714983,46,13.0,2978.215242298645,229.09348017681884,18,83,4,5,1,1,1,0,0,1,0,0.5333401588059974,56.58915424541529,9,6.543309924784345
36,133.0,34,326,12,0.3471921675622119,7.862000697451901,25,47.0,1683.291747220088,35.81471802595932,16,18,4,2,0,0,0,0,0,0,1,0.48706262681417956,28.430466966503413,6,7.197533414858215
95,44.0,9,390,10,0.7941823453171836,9.10281015617042,38,23.0,4081.117726170995,177.43990113786936,14,65,2,3,1,1,0,1,0,0,1,0.48308758184534584,60.31311715894863,5,8.459220709347736
14,96.0,42,154,17,0.6252161250314382,6.983361916446438,9,29.0,4014.797026399634,138.44127677240118,12,25,4,3,0,0,0,0,1,1,0,0.41002958394262745,50.856849870844286,7,5.034767130567909
65,143.0,28,336,14,0.937639779957902,1.946975997143528,37,22.0,4230.0858227664685,192.2766283075668,17,27,0,0,1,0,0,1,0,0,1,0.5775330949243993,75.91065105841795,0,4.340221465505632
80,205.0,11,372,0,0.679704778576834,7.048177859624816,13,1.0,586.434321533841,586.434321533841,5,7,3,2,0,0,0,1,0,0,0,0.5962648807369304,3.0952376559808465,5,7.251543839632047
54,283.0,14,59,6,0.5701816317546939,6.718851286326747,48,29.0,4847.112612528922,167.14181422513525,14,44,2,2,1,0,0,0,0,0,1,0.5878425921904182,71.63343243135483,4,3.9506080078928325
52,210.0,39,74,12,0.6101960089858345,8.251875264639981,40,48.0,4798.534507410758,99.9694689043908,6,106,1,0,1,0,1,0,0,0,1,0.6595788614422154,30.392364475558804,1,4.867420598251854
3,294.0,47,364,11,0.9423714394684146,8.427237999869629,18,5.0,1793.7735310536902,358.75470621073805,15,29,0,8,0,1,1,0,0,0,0,0.5948595917540016,28.40295243172623,8,7.860913589113171
99,86.0,19,297,17,0.7882009298667061,8.81382768201081,29,35.0,338.81115087747907,9.680318596499404,7,95,3,0,1,0,0,1,0,0,1,0.6026141560303051,2.5035735316564867,3,7.382865744813021
41,68.0,15,173,18,0.0240412373664378,4.727183631211885,4,10.0,843.6077906492407,84.36077906492406,14,44,0,8,1,0,0,0,1,1,0,0.3257207250996071,12.467323642086379,8,4.097058749473678
6,135.0,28,150,14,0.5341396961356972,7.280779558169298,54,19.0,4964.225818969038,261.2750431036336,18,107,0,0,0,0,1,0,0,1,0,0.3311225006877181,94.32539884588441,0,5.143395791108698
25,118.0,24,463,7,0.6883384115465648,3.4142532303007966,30,37.0,2819.434586426599,76.20093476828646,1,36,1,1,1,1,0,0,1,0,0,0.3663435253497365,2.976231021969201,2,6.346405172264626
13,233.0,8,323,18,0.748698478439155,9.994026519851538,6,7.0,1789.5427761419996,255.64896802028565,6,19,3,1,1,0,1,0,0,0,0,0.3352841085760341,11.334384740406598,4,8.233486205817552
98,287.0,43,137,9,0.2131421193139366,2.57800817239174,18,46.0,1448.1314423116935,31.481118311123776,3,6,0,5,1,0,0,0,1,1,0,0.9471847683027808,4.585997926583856,5,2.661749577177834
8,77.0,9,407,6,0.8671773544513522,1.0910298849475222,30,35.0,1292.3887592016283,36.92539312004652,5,25,1,6,0,1,0,0,0,1,0,0.1646827982231709,6.821310088373473,7,4.623671255099012
21,78.0,47,430,17,0.9558431471751636,2.339278430663584,51,45.0,3324.122297621865,73.86938439159701,12,31,2,0,1,1,0,0,1,0,0,0.4508644564545185,42.10782949445511,2,5.47825644980073
98,174.0,33,377,15,0.2367153058448697,7.98285060589714,57,13.0,2102.745279283233,161.74963686794098,11,9,1,2,1,0,0,0,0,1,0,0.7725823520854578,24.416531377581137,3,7.768980413169011
68,171.0,33,472,19,0.8826154575172458,5.021053088573903,38,10.0,4827.399389849372,482.7399389849372,13,84,4,1,1,1,0,0,0,1,0,0.6483601974285204,66.24623481344464,5,7.239985462122622
25,51.0,19,248,5,0.0969787625160953,5.027502230293854,23,2.0,3422.3767229203536,1711.1883614601768,16,74,1,7,1,0,0,0,1,0,1,0.2685072001842188,57.80327060273736,8,4.998721055026687
79,118.0,3,333,8,0.0557068361152451,9.595206276505015,33,6.0,3962.302509334316,660.3837515557194,18,37,1,8,1,0,0,0,0,0,1,0.45595391496012616,75.2878249641405,9,8.134276484945895
68,60.0,10,305,12,0.1292238001027493,9.276714172252667,56,8.0,1470.780327429968,183.847540928746,17,27,1,1,1,1,0,1,0,0,0,0.3961726334397142,26.393765256068612,2,7.694469310575231
45,259.0,40,196,7,0.0577410794670359,3.800752640236083,22,36.0,405.14018145204295,11.253893929223416,17,13,0,1,1,0,0,0,0,0,0,0.6865823617376412,7.270409214495986,1,3.8643041758294645
60,30.0,47,217,15,0.8450122371557759,2.8815231590277954,47,25.0,2444.235958535586,97.76943834142344,11,41,3,9,1,1,1,0,0,0,0,0.5602796789132192,28.3818323425933,12,3.6151102769086876
12,148.0,42,229,12,0.0590501444582719,8.636339889403658,44,44.0,1579.761917265674,35.90367993785623,10,66,1,8,1,0,0,0,1,1,0,0.45412268890529756,16.67616779664573,9,6.6127591230585425
32,151.0,1,409,12,0.2716641913636555,9.15417163939927,39,47.0,1018.3949933895392,21.667978582756152,16,114,1,3,1,1,0,1,0,0,0,0.28692039499492916,17.200491398017967,4,8.675282212485206
96,289.0,29,199,16,0.1037563435358563,5.874372305186382,5,40.0,4763.684232696298,119.09210581740744,2,85,4,4,1,1,0,0,1,0,0,0.8553963634708976,10.05721137172081,8,4.931174128545095
92,134.0,34,397,19,0.2954220363137649,6.664813400053904,37,7.0,2225.5011895667312,317.92874136667587,17,97,4,8,1,1,1,0,0,0,0,0.7143285975584113,39.93754531457904,12,7.3103626118506
13,120.0,13,438,4,0.0905594676009204,3.3122285622306404,40,46.0,881.7958743234403,19.16947552877044,10,24,2,5,1,1,1,0,0,0,1,0.25251842705258853,9.30834944297156,7,6.04489183622554
31,148.0,1,355,16,0.668003250743014,8.207224191806722,35,23.0,1001.2667568788844,43.53333725560366,13,117,2,9,1,1,1,0,0,1,0,0.27986995750970906,13.740349063839203,11,7.660726324360275
78,151.0,34,293,8,0.1333268163425751,6.689101856041208,26,19.0,1410.741614898324,74.24955867885916,12,44,4,8,1,1,0,0,0,0,0,0.6748197971800457,17.87036157585689,12,6.280422671507578
20,108.0,29,361,1,0.8518459258388879,5.5316216016819695,10,46.0,4996.588178266667,108.62148213623188,15,106,3,8,1,0,0,0,0,0,0,0.36672030522962196,79.11693081170009,11,6.38304526977886
18,261.0,48,246,17,0.817191050726641,1.5409770047055624,4,0.0,1347.377387592791,61.244426708763214,7,98,2,6,1,0,0,0,1,0,1,0.6284777334466776,9.956160994091992,8,3.2354183620722203
93,113.0,47,203,8,0.0136616854706094,9.243414662600385,56,13.0,1650.7210048464838,126.9785388343449,13,60,3,9,1,1,0,0,1,0,0,0.7768906042197967,22.652787239540498,12,6.655775467572738
60,223.0,13,296,5,0.8957263555151146,6.539062783459654,16,21.0,3300.047358640167,157.14511231619844,12,9,4,8,1,0,0,1,0,0,0,0.5457618985569296,41.802863751631506,12,6.235463255457282
63,258.0,48,268,10,0.028944316743367,2.734219852236712,51,1.0,1476.8672682873885,1476.8672682873885,12,2,2,4,1,0,0,1,0,0,0,0.8072858818200433,18.707998548512247,6,4.052480667601322
6,161.0,49,255,5,0.2396457849575566,6.457475052847475,6,19.0,1086.86321278787,57.20332698883527,2,119,1,4,0,1,0,0,1,0,0,0.48578088578088574,2.294613271830618,5,5.78384774686462
32,259.0,29,145,5,0.032389137775995,7.097170188159761,26,33.0,801.5995613814974,24.29089579943932,5,56,4,7,1,0,0,0,0,0,0,0.5667101704368784,4.230893479965878,11,5.001490905703127
93,284.0,39,289,12,0.335843487039316,5.73193303014903,46,4.0,1570.286498488683,392.5716246221708,2,30,2,9,1,1,1,0,0,0,0,0.899482918737577,3.3152288140898016,11,5.761758098240848
43,174.0,24,280,10,0.5138665257132716,7.462915641604202,56,42.0,538.5192912475799,12.82188788684714,13,22,3,3,1,0,0,0,1,0,0,0.49525808904690893,7.390081602647365,6,6.537069043246991
2,17.0,26,180,13,0.7966448690151381,6.233085531357618,14,3.0,103.04646620976663,34.348822069922214,3,110,3,8,1,0,0,1,0,1,0,0.1843213377374868,0.32633148246916366,11,4.9201499801076665
60,293.0,17,168,1,0.3379815504698361,9.529926238289336,45,27.0,4025.16206970004,149.080076655557,11,75,2,6,1,1,0,0,0,0,0,0.6404858081876716,46.739135235715054,8,6.448329852611602
23,151.0,7,210,7,0.7054900246731167,1.4832737073937614,12,41.0,698.095762648737,17.026725918261878,16,119,3,6,1,0,0,0,1,0,1,0.2872914525088438,11.790700306241051,9,2.845845270530548
83,154.0,13,496,2,0.1875044571189803,1.9562113762260445,10,35.0,3882.124480578059,110.91784230223026,1,107,2,2,0,1,0,0,1,0,1,0.5694604222554533,4.098019995167315,4,5.948045567872541
31,110.0,5,54,2,0.7505984567441264,2.5630447325890584,59,28.0,3989.736970143432,142.49060607655116,19,81,2,3,1,1,0,0,0,0,0,0.26623266312707305,80.02072505844998,5,1.8226045306231864
5,173.0,26,459,0,0.2359966059092375,7.21153963543899,44,6.0,2694.218436382924,449.03640606382055,11,100,3,6,1,1,0,0,1,0,1,0.3529642889891337,31.284563869012704,9,8.204968214513082
83,156.0,49,273,18,0.1435447559437679,6.810362854748278,25,0.0,1555.3129719816277,259.2188286636046,9,13,0,4,1,0,0,0,0,0,0,0.7918752744839701,14.776273457561246,4,6.140652369257907
34,73.0,3,80,17,0.1854088503740543,9.028529741887246,21,44.0,733.7133414119434,16.675303213907803,14,71,1,2,1,1,1,0,0,1,0,0.2289852314697035,10.843239938383507,3,5.315868077356448
10,100.0,7,373,16,0.1820631288818553,7.595897075955086,27,23.0,3686.657482537785,160.2894557625124,9,16,4,0,1,0,0,0,0,0,0,0.18359563142171836,35.02514290544098,4,7.535423487877342
89,126.0,49,380,19,0.5128628793769912,5.57519938808133,23,33.0,3010.921060049112,91.24003212270036,7,97,1,6,1,1,0,0,0,0,0,0.7860173642782339,22.248566059066814,7,6.595214924501587
2,276.0,39,112,12,0.8447975811881461,9.926486132172672,28,16.0,3280.712747902885,205.0445467439303,16,45,4,5,1,1,0,0,0,0,0,0.5237793952079666,55.41059389133001,9,6.085487555064292
11,182.0,1,499,2,0.0796050769925056,3.3949716055236925,8,24.0,53.258758327203886,2.219114930300162,3,65,4,9,1,0,0,0,1,1,0,0.2331755890762102,0.16866186875349737,13,6.697485802761847
50,56.0,49,134,0,0.7069563184934227,8.498724938069085,41,5.0,4638.309908382044,927.6619816764088,19,11,1,6,0,1,0,0,1,0,1,0.5582074929901018,93.02892012482232,7,5.592047839776026
31,149.0,17,322,3,0.6543464596528576,4.8411133497452745,3,41.0,340.7880353582857,8.311903301421601,4,70,2,1,1,0,0,0,0,0,1,0.3788324856647838,1.438960744302655,3,5.64700958068426
56,255.0,43,473,12,0.8725199518293624,6.838616249881608,48,42.0,1840.361366848628,43.8181277821102,7,20,3,3,0,1,0,0,1,0,0,0.7453807751944398,13.598962120321524,6,8.158787082856636
79,158.0,25,492,16,0.2441475605069072,7.545416234071906,45,13.0,2019.531131761984,155.3485485970757,12,99,0,1,1,1,0,1,0,0,1,0.6307815717753606,25.582113093677485,1,8.702567836474831
73,255.0,3,295,10,0.4501098586850296,6.703786784713027,55,47.0,16.76406724476474,0.3566822818035051,18,108,0,7,1,1,0,1,0,0,0,0.5691696846976351,0.3185345282036459,7,6.307805216003809
87,14.0,15,467,1,0.9258273744435174,2.2645657279773395,17,12.0,2490.4756536604773,207.53963780503972,5,63,0,6,0,0,0,0,1,1,0,0.45739870895150403,13.144888935475763,6,5.81164158142354
83,193.0,29,239,15,0.6599934501353172,4.986559096731394,42,5.0,3766.5168826099393,753.3033765219878,10,101,1,0,1,1,0,0,1,0,0,0.7065500407115314,39.759831438409826,1,4.888069127524014
9,29.0,43,155,1,0.3887684128615969,6.052945401398119,15,37.0,4118.110579042713,111.30028592007332,12,105,1,1,0,0,0,0,0,0,0,0.32872593245264053,52.16555907876768,2,4.5795789131239095
99,55.0,32,379,18,0.1314123828552684,8.64139383260737,32,31.0,4398.190996596363,141.87712892246333,8,90,2,1,1,1,1,0,0,0,0,0.6511023138352331,37.14229100439964,3,8.118292106684446
21,21.0,26,206,18,0.262485007900591,4.992811739187151,28,0.0,2443.7171528936938,87.2756126033462,19,12,0,3,1,0,0,0,1,0,0,0.265102392431585,49.01275945649481,3,4.560534126106601
73,79.0,16,382,15,0.5812154774893833,9.268725743238264,38,28.0,3156.874590742956,112.74552109796272,15,62,2,2,1,0,0,1,0,0,1,0.4721728926697871,49.98655475818458,4,8.462018182240374
28,26.0,25,230,18,0.7181679475605137,4.963368007226896,59,30.0,406.8033693495288,13.56011231165096,1,94,0,0,1,0,0,0,0,0,0,0.2922794941428482,0.42942681257030924,0,4.786293222050322
62,156.0,28,432,8,0.1244218868518934,5.939018733367105,9,18.0,2445.3107391659323,135.85059662032958,3,92,1,1,0,1,0,0,1,0,1,0.5784553610640567,7.743903386122651,2,7.298166681312811
7,163.0,9,69,0,0.599597260044054,8.166571146485209,8,44.0,782.5306168099589,17.784786745680886,18,91,3,8,0,1,0,1,0,0,0,0.24693001960082706,14.868886958700955,11,4.774668338773667
80,117.0,1,107,9,0.550351278838751,6.247609159799293,58,27.0,1854.519156936382,68.68589470134748,18,42,3,0,1,0,0,1,0,0,1,0.4467460765597412,35.237772318279895,3,4.195948868476801
16,245.0,29,180,18,0.513955446690708,9.641962651445422,30,35.0,1653.2335111943505,47.23524317698144,2,83,3,8,1,1,1,0,0,0,0,0.48801688304793894,3.4903486580349434,11,6.624588540151569
97,79.0,22,391,0,0.690123117682008,6.943022474627148,27,26.0,2123.4674804351257,81.67182617058175,5,69,3,6,1,0,0,0,0,0,0,0.6058772835170351,11.207796449400496,9,7.389346908656259
4,192.0,16,182,1,0.8374495950834618,5.70438508660841,59,39.0,2862.4667236909213,73.39658265874156,1,58,4,1,1,0,0,0,0,0,1,0.30676294030331297,3.021656293576597,5,4.675839837893383
4,259.0,41,160,15,0.3229896831768684,1.2123277100271628,56,0.0,4515.354468844349,92.15009120090508,10,5,0,1,1,1,1,0,0,0,0,0.5270482450606674,47.664656275619826,1,2.2093702678392324
40,237.0,44,462,11,0.8890121901109594,4.723596078222968,2,18.0,1978.478310424052,109.91546169022509,10,105,3,4,1,0,1,0,0,0,0,0.6687965588586707,20.885068772744066,7,6.991056556145552
17,111.0,41,359,7,0.1606336126185507,3.693235773341444,53,33.0,4905.844666600638,148.66195959395873,5,27,4,4,1,0,0,0,0,1,0,0.431078514308328,25.893360243204732,8,5.443812275448277
52,84.0,7,399,17,0.1730238697511643,7.732951010987403,54,25.0,3797.549959775502,151.90199839102007,18,28,4,3,1,0,0,0,0,1,0,0.3372390894130025,72.15735698892681,7,7.86447149747767
93,225.0,14,449,1,0.2667720636239239,2.874499076381912,13,31.0,2562.290423474032,82.65452978948491,15,26,4,9,0,1,0,0,1,0,0,0.6872243698330656,40.57179557747766,13,5.93624753418294
52,212.0,29,131,12,0.1195308695470778,2.8469807856466463,57,37.0,3223.691921188601,87.126808680773,8,91,2,9,0,1,0,0,1,0,0,0.6003610606095078,27.22376166427946,11,2.736115643324325
36,201.0,19,117,5,0.2303192246828775,2.705671389136392,24,2.0,520.098613948403,260.0493069742015,17,116,2,2,0,1,1,0,0,0,1,0.4634533168694659,9.33338614240775,4,2.5251803839469535
38,258.0,19,13,5,0.1064117629028446,2.1305405184061232,14,33.0,4224.162441255137,128.00492246227688,12,49,4,3,0,0,0,0,1,0,0,0.5287247604017791,53.50895541975218,7,1.1955307802451458
50,251.0,2,102,8,0.8217524169853904,3.799063033037987,1,39.0,2915.963700769189,74.7683000197228,12,106,3,9,1,1,0,1,0,0,0,0.4661045648623289,36.9375405988678,12,2.921575604695346
63,151.0,41,416,15,0.1389689918866246,8.973299029990827,23,0.0,4930.476726245913,114.66224944757936,1,21,0,3,1,1,0,0,1,0,0,0.6570708794311279,5.204673964203802,3,8.654986188342107
63,228.0,45,15,10,0.7472975575598568,7.974356250753595,13,43.0,3185.779431326717,74.08789375178411,4,1,1,1,1,0,0,0,1,0,1,0.7588182004331073,13.451797205457625,2,4.137478726579202
62,91.0,15,297,6,0.0479138679133337,7.617260946761141,47,32.0,4172.216800498962,130.38177501559255,8,118,2,4,0,1,0,1,0,0,1,0.433646133025015,35.23396111208022,6,6.784582377188187
99,101.0,3,115,9,0.9485203275139152,8.176031250849665,6,18.0,4000.8160865482464,222.26756036379143,1,92,3,4,0,1,1,0,0,0,0,0.519705139580916,4.2233123645794155,7,5.240320234643269
7,184.0,11,155,9,0.7111600875277662,3.424761003966145,35,17.0,1733.8511458266614,101.99124387215656,15,112,3,4,1,1,0,1,0,0,0,0.2802451516737231,27.45412994787616,7,3.2654867144079223
27,248.0,46,280,19,0.0067965485861117,8.98697521677239,49,34.0,1305.457019913726,38.39579470334488,18,58,1,9,0,1,0,0,1,0,0,0.6395529935902606,24.805026719170264,10,7.299098830831085
92,269.0,30,433,17,0.763856500200214,2.2357303762744394,23,39.0,2158.162981323235,55.337512341621405,1,79,1,0,1,0,1,0,0,0,1,0.8252903066567663,2.2781843020591643,1,5.4565425428466385
86,172.0,40,387,19,0.5140819207661853,4.027111540440238,26,7.0,2341.534308600097,334.5049012285853,11,55,3,5,1,0,0,0,1,0,0,0.7649479574945414,27.18928749044935,8,5.891311281242163
14,57.0,18,105,8,0.7793651703351198,6.280733070706086,36,42.0,1208.022662663853,28.76244434913936,2,81,1,1,1,0,0,1,0,0,0,0.22396037364981466,2.5504081855070173,2,4.192470743769876
71,125.0,48,466,14,0.5224968088905885,1.9261457950780057,37,35.0,4474.0433880213495,127.82981108632428,1,26,3,6,1,1,0,1,0,0,1,0.706164298089764,4.72285712503158,9,5.6324115748937125
86,234.0,2,238,3,0.6410248576353547,7.571171689987824,29,30.0,2717.313832880224,90.57712776267412,12,84,1,3,1,1,0,0,1,0,0,0.5945022541295834,34.42117266254102,4,6.170355384072068
5,156.0,32,211,7,0.7863316553950405,4.485214433831275,26,12.0,4892.437516846312,407.70312640385936,16,25,1,4,1,0,0,0,0,0,1,0.3726421266793937,82.63230865243153,5,4.356835673829465
55,72.0,8,221,8,0.4051080545878567,8.0596509904756,38,35.0,4051.9887124508537,115.7711060700244,10,77,3,4,1,1,0,0,0,0,0,0.34344261673454224,42.773308395673375,7,6.244254352953231
2,22.0,22,15,12,0.002708149820452,5.436066570261425,14,11.0,2782.9672533558105,252.9970230323464,18,33,4,4,1,1,0,1,0,0,0,0.1648482642271462,52.87924154150158,8,2.8683338863331174
62,198.0,6,121,8,0.8499464959451885,2.627870719828027,25,44.0,4735.730987940353,107.63024972591712,15,89,3,1,1,0,0,1,0,0,0,0.485901951740461,74.9864682755739,4,2.5263602096134123
91,151.0,12,385,3,0.3808903626246626,7.612856302198099,0,4.0,2529.3253273255823,632.3313318313956,17,72,0,4,1,1,0,0,0,0,1,0.5926511721542778,45.38979594751144,4,7.664143581960773
21,217.0,47,388,16,0.496042726016583,3.269295602550492,55,25.0,4436.661497468165,177.4664598987266,10,69,1,2,1,1,0,0,0,1,0,0.5903293393976623,46.83396325742296,3,5.52242335237745
79,123.0,40,456,15,0.0077666421539687,5.417292711412386,3,48.0,1797.1424581670694,37.44046787848061,3,6,2,3,1,0,0,0,1,1,0,0.6875012496130509,5.691259333319597,5,7.2777846322593
21,31.0,36,332,14,0.492092010350098,1.6797994224121684,28,32.0,1899.425493186429,59.35704666207592,16,23,1,1,1,0,0,0,1,0,0,0.3363603270435569,32.08092348135929,2,4.166553017819311
10,223.0,15,115,2,0.9864874015717296,6.56079988970833,56,20.0,2096.4721080249465,104.82360540124732,6,116,0,3,0,1,0,0,0,0,1,0.35598659449591125,13.278375787760707,3,4.432704554072602
87,180.0,28,148,19,0.2782676608187696,6.992719895946495,0,31.0,2737.6619732567983,88.31167655667092,3,30,2,8,1,1,0,0,1,0,0,0.7035457296326861,8.66973243326682,10,4.979325879836975
58,63.0,49,308,4,0.3954182702423781,4.408067889755052,42,4.0,2771.916448292132,692.979112073033,9,78,2,7,1,1,0,0,1,0,0,0.5975541366845715,26.33463243689856,9,5.290206289566905
39,135.0,45,410,4,0.6871899964686766,9.589805022889664,49,38.0,2487.0306191686504,65.4481741886487,11,54,3,2,0,0,1,0,0,1,0,0.5685374666741126,28.87875281338676,5,8.903118944310563
5,286.0,18,105,19,0.8147936675236587,8.867520293338615,45,47.0,1536.9448581800057,32.70095442936182,13,87,4,0,0,1,0,0,1,0,0,0.4173626235738037,21.091441115147916,4,5.485864355086141
65,213.0,2,397,14,0.4173916240061003,7.371468241659953,21,1.0,4636.760259306247,4636.760259306247,18,11,3,0,0,0,0,1,0,0,0,0.48858353516738606,88.10321624382493,3,7.663690032653624
13,203.0,13,456,17,0.3096688704012925,7.422868670443684,10,3.0,2947.044625772779,982.3482085909264,4,31,2,5,1,0,0,0,1,0,0,0.33579601902583267,12.443751212499935,7,8.280572611774948
85,178.0,45,461,14,0.9378257999850672,3.271615434479361,9,37.0,2044.618688796059,55.25996456205564,8,6,2,2,1,0,0,0,1,0,0,0.7975398652417286,17.26660401766692,4,6.255046194193588
90,161.0,15,346,1,0.6771449666716692,6.9113370797960405,58,22.0,3259.3730341106548,148.1533197323025,13,11,4,3,1,1,0,0,0,0,0,0.6170115598687027,44.72826338262459,7,6.922602407633491
85,44.0,20,306,12,0.119021304493141,2.783856387119677,16,0.0,3842.154121470928,226.0090659688781,10,77,1,0,1,1,0,1,0,0,1,0.5100304802168156,40.558267755386,1,4.458060458088896
53,193.0,29,476,3,0.0689278781346486,2.296029015278399,35,14.0,4804.033160258933,343.14522573278094,2,12,4,7,0,1,0,0,1,0,0,0.5853379194994102,10.142397054334786,11,5.9175535857955115
82,295.0,42,398,9,0.483549850790369,9.995211047823222,55,41.0,2502.7503197152373,61.04269072476188,8,118,3,0,1,0,0,0,1,1,0,0.8844426105295671,21.135480646055406,3,8.985581475815419
45,66.0,29,425,12,0.2200900660472724,6.601383383258567,46,35.0,569.3715666502864,16.26775904715104,6,66,1,4,1,1,1,0,0,1,0,0.4255899380122982,3.606215220278324,5,7.55920872569742
32,231.0,3,223,9,0.2539847533762535,4.878890853914715,25,13.0,2209.4213491683413,169.95548839756472,16,53,3,5,1,1,0,0,1,0,0,0.3794328514825409,37.316692597320134,8,4.673914364833109
36,151.0,19,463,8,0.8776921788278482,3.593480705955562,47,35.0,2400.0631016528223,68.57323147579493,18,99,4,1,1,1,0,0,1,0,0,0.41328609278919837,45.60366864328273,5,6.4360189100920095
81,28.0,3,300,7,0.0895660243163106,6.435283992960047,20,43.0,4486.000450146513,104.3255918638724,17,119,1,6,1,1,1,0,0,0,0,0.37373371969645264,80.50314558305307,7,6.2236540205281194
99,273.0,14,31,2,0.7153641152288897,1.4463415739807752,12,2.0,1980.055834630136,990.027917315068,6,36,4,6,1,0,0,0,0,0,1,0.7596273291925466,12.541032791386062,10,1.0337920294753575
60,291.0,40,202,15,0.271142253380588,1.852128914543156,8,47.0,4767.088081786821,101.42740599546428,13,17,0,0,0,0,0,0,1,0,0,0.7792954457550731,65.4185848194916,0,2.950112553463963
11,122.0,4,477,13,0.7603282214041377,1.295710279663567,10,13.0,2430.8082194945305,186.98524765342543,14,28,2,3,0,0,1,0,0,0,1,0.19134226711866464,35.923889181913324,5,5.427414258068256
63,39.0,11,159,8,0.7224113844635446,5.492528499363956,10,16.0,4869.164699884856,304.32279374280347,10,92,1,3,1,0,0,1,0,0,0,0.36102282810357345,51.39952209085218,4,4.339450622427469
21,144.0,31,377,10,0.007391901444293,6.405459662684643,5,18.0,50.90962244350135,2.828312357972297,11,22,2,4,1,0,0,0,0,0,1,0.41912600856700233,0.5911492970923592,6,6.980284941562762
52,76.0,43,256,2,0.5091354129215991,1.5623178522203878,0,7.0,4495.08872028367,642.1555314690958,13,102,0,0,1,0,0,1,0,0,0,0.5496204968254658,61.68594699194136,0,3.346289186631236
55,74.0,32,276,4,0.1393194823780463,7.491020207490249,53,45.0,4656.29105519732,103.47313455994043,12,7,1,0,1,0,0,1,0,0,0,0.49238808120795696,58.98288097555089,1,6.511041165869373
26,34.0,27,470,9,0.8662270305786768,3.07355564363108,5,36.0,4805.494469468415,133.48595748523374,9,15,2,6,0,1,1,0,0,1,0,0.3044703398740666,45.6546699338545,8,6.246196659490891
68,46.0,30,260,12,0.8715858828624066,7.166813083928795,12,41.0,75.2519055313281,1.8354123300323928,4,96,2,8,1,0,0,0,1,0,1,0.504574790289076,0.31774747572844986,10,6.188616962806081
34,10.0,43,499,3,0.418345807493758,9.83707426031721,21,30.0,866.7871743860419,28.89290581286806,7,11,1,0,1,0,1,0,0,0,0,0.41067248831223985,6.4049409877803845,1,9.918537130158604
52,46.0,2,12,12,0.4443956184510805,7.219952830484661,55,42.0,3272.2848704352486,77.91154453417259,2,24,2,1,1,1,1,0,0,1,0,0.26849975421403993,6.908531087045599,3,3.7302168962042543
82,150.0,49,402,11,0.3032829394045271,8.948737476312477,30,41.0,137.1087317581846,3.3441154087362097,7,67,2,5,1,1,1,0,0,0,0,0.781814803553934,1.013136052044847,7,8.502424850380688
99,241.0,9,325,4,0.716606298960031,9.533786560687606,21,7.0,327.40889092073866,46.77269870296266,9,30,1,5,1,1,1,0,0,1,0,0.6969080608832161,3.11055291882361,6,8.023406306395907
93,145.0,28,85,9,0.3586613630264591,5.38075943517084,36,15.0,1113.1835797302751,74.21223864868502,5,70,2,1,1,0,0,0,0,0,1,0.6926710970189232,5.87545375070936,3,3.5420831243990474
52,197.0,31,96,8,0.2677924745226337,7.320924814777362,46,0.0,2567.074446031982,64.17686115079955,15,66,2,8,1,0,0,0,1,0,0,0.5975557913446112,40.647546703689194,10,4.622386255084072
29,137.0,34,279,19,0.4322310595045082,8.667723282002576,26,19.0,2734.0537707413696,143.8975668811247,18,61,3,3,1,0,0,1,0,0,0,0.46279317645777274,51.94983503889679,6,7.129452823366018
38,210.0,15,234,6,0.0914875183874587,4.209480215869475,49,43.0,180.9630027395867,4.208441924176435,4,78,3,6,1,0,0,1,0,0,0,0.4560744293663548,0.7641073925603943,9,4.449429486692253
42,136.0,48,27,1,0.7466032046442038,3.352575849043554,51,37.0,860.1325813998404,23.24682652432001,19,41,0,5,0,1,0,0,1,0,1,0.6000293702157056,17.251371036506473,5,1.9468290066861056
21,266.0,25,122,6,0.0125964012717869,9.519387155005049,13,2.0,2503.53130993993,1251.765654969965,7,82,3,2,1,0,0,1,0,0,1,0.5047993414453041,18.499316527824238,5,5.982138467282083
42,173.0,36,260,7,0.6444850615205939,7.536731503319362,46,42.0,2973.7636985075924,70.8038975835141,8,51,3,7,1,0,0,0,1,0,0,0.5636837282800016,25.113142370070957,10,6.373576172501364
13,44.0,8,242,6,0.1828645267548724,2.977139200382437,57,48.0,750.5244654662147,15.635926363879472,17,44,0,6,1,1,0,1,0,0,0,0.14565200155262267,13.468473973313234,6,3.913419299590016
64,203.0,9,338,13,0.2324040462144131,5.041750534085021,4,13.0,2000.218645615384,153.8629727396449,13,95,2,8,1,0,1,0,0,1,0,0.5173668291680714,27.44893127224791,10,5.907648814136699
17,200.0,37,288,18,0.6356319986400399,8.168065925840285,57,40.0,4522.963168219592,113.0740792054898,11,13,2,2,0,0,0,1,0,1,0,0.4958863772528368,52.519472141733544,4,6.969804506006315
9,113.0,48,211,4,0.9929434657829072,5.923566918265979,35,41.0,4994.507442360398,121.81725469171704,1,90,3,0,0,0,0,0,1,0,1,0.44361911380544916,5.272265602816836,3,5.0760119160468165
41,32.0,45,92,17,0.7777174890725507,6.849568883493001,31,43.0,4936.200129607395,114.79535185133476,2,108,0,1,1,0,0,0,1,0,0,0.4732737931495695,10.421431323225624,1,4.34662812912125
1,274.0,39,134,19,0.2258396322233919,7.783913818405471,33,43.0,4409.555806331493,102.5478094495696,17,12,2,0,1,0,0,0,1,0,0,0.5177323022043518,79.13131462617383,2,5.234642279944218
2,299.0,32,184,11,0.1760247550411338,6.598082699280825,6,31.0,1979.3538388702293,63.85012383452354,5,82,4,4,1,0,0,0,1,0,0,0.5039991754277469,10.447155481209053,8,5.142728724389912
60,269.0,17,78,16,0.8662328702676704,5.860713897299762,41,16.0,3436.005717453173,214.7503573408233,6,9,1,9,1,0,0,0,1,1,0,0.6164055406291431,21.762548116235024,10,3.7119200749023857
48,84.0,35,56,12,0.4441839479215043,7.746528559489961,47,42.0,2088.7952166431514,49.73321944388456,7,113,1,1,1,1,0,0,0,0,0,0.49250604467995773,15.434711649527571,2,4.434386524233958
29,81.0,37,381,1,0.1370528028281554,7.548067318889807,9,44.0,3246.149863852772,73.77613326938118,15,85,1,2,0,0,0,0,0,0,1,0.42497323242664853,51.40015647075862,3,7.591668929985985
97,268.0,19,265,12,0.8622114233219381,6.66885160164861,49,6.0,1554.0680301377213,259.0113383562869,19,48,3,7,1,1,0,1,0,0,0,0.7771420436016709,31.1693857245198,10,5.98973642206679
10,197.0,44,224,6,0.8160923529142614,4.238104720437367,16,28.0,3034.9492455155564,108.39104448269843,16,49,1,9,1,1,0,0,1,0,1,0.5074506583823354,51.259696610609495,10,4.3635413381745956
58,182.0,29,39,9,0.9839063638971636,4.652308829802444,29,32.0,2623.554897798721,81.98609055621003,13,53,1,4,1,1,0,1,0,0,1,0.5945031504037714,36.00295309540565,5,2.7169359780274744
60,299.0,7,290,5,0.909743686712684,9.733946939956876,20,44.0,132.15652640786777,3.003557418360632,5,56,4,3,1,0,0,0,1,1,0,0.5852813852813853,0.6975305537222967,7,7.772785093224931
21,54.0,28,421,2,0.8517903386605417,2.0114733906237325,59,10.0,3955.607489693108,395.5607489693108,3,40,2,4,1,0,0,0,1,0,0,0.3104576582837452,12.526768783608563,6,5.224173569059361
28,70.0,9,491,2,0.0525743978110031,3.416544255275518,12,18.0,69.37018290332652,3.853899050184807,3,107,4,9,1,0,0,0,0,0,0,0.23846746766001425,0.21968414307305967,13,6.628111806996476
75,92.0,28,246,17,0.104415369498118,5.431615832839022,0,4.0,1472.8481518439758,368.21203796099394,19,24,3,5,1,0,0,0,0,0,0,0.5667665667665668,29.540387723182647,8,5.180737776138949
34,132.0,6,257,10,0.5689831943041228,8.530567175294072,0,9.0,39.56108661547182,4.39567629060798,14,98,1,6,1,0,1,0,0,1,0,0.3065499028231947,0.5846566093090677,7,6.8404338882482385
8,25.0,29,377,19,0.5314792462818209,2.4730809735675505,46,7.0,1887.2450523430389,269.60643604900554,16,72,2,8,1,1,0,0,0,1,0,0.23495786477152938,31.87519822808258,10,5.014095597004216
59,75.0,17,34,4,0.4579632144895355,3.492591563121489,32,8.0,325.17103553905514,40.64637944238189,17,108,1,0,0,1,1,0,0,0,1,0.41771630715730096,5.8353296002317,1,2.0869771442861955
86,154.0,16,83,18,0.3967893254145842,1.5921839601571508,37,43.0,4568.419724487893,106.24231917413704,4,117,1,3,1,0,1,0,0,0,1,0.5999489813154409,19.289927946339798,4,1.6277553067318822
72,171.0,23,215,18,0.4312104848643289,7.3538673944573665,24,7.0,2084.2396828627143,297.7485261232449,13,33,3,8,1,1,1,0,0,0,1,0.6032973237942182,28.601949059518567,11,5.831242314463152
49,243.0,31,499,14,0.5692979341347952,3.143884919280545,25,41.0,2302.883916573406,56.16790040422942,8,23,1,4,1,0,1,0,0,0,0,0.6315884253772452,19.447628501107317,5,6.5719424596402725
79,153.0,3,323,15,0.0020765176000812,4.498072756038554,12,40.0,1755.7526780933658,43.89381695233415,19,77,0,7,1,0,1,0,0,1,0,0.4910709718163135,35.214502453603,7,5.48550932391106
17,197.0,21,103,8,0.2607087741328522,4.99331302326701,58,3.0,3141.2557094668136,1047.085236488938,5,54,2,0,1,1,0,1,0,0,0,0.3949171601345514,16.57974747040012,2,3.528720639890018
60,22.0,26,384,3,0.5182797206887111,9.0218254204581,27,17.0,3924.196501924837,230.8350883485198,2,53,2,3,1,0,0,0,0,0,0,0.42368149448894793,8.284863512392599,5,8.358608101010613
87,193.0,36,136,14,0.7222160986736462,4.701972612981131,32,2.0,3244.2522478144,1622.1261239071998,15,49,0,8,0,0,1,0,0,0,1,0.7655687997302905,51.37010925624771,8,3.7137117573923693
88,120.0,42,434,11,0.1741566923953963,2.3070251792372414,36,15.0,3743.5535207916864,249.5702347194457,2,78,3,0,0,1,0,0,1,0,0,0.7330997504910549,7.903485453871377,3,5.5022099844082
45,299.0,37,34,2,0.546881173787433,5.718834445061089,40,46.0,4530.80858091121,98.49583871546108,11,78,1,0,1,0,0,0,0,0,0,0.7083487940630797,52.61057103375922,1,3.2000985852559953
83,224.0,22,343,13,0.7144596838857817,9.666621951837667,29,29.0,4319.097193040429,148.93438596691135,13,80,1,3,1,0,0,0,0,0,1,0.6947965767841544,59.27082135235836,4,8.270184723413823
69,129.0,42,364,16,0.4446276579139047,6.469170769457299,56,48.0,3373.551679240942,70.28232665085297,10,49,2,2,1,1,1,0,0,0,0,0.6653621740578262,35.611640753469835,4,6.881879973907006
32,64.0,12,125,18,0.027081133670051,9.850484984145153,48,22.0,1081.0434348930987,49.1383379496863,3,102,3,6,1,1,0,1,0,0,1,0.26697636387077384,3.423489612968269,9,6.1777475020926165
44,36.0,42,57,5,0.4492681584656367,8.56996578044983,47,4.0,3192.137226699225,798.0343066748062,5,60,3,2,1,1,1,0,0,0,0,0.4710410362584276,16.8483033552591,5,4.8561251747940535
65,127.0,13,235,3,0.2964448877441531,1.3236918059207152,7,6.0,2535.3546477451496,422.5591079575249,3,103,3,0,1,1,0,1,0,0,0,0.4696428485248361,8.029057872780719,3,3.016555321798033
87,151.0,11,275,6,0.9296496077013284,6.925596358393377,48,38.0,3588.923962741996,94.44536744057883,6,90,1,9,1,0,0,0,1,0,0,0.5703671070130698,22.73108278835278,10,6.218309201240777
8,240.0,16,108,18,0.1246133856783273,3.580901898020953,46,26.0,4166.328925480645,160.24342021079403,13,90,3,1,0,1,0,0,0,0,0,0.371085091581986,57.17438770195672,4,2.872615277667791
77,62.0,8,468,16,0.6524759555072321,6.036551700802515,55,11.0,3716.180270960223,337.834570087293,10,65,0,9,1,1,0,0,1,0,1,0.42229806080737753,39.22847176135281,9,7.707654607916288
72,242.0,40,20,15,0.0527197663345011,3.514106718381039,0,26.0,4234.340238106814,162.85923992718514,19,32,4,3,0,0,0,1,0,0,0,0.7786164146412594,84.92664517312674,7,1.957454160793726
87,167.0,40,94,14,0.4461704378126965,4.139833749447614,11,17.0,328.693202971709,19.33489429245347,8,79,3,0,1,0,0,1,0,0,1,0.7639716391269187,2.7757818169768353,3,3.011800642258877
43,278.0,45,414,7,0.5539794872200806,9.308518405787614,4,24.0,167.78399080494512,6.990999616872713,18,116,4,0,1,1,0,0,1,0,0,0.7281773437052941,3.188068478302509,4,8.802555796080181
1,30.0,2,223,18,0.2979549313168654,2.859788664025348,23,28.0,1299.917832820974,46.42563688646335,3,21,1,7,1,0,0,1,0,0,1,0.04638563644774825,4.116629410746017,8,3.664363269888425
51,62.0,30,182,7,0.4550756355203844,8.866982062232474,5,35.0,4504.323759702055,128.69496456291586,17,18,3,6,1,0,0,0,1,1,0,0.45194143330789294,80.83196500095235,9,6.257138325705415
24,284.0,30,400,17,0.1635537945301873,1.2741202726344714,24,31.0,4120.05966241003,132.90515040032355,8,94,2,7,1,0,0,0,0,0,1,0.5655929991333719,34.79349920345576,9,4.645076168381364
99,290.0,12,218,15,0.3041238494680361,1.817888845326836,0,13.0,3416.809215998605,262.83147815373883,10,60,1,3,1,0,0,0,1,0,0,0.7644392874206538,36.06827281527377,4,3.0933131601383677
24,223.0,10,457,19,0.621106324910203,8.692075372458373,24,35.0,3506.7857505241823,100.1938785864052,2,13,0,5,1,0,0,0,0,0,0,0.3819400061636087,7.403615312343645,5,8.925196002862453
17,40.0,44,391,18,0.3018000558611551,6.675004278182758,0,16.0,3636.085641598481,227.25535259990505,12,24,0,2,0,0,0,0,1,0,0,0.37820840305312353,46.05957919574774,2,7.255337810434065
5,192.0,11,73,9,0.8997430784088717,7.725125242355952,31,0.0,4713.587475418887,314.2391650279258,6,30,4,7,1,0,0,1,0,0,1,0.2801910994457578,29.854337468891096,11,4.59402554702968
20,32.0,15,267,16,0.6284069576409897,2.8847590373966883,41,43.0,4162.633850014712,96.80543837243516,2,2,4,3,1,0,0,0,1,0,0,0.2047518389133296,8.788258509104029,7,4.11773022010115
21,41.0,16,341,12,0.4386490184359845,5.833751100310932,41,18.0,3120.718031264967,173.37322395916485,3,83,2,2,1,1,0,1,0,0,0,0.22394479226777364,9.882808978988791,4,6.333709217490135
58,83.0,17,130,12,0.0387569355541824,7.634973012141743,2,47.0,3331.920021933131,70.89191536027938,17,111,2,3,1,0,0,0,1,0,1,0.4217026589697397,59.79269185940716,5,5.1200917164917135
31,19.0,26,307,6,0.4995483352046712,6.645827233092363,48,37.0,1076.5639076849986,29.09632182932429,7,108,0,5,1,1,0,0,1,0,0,0.3034997438724147,7.9550419088523405,5,6.399065921155399
11,63.0,2,475,9,0.7647762421250892,5.245288902020885,18,48.0,3290.0209375297995,68.54210286520416,5,111,3,6,1,1,1,0,0,0,1,0.11990004474476525,17.364939808046344,9,7.382163489086595
52,61.0,12,63,1,0.2655575980124136,9.638054077939431,59,48.0,2129.148271968108,44.35725566600225,1,25,0,6,1,0,0,1,0,0,0,0.34477441123403857,2.2475560057007815,6,5.4502895640198155
15,157.0,26,340,3,0.8067735696487673,7.085416001081008,42,49.0,773.2797343226612,15.781219067809412,8,50,0,3,0,1,1,0,0,0,0,0.3773148176874885,6.530271409823674,3,6.949521627795013
83,169.0,23,281,5,0.2518067660508815,9.16975720217114,28,41.0,4033.9500680404058,98.389026049766,12,14,2,7,1,0,0,1,0,0,1,0.6457350792754519,51.09946820419707,9,7.400509863610621
7,23.0,18,250,17,0.8237463879508005,7.567934604163131,49,27.0,2556.1330280176967,94.67159363028506,14,6,4,6,1,1,1,0,0,0,0,0.16156383299240443,37.77601165583969,10,6.288977322121646
28,187.0,32,252,5,0.0852683416116774,7.619171757379148,1,35.0,4887.350958030213,139.63859880086324,16,76,2,1,1,0,0,0,0,0,1,0.49667509853845254,82.5463976731654,3,6.334635978889975
51,151.0,49,27,16,0.8661837088690295,1.720164427819114,8,45.0,1415.5799788278796,31.457332862841767,10,84,2,7,0,1,0,0,1,0,0,0.6575656227830141,14.943042365121117,9,1.1306232960738856
58,31.0,38,492,13,0.4991864509333305,4.235181596685492,55,35.0,2408.543860402333,68.81553886863809,15,87,2,8,0,1,0,1,0,0,0,0.49810017449769,38.13734315532506,10,7.047450517781623
5,39.0,47,196,10,0.296537589620262,8.725324660476925,16,28.0,2245.497318797652,80.19633281420185,15,30,0,4,1,1,0,1,0,1,0,0.3470875570254452,35.55563309818374,4,6.326590185949885
5,200.0,3,355,18,0.2651132504151487,3.093434759338804,59,39.0,612.6898169385678,15.709995306117122,10,30,3,3,1,0,0,0,1,0,1,0.23923826346186594,6.467631662021783,6,5.103831608126316
94,269.0,38,153,1,0.4320105589303626,2.039552795408196,45,38.0,2136.31524136559,56.21882214119973,7,38,0,3,1,0,0,1,0,0,1,0.882350706574309,15.785850848490302,3,2.552842529968627
96,151.0,3,271,2,0.999049498103645,3.934954509749141,35,9.0,1444.8917475404153,160.54352750449058,3,58,1,3,0,0,0,1,0,0,0,0.5577511515399715,4.57573833752326,4,4.682908116598018
8,68.0,30,450,10,0.2203273934375825,2.983940964033525,16,12.0,809.9991521210026,67.49992934341688,2,94,2,5,1,1,1,0,0,0,1,0.2842241264601513,1.7100908216967703,7,6.000988518088907
64,273.0,1,373,5,0.1032166488789996,9.327593753138396,48,15.0,1417.956364340335,94.53042428935568,6,41,2,3,1,1,0,1,0,0,0,0.5386213510437113,8.98087667576728,5,8.401271826468998
10,21.0,30,440,13,0.5850351687186619,8.81169977801918,11,21.0,1173.925939419296,55.90123521044267,9,94,1,6,0,1,0,0,0,0,0,0.2451477439055079,11.152900420860695,7,8.814667524280132
38,151.0,45,248,18,0.4885424664402571,5.497149072546137,59,35.0,3673.026919719332,104.9436262776952,10,57,2,6,1,1,0,0,0,1,0,0.5805505743393942,38.77293949511977,8,5.233544476152828
96,299.0,32,313,15,0.5241962710633074,1.552094870354812,19,42.0,163.56813951320888,3.894479512219259,4,36,2,4,0,1,0,0,1,0,0,0.8837971552257267,0.6906584367924612,6,3.9123199802675863
92,257.0,28,307,6,0.6669354175572171,7.431061114838407,49,33.0,3091.1391120869744,93.67088218445376,3,64,2,4,1,0,0,1,0,1,0,0.8010052749183184,9.789137328710744,6,6.791682862028422
81,151.0,21,85,7,0.2671440698706493,6.610705582026381,2,19.0,3805.700096697796,200.30000508935768,9,113,1,9,1,0,0,0,1,0,0,0.6073491725665638,36.156108988550365,10,4.157056197826818
95,84.0,46,197,18,0.9106649953838885,9.734992036556465,42,23.0,2408.8100477801763,104.73087164261636,17,98,0,7,1,1,0,0,0,0,0,0.7497519733544579,43.22709908600995,7,6.841443914069815
8,213.0,13,342,19,0.4356720661222903,6.030579162433392,56,13.0,4658.509250239513,358.34686540303943,14,16,2,6,1,1,0,1,0,0,1,0.32562744363986595,68.84614290687318,8,6.4421432886315255
25,58.0,27,397,15,0.1290861951424617,4.0275435106261845,49,44.0,3542.324669230311,80.50737884614342,10,88,3,6,1,0,0,1,0,1,0,0.32451020339219094,37.39322990930654,9,5.99172766713674
73,88.0,36,496,6,0.7422987567339443,5.671195242207002,3,1.0,3742.139020043972,3742.139020043972,13,78,1,5,1,1,0,0,1,0,1,0.603651972596072,51.35324430534052,6,7.80553750086302
66,250.0,7,255,8,0.6431043526178503,9.813369622640646,16,29.0,992.6981023299426,34.230969045860085,12,90,4,6,1,1,0,0,0,1,0,0.5603599299251474,12.574856966689547,10,7.461795031761205
79,163.0,22,139,12,0.3157434024840371,7.267261892797275,49,24.0,3888.704923436977,162.02937180987402,1,72,1,6,1,1,0,1,0,0,1,0.6174309472446119,4.104966394374196,7,5.0264165175409214
50,283.0,10,483,0,0.6215187240340485,7.04778524134346,36,16.0,4162.152733054743,260.13454581592146,19,14,0,9,1,0,0,0,1,0,1,0.5471911801104348,83.47880624598577,9,8.363571979389164
67,151.0,39,324,7,0.2198619563689768,3.1661343075329684,45,25.0,1812.719278145888,72.50877112583552,19,31,1,1,1,0,0,0,0,1,0,0.6609875976335603,36.35706114216578,2,4.829560139738428
49,151.0,15,420,3,0.4448393593405295,7.692422658045559,41,23.0,1074.6817094845264,46.72529171671854,6,66,4,9,1,1,0,0,1,0,0,0.4413215493960836,6.806686116235618,13,8.054628162690113
36,218.0,15,292,2,0.8994125221673253,7.752446465245946,14,28.0,1931.402889226048,68.97867461521598,13,112,3,1,1,1,1,0,0,0,0,0.4560203771383896,26.504575028134663,4,6.802074936029786
68,97.0,4,88,2,0.1335342331607494,3.855600853983148,32,47.0,3700.643765310685,78.73710138958903,19,68,4,9,1,1,0,1,0,0,0,0.39656168538156117,74.22248621882149,13,2.8095639540456823
78,151.0,32,81,12,0.386696449987462,5.353424491516419,15,16.0,2094.018639284827,130.87616495530168,13,65,1,6,1,0,1,0,0,1,0,0.662574899220862,28.736145340176822,7,3.4883354922511955
41,166.0,23,272,7,0.8211424247203473,3.651429996464104,10,43.0,3685.892857371692,85.71843854352771,4,55,4,9,0,1,0,0,0,1,0,0.47302807613366615,15.56350158798043,13,4.5511659000356595
89,165.0,6,200,6,0.9694908994061782,3.3283456329185803,54,38.0,576.6870594779128,15.17597524941876,2,84,1,6,0,1,1,0,0,0,0,0.5618824929383935,1.2175163947050103,7,3.6681808324913545
62,148.0,24,376,0,0.4539261364217959,1.2330646322453664,19,11.0,4031.998435337537,366.54531230341246,15,78,3,6,1,0,1,0,0,0,1,0.5459388092928465,63.84343273056072,9,4.384067386262964
10,130.0,20,384,15,0.5069996201433474,3.566905701879989,37,3.0,1273.505333395363,424.5017777984544,12,40,3,4,0,0,0,0,0,1,0,0.29328780260457277,16.13194119760729,7,5.631148241721558
21,74.0,37,439,5,0.5721719617837697,5.985729548904474,23,15.0,1252.1556486958225,83.47704324638816,7,25,0,0,0,0,0,0,1,0,0,0.3856265887321788,9.2525400402853,0,7.391662369642617
36,116.0,20,72,6,0.9323481416337108,1.014410687941259,53,1.0,2956.001016367265,2956.001016367265,18,25,3,1,0,0,1,0,0,0,1,0.38429148491260295,56.16706109384605,4,1.2286482297421726
12,156.0,12,497,11,0.8582067909770298,3.548971754287007,15,7.0,359.8890482774784,51.41272118249691,13,3,2,8,1,1,0,0,1,1,0,0.27847597537038526,4.938744958436278,10,6.754445796983182
91,146.0,33,389,8,0.1706011246216443,8.932692990909251,29,1.0,141.22565615649614,141.22565615649614,17,69,4,7,1,1,1,0,0,0,0,0.7162058783176796,2.5343531914396684,11,8.36414208663699
2,171.0,28,21,10,0.436757817847075,6.342837265966248,33,49.0,1312.533039814312,26.78638856763902,4,102,4,7,1,1,0,0,1,0,1,0.35108128586389453,5.542106306365397,11,3.381839474666491
13,109.0,8,150,9,0.4640004281964263,6.470765416728824,0,32.0,2694.9570781667653,84.21740869271142,14,118,1,9,1,1,0,0,0,0,0,0.21086939285697048,39.82763372678058,10,4.7383887203884605
53,150.0,1,263,0,0.7890961116487567,4.630278745237179,23,9.0,4539.005767263884,504.3339741404316,13,26,3,0,1,0,1,0,0,1,0,0.3707655353618087,62.288619108253464,3,4.950409913700754
32,92.0,37,52,17,0.6028928826054353,7.0882492914317,23,29.0,4233.711529773462,145.990052750809,3,40,0,5,1,0,0,0,0,1,0,0.44813123384551956,13.407479272945885,5,4.0651667298841865
95,186.0,22,26,3,0.654220462029013,2.709394896073232,8,26.0,2457.327835005668,94.51260903867951,18,38,0,8,1,0,1,0,0,1,0,0.7051543349679996,46.69175750351757,8,1.6152184901207844
16,207.0,6,72,4,0.9981999076656176,8.368721293457725,21,23.0,194.8894485305289,8.47345428393604,14,38,0,7,1,1,0,0,0,0,0,0.30907346621632337,2.880188941104852,7,4.905803532500405
32,121.0,21,262,8,0.074960043470013,2.0502020794230984,11,45.0,2680.9111458002526,59.57580324000561,15,68,2,2,1,0,0,0,0,1,0,0.3792690401386054,42.45005873351249,4,3.6503515407135527
32,65.0,32,474,16,0.223009823533733,6.904012191877984,16,43.0,3526.9300436272247,82.02162892156336,3,7,3,3,1,0,1,0,0,1,0,0.3904286879442159,11.169216684820375,6,8.201505093934983
98,188.0,35,385,2,0.4078959373715468,4.070343932377147,24,29.0,1702.4310172999185,58.70451783792822,1,94,0,2,0,1,1,0,0,0,0,0.7988740727871163,1.7971078424175786,2,5.892887397050297
11,195.0,15,301,15,0.3477824030488872,7.727616735242291,27,38.0,564.205883375457,14.847523246722552,17,30,2,5,1,0,1,0,0,1,0,0.3319333530513655,10.124909453967183,7,6.879840431749402
10,151.0,5,478,4,0.0216455613469835,5.94788096139418,14,33.0,1400.0540864962404,42.42588140897698,3,19,4,8,1,1,0,1,0,0,0,0.22252130202440762,4.433744721078326,12,7.763519639013723
15,226.0,46,17,15,0.0917776064711758,5.0711773463084455,29,7.0,3860.228433694392,551.4612048134845,14,103,1,7,1,1,0,0,1,0,1,0.5689945665100944,57.04868749281445,8,2.705929354516948
17,129.0,48,334,2,0.6809532914035762,2.524801618839223,50,12.0,1762.7067230938085,146.89222692448405,3,35,3,9,1,0,0,1,0,0,0,0.4919958578343671,5.582206933080106,12,4.609094196193158
40,184.0,6,99,19,0.8793244633625606,6.731393178559175,26,31.0,4061.7876385216937,131.02540769424817,13,104,3,3,1,0,0,1,0,0,0,0.3829662401090973,55.73977123783224,6,4.35768055721546
18,32.0,25,217,14,0.5142270112659776,9.772928590783716,21,32.0,1604.4120445193043,50.13787639122826,15,33,4,1,0,1,0,0,0,0,0,0.2578955206284399,25.40456651437034,5,7.060812992786648
55,222.0,46,301,2,0.539191079513633,8.430430824163135,9,20.0,826.1396416849525,41.30698208424762,18,33,3,7,1,1,1,0,0,0,1,0.7265973501998346,15.697503305865466,10,7.231247476209824
73,244.0,40,293,19,0.2550934328323794,1.540073733301106,57,17.0,2184.883313972905,128.5225478807591,14,78,3,7,1,0,0,0,1,0,0,0.784663507644874,32.28946875245284,10,3.705908610137527
25,22.0,29,127,13,0.7678763636337114,4.386064405250719,30,36.0,2266.8498163228032,62.9680504534112,3,38,3,5,0,0,0,0,0,0,1,0.300634700013582,7.178746523822664,8,3.4655772928057202
59,110.0,7,358,15,0.7517945873672564,9.330247082712448,26,3.0,90.3800105611915,30.12667018706384,19,10,3,7,1,0,0,1,0,0,0,0.39160887421756985,1.8127194925426149,10,8.252297890053619
78,33.0,40,184,16,0.5883656892176566,5.527393728013193,11,1.0,594.0549128045674,594.0549128045674,8,57,2,8,1,1,1,0,0,0,0,0.5931598422281653,5.016735394405481,10,4.6073842387560955
89,20.0,13,85,19,0.2126642865113428,6.959006432273613,45,27.0,932.7808336763592,34.54743828430959,4,28,2,0,1,1,0,0,0,0,1,0.45925468596276053,3.938621264349945,2,4.331206622950434
22,282.0,38,110,17,0.0970182182370894,9.213394110322517,30,47.0,576.8007137195877,12.272355611055058,4,78,1,8,1,1,1,0,0,0,1,0.6044850939260877,2.435512688864301,9,5.7089014639788935
30,290.0,18,423,17,0.0642385758571258,8.864152213778926,31,40.0,1714.2151163526055,42.855377908815136,19,100,3,1,1,1,0,0,0,0,0,0.522386102510326,34.38139845889623,4,8.670553060797278
84,103.0,2,160,13,0.5926960666428778,5.516383379864599,31,33.0,4823.468049528919,146.16569847057332,11,38,4,0,1,1,1,0,0,0,1,0.4549833189584742,56.0088566791258,4,4.361398102757951
85,210.0,8,409,17,0.8250353191428,4.938816723918419,40,20.0,2551.020466252119,127.55102331260596,1,16,0,7,1,1,0,1,0,1,0,0.6031162764082019,2.692889661597245,7,6.56760475474478
44,30.0,11,279,14,0.8583304317809248,4.057233566316284,58,0.0,3141.504559114526,224.3931827938947,8,21,1,7,0,0,0,0,1,0,1,0.2752250510014485,26.529697463474722,8,4.824207965522872
32,220.0,33,467,14,0.4636220743434498,7.47117498846602,44,36.0,1788.3685278299106,49.67690355083085,15,92,0,3,1,1,0,1,0,0,0,0.5520695315726372,28.31736857913802,3,8.41494621166788
51,149.0,38,80,5,0.7842712993067169,3.582881195243889,34,5.0,1624.203930599299,324.8407861198598,1,97,0,7,0,0,0,0,1,0,0,0.5882119950442932,1.7145303343890128,7,2.59304380403477
46,110.0,48,189,14,0.9468801963410236,3.2489884578781014,52,23.0,125.5023918558917,5.456625732864857,7,6,3,6,1,1,1,0,0,1,0,0.5901040298555826,0.9273734515414864,9,3.5182818040893515
21,37.0,27,133,17,0.275170112488068,4.206249051434021,45,45.0,2506.664941823352,55.70366537385227,11,41,4,1,1,1,0,0,0,0,0,0.2872783531168624,29.106741462273177,5,3.4357898563783333
99,50.0,20,390,3,0.3979603463807571,2.594935511909128,20,15.0,2423.208943690815,161.547262912721,14,15,0,4,1,1,0,1,0,1,0,0.5726162036721043,35.81158269074463,4,5.205283387217089
32,155.0,12,302,7,0.9314789925966808,7.256078343511906,9,6.0,797.5753236438039,132.92922060730066,16,108,0,9,1,0,0,0,1,0,1,0.35828071169686077,13.47089055097034,9,6.65409127596437
94,265.0,43,294,14,0.3382309673172848,6.54616584397551,15,33.0,3823.976761031451,115.87808366761972,14,3,1,3,1,1,0,1,0,1,0,0.9089495735458468,56.51293931615522,4,6.218974705554889
39,236.0,31,204,2,0.9138762903217964,5.345906807042592,6,19.0,2468.4449082519045,129.9181530658897,12,43,4,2,1,0,0,0,1,0,1,0.5841609736019674,31.2686622232546,6,4.717041579874001
12,245.0,27,408,14,0.9810448622544656,4.512932013353992,3,13.0,1701.5799111062506,130.8907623927885,17,47,4,0,0,0,0,1,0,1,0,0.45961036892713913,30.53555986614115,4,6.344642359382407
47,22.0,32,237,12,0.6618107285744247,9.181562886070584,26,29.0,743.0754560244055,25.623291587048467,14,99,0,4,1,0,0,0,1,0,0,0.4078909358412464,10.981598680611388,4,6.965530942033288
18,219.0,10,440,8,0.8168902895041683,1.2621140649019476,51,6.0,2765.282526585352,460.88042109755867,10,14,4,9,1,1,0,0,1,0,1,0.35368420399476297,29.190674186073938,13,5.039874667721515
21,238.0,3,439,1,0.7495455642210852,7.9219696915656925,54,15.0,3766.5569601831608,251.10379734554405,14,66,1,7,0,0,1,0,0,0,0,0.3420118184093339,55.66435630332073,8,8.359782440973227
13,109.0,45,445,7,0.6995342576155238,9.117186145739998,24,16.0,1417.1767698980086,88.57354811862554,18,29,1,8,1,0,0,0,1,0,0,0.43740000510186844,26.92781693067971,9,9.017510908541341
21,40.0,27,284,19,0.3069310729812325,5.017191214869333,30,24.0,1101.7838143678457,45.90765893199356,9,4,1,6,1,1,1,0,0,0,1,0.29028838656167844,10.467513115042994,7,5.3542869902001975
8,25.0,35,470,16,0.0570943379079437,5.956214423235821,10,23.0,2614.455470682239,113.6719769861843,17,26,3,0,1,0,0,0,1,1,0,0.2716925586490804,46.91749180940626,3,7.687526049293261
46,146.0,31,115,12,0.3430517325196506,9.50017319093834,47,48.0,785.1630795249845,16.35756415677051,6,115,0,0,1,0,0,0,0,1,0,0.5221427985403141,4.972968819714024,0,5.902391204687607
7,175.0,15,30,0,0.6669359852039066,2.91049763756963,19,10.0,3336.400799105482,333.6400799105482,8,12,4,0,1,0,0,0,0,0,1,0.29570484725764234,28.17557706875093,4,1.7558500211896244
23,109.0,16,73,1,0.1025291982278013,5.681213630062164,35,41.0,3030.66470344171,73.91865130345634,13,2,1,1,1,0,0,0,0,0,0,0.3002530250977456,41.58970687347306,2,3.5720697408827853
96,118.0,13,174,14,0.011917982978242,5.272490144153916,53,41.0,444.53942746122885,10.842425060029973,18,17,0,0,1,0,0,0,1,0,0,0.5858652734429133,8.446706561529819,0,4.379732046024854
75,182.0,49,36,11,0.1396923726029386,3.3255338308333307,53,49.0,192.2366931130556,3.923197818633788,5,35,0,3,1,0,1,0,0,0,1,0.785638998682477,1.0146374956848894,3,2.023488358302437
86,246.0,35,320,13,0.7157359264107953,8.367339073357972,54,17.0,3105.2403764170385,182.66119861276692,6,10,3,9,1,1,1,0,0,0,0,0.8085832042353782,19.667587501670837,12,7.390082362330288
22,171.0,11,294,1,0.972793701656444,9.096405352869125,16,49.0,1478.5259322038166,30.173998616404425,19,112,4,8,0,0,0,0,1,0,0,0.3278077340189141,29.654264929754685,12,7.494094460001697
89,225.0,21,157,17,0.9830646996148203,8.037393218093879,44,44.0,441.3643083352586,10.031007007619516,4,86,4,3,0,0,0,0,0,0,0,0.7139198965285922,1.8636391179725986,7,5.591842901632109
22,273.0,11,290,6,0.4939791491401879,2.7582306476374754,10,45.0,3799.549237732868,84.43442750517484,7,105,1,3,1,0,0,0,0,0,0,0.4301488711426599,28.07596762732724,4,4.28492694706523
92,272.0,30,335,5,0.8693523009923474,1.780737719512434,29,30.0,1577.0795750580442,52.569319168601474,4,43,1,6,1,0,1,0,0,0,0,0.8283003401015824,6.659141060407721,7,4.247082286609925
29,283.0,48,328,13,0.7368264557515041,6.449000367748081,34,44.0,2303.4017526947355,52.35003983397126,11,21,0,8,0,1,0,0,0,0,0,0.6949957564864397,26.746502167403463,8,6.511073330166625
13,12.0,35,173,7,0.5010402369846034,1.5138528445889554,40,46.0,1191.6965079943086,25.90644582596323,12,15,4,6,1,1,0,1,0,0,0,0.27885110059023105,15.095639953939536,10,2.490393356162213
82,37.0,22,395,1,0.5727605329550868,7.055432997022758,37,10.0,3140.312221006244,314.03122210062435,14,35,4,0,1,1,1,0,0,0,0,0.5031307546835497,46.409349499194526,4,7.485632330174706
2,158.0,38,415,16,0.137227146616871,5.773817982945184,21,19.0,1514.4271926182537,79.70669434832914,13,112,1,0,1,1,0,0,0,1,0,0.39926229739894337,20.782431969687305,1,7.045225624739126
29,37.0,31,233,4,0.937661460616592,6.965071594692972,52,29.0,4840.424596525866,166.91119298365055,10,85,2,3,0,1,1,0,0,0,0,0.3440913813584621,51.096137903102544,5,5.817205136023841
85,74.0,14,281,13,0.3519297707317768,6.311536962847696,42,2.0,3517.708267598364,1758.854133799182,18,85,0,3,1,0,0,1,0,0,0,0.5033961207874251,66.84007687498598,3,5.971399743948899
79,30.0,24,155,19,0.4461492564571695,4.804323125744554,47,36.0,692.2441591035943,19.229004419544285,16,85,4,0,0,1,1,0,0,0,1,0.49623102915028383,11.691867871776854,4,3.955267775297126
52,261.0,49,462,2,0.6716602309978987,2.8078946212620544,50,19.0,2089.307249970599,109.9635394721368,5,60,3,5,1,0,1,0,0,0,0,0.7719739198000068,11.027496579852897,8,6.033205827665095
27,244.0,32,447,4,0.3339024715265539,3.7513192222943967,26,7.0,1933.251287652094,276.17875537887056,8,44,3,9,1,0,1,0,0,1,0,0.5498253299495536,16.32611725279156,12,6.354617526978862
50,236.0,36,365,15,0.2542591609889305,5.720505167970788,36,26.0,2675.8930824947115,102.91896471133506,14,96,2,1,1,1,1,0,0,0,1,0.6592176629443711,39.545894977341206,3,6.517567213243911
95,22.0,32,39,17,0.6310493932702206,6.866812842828453,45,15.0,4211.234065651474,280.7489377100983,5,119,1,4,1,1,0,1,0,0,0,0.6018303297806404,22.227161302668694,5,3.8241879845404787
79,58.0,15,54,16,0.0249840822818494,8.015347151960757,48,47.0,2921.2758557631787,62.15480544176976,8,5,1,7,0,0,0,0,1,0,0,0.46922263381890716,24.66988769311062,8,4.548755740309036
23,127.0,43,284,10,0.7207251120266789,7.904536466041547,34,38.0,317.1678212239964,8.3465216111578,6,103,1,2,0,0,1,0,0,1,0,0.48361934821562147,2.008838325049358,3,6.797959615786304
88,63.0,35,480,16,0.5140233698765098,9.754198689349767,3,3.0,3280.5243270462465,1093.5081090154156,16,73,3,8,1,0,1,0,0,1,0,0.6330519721824069,55.407411500072335,11,9.686718583151837
44,147.0,3,43,15,0.6057537305209344,3.572573037970685,15,38.0,51.2438367498334,1.348522019732458,4,117,1,6,0,0,0,0,0,0,0,0.3436367635125399,0.21637458425716177,7,2.2171482424322364
77,62.0,16,150,1,0.6318801592468851,1.6399963739209311,15,16.0,3902.002698096561,243.87516863103508,12,18,3,8,0,0,1,0,0,0,1,0.47127765264411225,49.428044333958574,11,2.323004198984514
22,53.0,5,436,3,0.5270501564925637,4.110912419876733,20,2.0,3336.514001332097,1668.2570006660487,11,21,2,0,1,0,0,0,0,0,0,0.1726783913119317,38.74273294435047,2,6.424193684888266
43,62.0,21,327,6,0.582533777440736,7.68965027701669,25,0.0,1550.840435179404,50.02711081223884,3,72,0,4,1,0,0,0,1,1,0,0.3645161601683341,4.9112606855920635,4,7.12137824472077
37,83.0,10,383,1,0.6837882008898746,4.9430048592996565,56,28.0,1469.2846049016837,52.47445017506012,12,108,4,2,1,0,0,1,0,0,0,0.29399703126411203,18.611946277154022,6,6.309177780351231
61,55.0,19,230,5,0.7531188471796741,8.360095875304776,35,7.0,3993.382252766065,570.4831789665807,5,116,2,3,1,0,0,1,0,1,0,0.4179751235651857,21.07732557527991,5,6.484657156089262
97,22.0,25,365,16,0.7274523912861205,5.943937286674135,18,30.0,3918.850092703856,130.6283364234619,6,98,3,3,1,1,0,0,1,0,1,0.5670539950043056,24.82072811159169,6,6.629283272595584
56,174.0,4,31,6,0.8696164577322617,9.368125503674529,57,43.0,1767.988748340032,41.11601740325656,19,74,2,6,1,0,0,1,0,0,1,0.4253343619803247,35.45991693088097,8,4.9946839943222345
3,111.0,29,189,4,0.1894434331674027,9.53077097799162,16,7.0,1501.7491631181038,214.5355947311577,18,51,4,9,1,1,0,0,1,0,1,0.30104346998756937,28.534779428508454,13,6.659173064146111
63,289.0,19,445,4,0.4011479694917975,1.6237405541687384,44,36.0,2803.525696525122,77.8757137923645,16,41,0,7,0,0,0,0,1,0,0,0.6608385403416459,47.3509983260077,7,5.270788112755712
19,267.0,43,376,19,0.9477960660144572,5.107720957411819,25,29.0,51.74464332087946,1.7842980455475677,11,24,4,9,0,1,0,0,1,0,0,0.6079259594787545,0.6008453423786374,13,6.32139554884619
23,147.0,2,429,15,0.3965905743863297,6.4872015512461125,21,24.0,422.50851955284605,17.604521648035252,5,104,3,4,1,1,0,1,0,0,0,0.2526658296844632,2.230026844732045,7,7.542197970011833
29,172.0,10,338,18,0.1248700769059226,3.302852867309915,54,39.0,639.5862548421964,16.399647560056316,9,24,4,9,1,1,0,0,0,0,0,0.35097145780375594,6.0763984943844385,13,5.038199980749146
30,120.0,43,240,8,0.5254451263621795,4.663691014410822,57,4.0,935.2049709575992,233.8012427393998,3,96,2,6,1,1,0,0,1,0,1,0.5048787651272123,2.9616427987338323,8,4.736655126443887
39,111.0,25,412,4,0.1094909725544621,7.099133870059284,55,29.0,2564.970452110591,88.44725696933072,8,97,1,2,1,1,1,0,0,0,0,0.42200821952374745,21.66092355327542,3,7.677823448055694
25,26.0,20,47,7,0.2028532387278652,3.040608042085253,27,44.0,4961.287155156999,112.75652625356815,6,38,2,2,1,0,0,1,0,0,0,0.24954603712367687,31.423187069837706,4,1.9912459048101614
8,277.0,48,79,8,0.9983187565709568,6.417832176770072,0,5.0,3266.540874719294,653.3081749438588,4,44,3,2,1,1,0,0,1,1,0,0.6041272047483227,13.792808434249624,5,4.000499254717702
58,191.0,19,125,4,0.541362638396132,7.277030453478755,43,29.0,315.88098430162574,10.892447734538818,12,57,0,3,1,1,0,0,1,1,0,0.5423087609423013,4.001375832961778,3,4.8910202367594175
16,33.0,23,248,9,0.284058389040429,1.8144667998628008,35,30.0,2632.6410765705864,87.75470255235288,12,115,4,5,1,1,1,0,0,1,0,0.23857315907005347,33.34859299600392,9,3.39220333981116
72,38.0,24,344,1,0.994774954573906,5.477763844247075,42,29.0,2488.259609823627,85.80205551115957,16,59,0,4,1,0,0,0,0,1,0,0.4759749567202984,42.02621604840901,4,6.185775709698688
1,180.0,11,450,8,0.9665589185551432,3.367720269317717,36,26.0,729.397400932067,28.053746189694884,10,113,3,7,1,1,0,0,0,0,0,0.2519893495048775,7.6996117677236295,10,6.192878170731003
5,237.0,46,157,10,0.4407390410842635,7.519477203982401,1,19.0,4602.159120324014,242.21890106968496,14,34,4,4,0,1,0,0,0,0,0,0.5396273154037129,68.01336810948841,8,5.33288489457637
3,197.0,34,18,3,0.2604031087879084,2.7059995768324643,16,26.0,2209.418585900091,84.97763791923427,13,75,2,4,0,0,0,0,1,0,1,0.4179433403035887,30.319774815088007,6,1.5333605098591179
65,239.0,28,297,1,0.83839963809219,9.030141239842958,39,37.0,4972.850111642601,134.40135436871896,9,95,2,9,1,0,0,0,1,0,1,0.6738541651585129,47.244634640623985,11,7.491022523729095
4,128.0,5,397,5,0.7156207169717858,4.878472028664942,37,27.0,2106.1607533083,78.00595382623332,7,82,3,1,1,1,0,0,1,0,0,0.17520195470506028,15.563030619683305,4,6.417191926156118
99,165.0,5,59,13,0.6869414350035103,2.782027272767982,20,30.0,3043.70893639121,101.45696454637368,12,23,4,4,1,1,0,1,0,1,0,0.5961640843628421,38.55573455164425,8,1.9821960011134498
96,281.0,21,347,0,0.8931137413224726,4.942196167152964,8,30.0,532.765056892686,17.758835229756198,5,86,2,6,1,1,1,0,0,0,0,0.7983900157813202,2.811967862951657,8,5.948051991392114
64,184.0,12,14,17,0.6894171338713246,4.678693865276751,12,3.0,2276.5968407962773,758.8656135987591,18,43,3,1,1,0,0,0,1,0,0,0.5166706309563454,43.25768263781084,4,2.4796274937606197
98,113.0,4,413,6,0.2837979430415491,4.860270635443392,10,43.0,1201.4418110798267,27.94050723441457,4,82,3,5,1,1,1,0,0,0,1,0.533827318299368,5.073029048364811,8,6.568411870827909
89,101.0,49,352,0,0.6938631618757323,6.270051641477022,15,7.0,4179.468344870463,597.066906410066,2,40,0,6,0,0,1,0,0,0,1,0.7609337522381001,8.823799923024447,6,6.6620799289549435
10,195.0,42,135,0,0.3058135112836639,5.6905635242218375,15,49.0,3921.758728489024,80.03589241814335,3,47,2,4,1,1,0,0,0,0,1,0.493199071459941,12.41957523462273,6,4.197987172932562
21,292.0,20,84,0,0.759238979656995,2.3479941851281243,58,9.0,4122.658198130539,458.0731331256154,12,41,4,8,0,1,0,1,0,0,0,0.5002740530690841,52.223165373606136,12,2.015680459297529
46,190.0,38,174,3,0.619747854491566,1.5902116538197268,1,41.0,3620.811094412177,88.31246571737017,3,47,2,3,1,1,0,0,1,1,0,0.6091470985880924,11.466522779879003,5,2.538592800857759
91,179.0,25,287,3,0.0774115519847505,7.564739038538865,41,42.0,4165.089285864056,99.16879252057277,4,103,2,9,1,1,0,0,0,0,0,0.7003366543739215,17.586884975503402,11,6.658121022275445
27,196.0,14,451,17,0.512835362435142,6.037456923354821,43,13.0,1012.135463372855,77.85657410560424,6,20,2,0,1,0,0,0,0,0,0,0.3914607131998436,6.410538437091461,2,7.537766537829715
66,184.0,11,333,10,0.3433009691957409,4.231006912713374,7,15.0,2265.6984451332105,151.0465630088807,12,77,3,7,1,1,0,0,1,1,0,0.5186289900575615,28.700401270366832,10,5.452176803050074
41,231.0,32,486,0,0.3285706327322942,8.275220402482665,42,5.0,3462.315930930381,692.4631861860762,19,109,1,7,1,1,1,0,0,1,0,0.5933475082543405,69.44243022730171,8,9.007349680199248
13,242.0,11,309,9,0.6022563023772572,4.4925262683486125,41,29.0,3190.588564696323,110.02029533435596,10,65,1,6,1,0,0,0,0,1,0,0.3626815558492577,33.680258837374524,7,5.342455518943845
9,171.0,18,299,8,0.3223248244694249,8.163685806405468,12,35.0,3584.6088695416943,102.41739627261984,1,116,0,7,1,0,1,0,0,1,0,0.31813962435080445,3.783958730774294,7,7.07783488717067
36,143.0,27,86,3,0.7768937482048727,3.751805147611372,56,27.0,1129.049331924646,41.816641923135045,17,68,2,1,1,1,0,1,0,0,1,0.4542389287730903,20.261260280392978,3,2.737626020699474
86,233.0,18,307,5,0.0707914360111744,1.6556076779067976,16,27.0,501.1891981344989,18.56256289387033,16,24,1,2,1,0,1,0,0,0,1,0.6914580933214474,8.46498710937253,3,3.903956143562617
90,162.0,23,146,15,0.6603882523958254,9.393757244199362,38,8.0,4584.864824593135,573.1081030741418,9,100,0,8,0,0,0,1,0,0,0,0.6669944961870428,43.55857479142918,8,6.159804473803088
58,42.0,11,115,1,0.8091948036567412,4.550960163532358,23,32.0,2805.2577588811187,87.66430496503496,9,36,3,0,1,0,1,0,0,0,0,0.34383084134636926,26.65139204192432,3,3.427784690984616
54,64.0,21,104,17,0.6728316899204301,8.1342331556444,2,20.0,777.5913632919807,38.87956816459904,9,45,2,7,1,0,0,0,0,0,0,0.41096729357598916,7.387518029635443,9,5.109200746158874
12,16.0,44,144,9,0.4972291950199957,3.51229719900074,29,10.0,3969.248543617934,396.9248543617934,12,2,4,7,1,0,0,0,0,0,0,0.33392611529257493,50.27987117542293,11,3.1990343710434566
81,253.0,5,77,16,0.9503070137361812,6.817286009112904,51,13.0,4575.50038378012,351.9615679830861,9,28,3,6,0,1,0,1,0,0,1,0.6117311260168403,43.46960778560915,9,4.180186090728797
78,135.0,23,156,12,0.2999384897980636,8.859797859319555,12,29.0,856.1219576698343,29.52144681620118,15,26,0,4,1,0,0,0,1,0,0,0.5914193466988499,13.55599846830654,4,5.9930251821647875
14,21.0,41,499,17,0.0191678875249777,1.374796201059823,18,35.0,4088.8881517928617,116.82537576551032,2,23,3,3,1,1,0,1,0,0,0,0.3286562988426343,8.632564714439454,6,5.6873981005299115
34,25.0,25,487,12,0.4319893714634408,8.475721882174803,6,8.0,4666.79305598245,583.3491319978062,11,79,4,9,1,1,0,1,0,0,0,0.31551857390366705,54.189587396393804,13,9.117620460125478
53,217.0,41,168,16,0.0330119359003272,6.141997044747358,8,29.0,4692.424385477127,161.80773743024574,11,36,3,9,1,1,1,0,0,0,1,0.6828875748130407,54.48721172922275,12,4.754365255840613
20,52.0,10,393,4,0.9539367525264087,6.467245785177124,18,31.0,4571.640743650971,147.47228205325712,8,91,0,9,1,1,1,0,0,0,0,0.19420648364747745,38.60705708316413,9,7.171498644091568
75,144.0,22,172,10,0.2099180457480515,5.708422007253843,44,41.0,2736.640851676913,66.74733784577836,6,6,4,9,0,0,0,1,0,1,0,0.5822057859324941,17.332997412943,13,4.577657897414497
16,237.0,19,450,6,0.7889270239488795,8.870275929552783,53,30.0,1787.4944730968075,59.58314910322692,7,35,4,5,0,1,0,0,0,0,0,0.41876563739917777,13.208313360517817,9,8.944156000848537
95,151.0,1,350,9,0.7745720831743649,1.390900215120737,39,22.0,46.29131039310634,2.1041504724139246,3,103,3,0,1,1,1,0,0,0,0,0.5414658495403837,0.14659708868881946,3,4.202464135616481
70,169.0,7,198,16,0.2177288996829335,3.349255523822633,21,21.0,313.9520120889202,14.950095813758104,8,38,4,4,1,1,0,0,1,0,1,0.49525064307673006,2.6512939077560542,8,3.65859569778306
56,273.0,4,424,14,0.6212265304801673,8.881862849732398,17,12.0,2149.9066863339795,179.15889052783163,18,35,3,3,1,1,1,0,0,1,0,0.5246654656592544,40.850439336380056,6,8.689428418854174
83,234.0,1,348,17,0.0480789684864502,7.771111322787604,22,11.0,2002.6374704936368,182.05795186305787,17,100,2,3,1,0,1,0,0,0,0,0.5762585930287794,35.938163098481404,5,7.372529609289594
58,226.0,15,104,18,0.4835745857038674,1.1588064416074526,1,2.0,931.7224087537172,465.8612043768586,11,74,4,6,0,0,0,0,1,0,1,0.5529360218801213,10.818918321997261,10,1.6214873891403996
4,54.0,40,190,1,0.0146471272724867,5.653056548887378,49,41.0,1983.445339877968,48.3767156067797,2,94,3,8,1,1,0,1,0,0,1,0.31524017735197857,4.187500273526022,11,4.73033588967415
4,223.0,12,297,3,0.9211438801808418,5.766154126414073,49,2.0,881.5038266222869,440.7519133111434,19,53,2,7,1,1,0,0,1,0,0,0.3133768233147115,17.6800064455321,9,5.859028967014652
20,68.0,22,331,2,0.9760860241995716,4.607939216151193,10,34.0,4245.468351351445,124.86671621621896,7,105,4,7,1,0,0,1,0,1,0,0.2837293831082651,31.370992856644143,11,5.620602874608663
10,141.0,22,196,6,0.2222827666385852,3.676539988557908,30,3.0,1497.9924405992383,499.3308135330794,18,38,2,4,0,1,0,1,0,0,1,0.3165694898614153,28.463397834909053,6,3.802197849990377
24,113.0,47,381,17,0.2081060345963727,7.135523653711079,32,16.0,2996.836107289967,187.3022567056229,8,93,4,5,1,0,0,1,0,0,1,0.4981027254319179,25.307986596215432,9,7.385397097396622
99,204.0,17,147,9,0.7537201765621296,2.8701141823427845,13,0.0,2519.186879375443,629.7967198438607,14,116,0,1,1,0,0,0,1,1,0,0.7087639069005529,37.23000011166331,1,2.9080029829549594
26,166.0,29,139,6,0.2533793988293344,8.190537058645354,15,23.0,268.89156719402115,11.690937704087876,7,59,0,2,1,0,0,1,0,1,0,0.4491567094051566,1.9869175166434292,2,5.488054100464962
37,107.0,46,203,7,0.895076559161845,8.227334446907246,10,20.0,4711.746260260919,235.587313013046,4,43,3,4,1,1,0,0,0,0,1,0.5384854620879466,19.895117205338998,7,6.147735359726168
85,235.0,14,325,5,0.5739291361229822,4.737352938155385,32,25.0,2640.857631469912,105.63430525879647,17,103,1,1,0,1,0,0,1,1,0,0.6649345823258866,47.391289575861634,2,5.6251894951297965
54,214.0,20,481,0,0.3507776230103121,3.5519320981868288,6,30.0,1632.0376405251584,54.401254684171946,5,114,0,2,1,1,0,0,0,0,1,0.5553465168372,8.613998491287308,2,6.595605327650528
21,88.0,48,282,3,0.8326937463494201,3.554903634316419,30,18.0,799.0515824690107,44.39175458161171,12,4,1,3,1,0,0,1,0,0,1,0.46702035025016386,10.12186820441318,4,4.60310311976342
74,151.0,33,361,13,0.4934067004133952,5.340621915965891,47,42.0,1699.2479072869105,40.4582835068312,9,5,2,5,1,0,1,0,0,0,1,0.6525357320388376,16.1437293988934,7,6.287545426920821
38,227.0,43,153,16,0.9116329137084755,7.476213022744229,45,11.0,112.35289908671362,10.213899916973965,13,68,2,4,0,0,0,1,0,0,1,0.6445598569822172,1.5418149470955458,6,5.2711726436366435
46,13.0,15,25,19,0.928014236729381,4.229818218944729,46,29.0,1824.1551951880056,62.90190328234502,18,100,1,9,1,0,0,0,0,0,0,0.290738798813333,34.66082579995016,10,2.3654101114763724
4,99.0,12,311,17,0.1654201521284093,6.490390109119764,13,17.0,2662.114777249479,156.59498689702818,9,45,3,3,1,1,0,0,0,1,0,0.18896210759564797,25.291460067959694,6,6.361427519489742
60,113.0,40,432,10,0.0023234061319302,4.442360145243349,27,0.0,4360.612566796214,167.71586795370055,4,80,4,1,1,0,0,0,1,1,0,0.6007001280293206,18.41247242772378,5,6.549837387250933
57,128.0,20,254,13,0.9839309401424022,3.7407087023624497,52,23.0,3439.99834431201,149.56514540487,8,25,1,4,1,0,1,0,0,0,0,0.481180103540352,29.050448163339603,5,4.4154445315419455
45,142.0,30,424,8,0.9061375361274794,1.2237356432421476,42,48.0,566.7957425348746,11.808244636143222,1,78,1,4,1,0,0,0,1,1,0,0.5079665675938968,0.5983167973371527,5,4.860364815609049
20,105.0,38,116,14,0.0554452357038414,1.0352269516185155,15,20.0,747.2541589454258,37.36270794727129,17,11,1,6,0,1,0,0,0,0,0,0.41881231260113244,13.409786961381332,7,1.6799381251078551
17,152.0,3,97,11,0.8330342639410699,3.0448691004880404,18,45.0,2146.33560541369,47.696346786970885,9,29,1,0,1,0,0,1,0,0,0,0.23956257682965756,20.391292562091216,1,2.494378438019571
71,297.0,28,138,9,0.4578049325592066,4.657656581208959,16,2.0,986.5816806775512,493.2908403387757,13,34,1,3,1,0,1,0,0,0,1,0.7562905693340476,13.53882627118765,4,3.711593821666604
4,37.0,26,404,18,0.2589616050249752,8.661350506258543,58,24.0,148.9703901379512,6.2070995890813,2,86,3,4,0,1,0,1,0,0,0,0.2124690354504019,0.3145100784518363,7,8.37877144551404
93,287.0,30,384,18,0.8787465236769298,8.186358186373829,25,31.0,4027.02425178917,129.9040081222313,13,14,0,7,1,1,0,1,0,1,0,0.8473909113660667,55.26271448441014,7,7.940874483968477
14,242.0,13,350,5,0.1966672323903072,3.404487363291909,5,27.0,107.41762778299068,3.978430658629285,9,24,4,7,1,0,1,0,0,1,0,0.37896685784884543,1.020522731358501,11,5.209257709702067
3,26.0,13,13,19,0.9472999994200668,3.200863986858694,42,2.0,4155.14112993809,2077.570564969045,6,59,0,0,1,1,0,0,1,0,1,0.11780000537764514,26.317319063441637,0,1.7306925144714311
88,68.0,2,336,5,0.205621487699341,3.0458986396302468,48,14.0,729.0787755345004,52.07705539532146,1,39,1,4,1,0,0,1,0,0,0,0.4360278782639031,0.7696248317487225,5,4.889682786748991
80,99.0,37,419,7,0.6136831877287435,4.053136064759803,8,4.0,4873.64526992751,1218.4113174818774,5,26,0,9,1,0,0,0,0,0,0,0.6490940391561509,25.7234097791496,9,6.224964825967076
58,208.0,49,376,0,0.2230863345289748,5.483788476055168,49,49.0,3023.3308200126885,61.700628979850784,3,43,3,0,0,1,0,1,0,0,1,0.7430390865173474,9.574399441132348,3,6.5094293081678645
55,35.0,38,315,16,0.5456686649686348,4.948009948284179,16,13.0,3677.565028433178,282.88961757178294,4,36,2,0,0,0,1,0,0,1,0,0.4899923403028993,15.528337739240289,2,5.6303175993925905
4,34.0,2,405,16,0.6839751299151413,2.964458789033444,30,36.0,561.3133035606437,15.59203621001788,1,39,0,1,1,0,1,0,0,0,1,0.06252022649538178,0.5925294650011897,1,5.540345626981652
24,276.0,36,104,14,0.1902279308201375,2.1740626894925623,11,35.0,4311.8993265228855,123.19712361493958,14,61,4,1,1,1,1,0,0,0,0,0.5943009371580801,63.72374106986739,5,2.1291155130829544
34,190.0,26,218,6,0.5208857827006792,1.1132003123757586,22,44.0,4197.5697909289765,95.39931343020402,9,16,3,8,1,1,0,0,1,0,1,0.48719286234814185,39.87907270453693,11,2.7409688936628287
30,77.0,11,234,18,0.469059744390119,2.385669147998535,53,8.0,3268.433730393171,408.5542162991464,4,102,2,3,1,0,0,1,0,0,1,0.26581658507124345,13.800800924380551,5,3.537523952756782
82,58.0,8,468,2,0.0710374214033412,7.348207331747064,53,2.0,2516.351574330983,1258.1757871654916,18,59,3,2,1,0,0,0,1,0,1,0.4384867030829764,47.81326928728088,5,8.363482423388561
19,184.0,44,357,10,0.8183078176753029,3.1927471241102463,4,6.0,3610.230973927046,601.7051623211743,14,96,1,0,1,1,0,0,1,0,0,0.5307708164851022,53.35408050225989,1,5.173527870672357
31,61.0,40,489,19,0.3356824006428417,5.217416291093588,42,0.0,39.58179453102197,1.27683208164587,4,6,2,1,0,1,1,0,0,0,1,0.4313544978141251,0.16713218367338828,3,7.508507744745191
60,111.0,43,330,18,0.5745821975518796,6.3217103403092025,35,10.0,2966.2793694383126,296.6279369438313,10,98,4,5,0,0,1,0,0,0,1,0.6170607860048855,31.31242243267907,9,6.467468396607507
60,225.0,22,56,8,0.5147842349331344,8.981568125484465,58,44.0,4238.556613296891,96.33083212038387,3,56,2,8,1,0,0,0,1,1,0,0.6028706283364669,13.422822868384365,10,5.05190630723121
19,197.0,20,485,9,0.5132605045704423,8.999695885540774,35,21.0,1790.9304370020268,85.28240176200127,7,8,4,4,1,0,0,1,0,0,0,0.3968755192357677,13.233702691024074,8,9.359567381648143
49,66.0,8,190,1,0.1072223942084874,7.711603603132231,2,42.0,550.363888849755,13.103902115470357,10,94,1,3,1,1,0,0,0,0,1,0.31318012560248587,5.809711235195894,4,5.759609416796576
63,56.0,29,115,0,0.4234820092493327,1.3164129284365127,57,10.0,2110.1774762185987,211.01774762185988,13,27,4,4,0,0,0,0,1,1,0,0.48828376592351747,28.95789250037196,8,1.8105110734366934
83,168.0,40,208,15,0.4523667592065702,6.175633771768734,23,23.0,3638.251200801949,158.18483481747606,4,71,3,8,1,0,0,1,0,0,0,0.7488133674469077,15.362337032642287,11,5.171985222557714
22,183.0,26,395,17,0.7336428403644485,8.079251237483557,54,3.0,545.4330397496559,181.8110132498853,18,27,0,6,1,0,1,0,0,1,0,0.43168460249205587,10.363789016510552,6,7.997541450405105
24,251.0,30,115,16,0.8400188319206985,1.1555924028702689,56,32.0,1038.182315462321,32.44319735819753,11,89,3,7,1,1,1,0,0,0,1,0.5324826312403952,12.055103074479996,10,1.7301008106535716
76,291.0,17,289,5,0.544982278100018,5.947161522909204,16,20.0,746.2837156752126,37.31418578376064,4,46,3,3,0,1,0,1,0,0,0,0.7031255838709255,3.151146341860108,6,5.869372344620935
30,250.0,20,269,13,0.0867829540649904,8.719877312074265,38,10.0,3986.769300320372,398.6769300320372,14,41,2,7,0,0,0,0,0,0,0,0.4944972212052957,58.9187815764194,9,7.055329437600259
58,14.0,16,117,14,0.2368494705965462,5.266918682580402,25,29.0,323.8341860379093,11.166696070272735,18,79,1,5,1,1,1,0,0,0,1,0.3463494407593787,6.153182766432213,6,3.8058040306689587
31,93.0,46,28,13,0.164934026852731,1.036955826077036,3,41.0,3436.0666455510204,83.80650355002489,8,25,0,4,0,1,1,0,0,0,0,0.5001962151030473,29.017245353449056,4,0.799039035283007
64,257.0,43,419,2,0.1246150631891247,1.0991202250204672,54,46.0,1838.620034558425,39.970000751270106,10,86,4,6,1,0,1,0,0,0,1,0.7797106964808829,19.408707018105993,10,4.747956906097408
19,63.0,7,468,18,0.3658992986178075,4.749724336723755,44,34.0,3781.3983019976586,111.2175971175782,5,18,2,5,1,0,0,1,0,0,0,0.18283552196595673,19.958460797437777,7,7.064240925876907
48,170.0,16,305,11,0.229393502154382,2.395078006750791,11,37.0,4822.273259732348,130.3317097224959,7,12,1,2,0,0,0,0,1,0,1,0.462467139485773,35.633171057721654,3,4.253651227824292
45,235.0,45,315,1,0.2183031118115123,6.980055913839336,0,20.0,581.5810449365466,29.07905224682733,12,87,0,4,0,0,1,0,0,0,0,0.693114339077072,7.367092208043934,4,6.646340582170168
94,24.0,47,180,2,0.0546931745762676,7.379193384155386,20,0.0,1578.7813549266175,197.3476693658272,3,51,3,8,1,1,0,0,1,1,0,0.6916333493973245,4.999745056750402,11,5.493203906506551
55,151.0,48,340,17,0.0176700447954338,2.6009181591456576,18,7.0,4052.525884317096,578.9322691881566,4,109,1,6,1,0,0,0,0,1,0,0.6676047899650384,17.111591540095784,7,4.707272706827338
55,70.0,27,204,0,0.1027682426497818,8.996799596720365,20,6.0,1338.130346395371,223.02172439922845,10,39,1,3,0,1,1,0,0,1,0,0.4577624583835764,14.125474191007548,4,6.542487974712888
97,151.0,23,21,19,0.172197479423633,4.977170604810333,51,11.0,1083.4517792597442,98.49561629634036,4,89,1,6,0,0,1,0,0,0,1,0.6842405351722122,4.574821933113187,7,2.699006144088533
18,286.0,24,204,5,0.4309837288482031,2.285613168327313,17,44.0,4128.636109566169,93.83263885377656,15,10,3,4,0,1,0,0,0,0,0,0.5066225699766073,65.37361210756166,7,3.1868947605163624
63,55.0,9,499,4,0.5105202612988446,7.878264382624559,42,18.0,4935.540996389792,274.1967220216551,10,94,4,1,1,0,1,0,0,0,1,0.36483144185007543,52.10019872201954,5,8.939132191312279
92,71.0,35,292,0,0.1405919181733655,8.109770500150955,51,42.0,2788.834144838349,66.40081297234164,16,74,2,5,0,1,0,0,1,0,0,0.6572403441968659,47.10286090383636,7,6.980736953482291
47,95.0,20,378,18,0.4247833415241863,6.753659253989118,2,29.0,1397.463254183363,48.18838807528838,15,98,4,6,0,0,0,1,0,0,0,0.407665695243335,22.12769987209013,10,7.16440477729516
75,219.0,37,191,0,0.3417488423259273,8.681189978822978,48,25.0,1998.8441483842687,79.95376593537077,19,110,0,7,1,0,0,0,1,0,0,0.7492933567467729,40.090100983975134,7,6.25442264472211
57,87.0,42,459,15,0.183423643497956,7.636356748276042,43,21.0,858.950333644209,40.90239684020042,19,77,2,5,0,1,0,1,0,0,0,0.574736857345553,17.22765911682046,7,8.41737677093161
45,211.0,17,314,11,0.0068407481483635,8.939851635042915,31,46.0,3811.817521664855,82.86559829706206,18,54,0,7,1,0,0,1,0,0,1,0.49760550008997206,72.4284553464248,7,7.616218402691798
33,151.0,47,153,7,0.4670178665217417,4.904992436369315,9,3.0,3869.635348935612,1289.878449645204,12,29,3,6,1,0,0,0,1,0,1,0.5725934520965577,49.01803570682961,9,3.9855623504491864
17,231.0,31,395,15,0.6856517492651993,7.7283741528949825,39,18.0,4376.853751988647,243.15854177714704,16,102,4,1,1,0,0,0,1,0,0,0.49025536230505173,73.92420013858711,5,7.822102908110818
70,12.0,8,325,0,0.226277334143807,9.9977640708614,14,24.0,142.74679234685374,5.947783014452239,1,41,1,5,1,0,0,0,1,0,0,0.3438480084442817,0.15068533021287822,6,8.255395061482805
4,15.0,15,191,3,0.1318068298966793,7.524380777676573,4,47.0,2814.286894715633,59.87844456841771,16,109,2,8,1,1,0,0,1,1,0,0.123048518079574,47.53275284965494,10,5.676018044148908
20,151.0,31,39,9,0.8870427444469619,2.0276540221341897,3,0.0,1079.13461737249,28.398279404539213,2,9,1,5,0,1,0,0,0,0,0,0.4221090158978358,2.2782964645230535,6,1.4046085741933472
47,17.0,30,93,10,0.2750247724877978,5.664868501862647,57,10.0,1711.006247306862,171.1006247306862,15,63,0,3,1,1,1,0,0,0,0,0.39062931547403595,27.09239946477313,3,3.7642979783862334
91,244.0,46,175,16,0.2236126197926647,6.286130121187251,27,27.0,3926.928520279672,145.44179704739528,7,77,1,6,1,1,0,1,0,0,0,0.8941254742496978,29.017209966723833,7,4.896572074621682
15,117.0,20,293,6,0.8570969396099158,2.567896075642519,52,12.0,968.2479252838658,80.68732710698882,1,37,1,2,0,1,0,0,1,0,1,0.30044634454572344,1.0220948292471341,3,4.219819781308233
70,170.0,39,290,11,0.8171070991667613,9.666024707602338,51,7.0,3195.3253353996374,456.4750479142339,5,14,3,4,1,0,0,0,1,0,1,0.6921723549052742,16.865130395796342,7,7.738823977047662
47,218.0,12,105,6,0.4483464705246336,2.5802179987115466,50,0.0,3276.285294205755,192.7226643650444,10,101,3,0,1,1,0,0,1,0,0,0.4820974746440585,34.58488441753573,3,2.3422132077726068
78,249.0,49,390,11,0.4892388614277745,2.598021277419005,52,1.0,4770.92863536248,4770.92863536248,4,73,4,9,1,1,0,0,0,0,0,0.8649842910712476,20.1450118779504,13,5.206826269972027
75,59.0,17,275,14,0.2177487048340219,9.236504241770994,3,26.0,3878.053033359396,149.1558858984383,14,72,0,2,1,1,0,0,1,0,1,0.46630926009807994,57.312109731534186,2,7.373763142929585
9,20.0,42,453,1,0.0783016704795575,5.18684889809504,14,15.0,4020.13938429693,268.009292286462,13,39,3,7,1,0,0,0,1,0,1,0.3135733831386005,55.16823368600977,10,7.132502605360145
90,165.0,30,307,13,0.5734318253556611,1.5686945134706458,16,33.0,2662.687737599288,80.68750719997843,1,40,3,8,0,0,0,0,1,0,0,0.7128616724890017,2.8107670540085086,11,3.8604995613445414
16,79.0,29,305,12,0.0983449215902131,6.383687499446758,43,37.0,942.0362277402296,25.460438587573773,16,54,4,8,1,1,1,0,0,1,0,0.3214616991014506,15.910806845128736,12,6.247955974172276
69,178.0,19,234,3,0.4492745469566498,6.416437137697431,2,47.0,2133.561194934575,45.39491904116117,9,3,2,9,0,0,0,0,0,0,0,0.5737097271258762,20.269929089980497,11,5.552907947606231
61,151.0,46,342,13,0.9404971985130108,1.5805068281790562,9,31.0,2751.952971823984,88.77267651045109,16,55,4,1,1,1,0,0,1,0,0,0.6796023162482789,46.47994513608401,5,4.217107121504358
10,77.0,11,370,13,0.9528343891705844,9.752702460702958,46,35.0,3395.3120660514246,97.00891617289784,19,111,1,3,1,0,0,1,0,1,0,0.18500850426316268,68.09855771403682,4,8.583766060010797
50,261.0,34,383,15,0.2393322865473586,5.896269687651181,41,1.0,3042.468468041317,3042.468468041317,15,104,1,4,1,0,0,1,0,0,0,0.6720563770253212,48.17502637696017,5,6.785810194526993
3,57.0,7,51,6,0.6241134200456544,6.038161499617878,55,8.0,1975.949366297045,246.99367078713067,14,33,3,2,1,1,0,1,0,0,1,0.11216899042985999,29.20172208348361,5,3.5301027938971155
77,193.0,44,312,18,0.4740762641078576,5.681038730521551,22,12.0,1333.9124039092487,111.1593669924374,10,96,3,0,1,0,0,0,0,0,0,0.7741443511629847,14.080949053462188,3,5.9667718702707955
94,196.0,34,430,1,0.875685127586106,6.49658601680158,17,19.0,849.4719075863786,44.709047767704135,12,71,4,5,1,0,0,0,0,0,0,0.7846167634987511,10.760560244900383,9,7.556910242869728
70,99.0,20,255,9,0.2714308642760532,3.3786977749637943,0,25.0,3472.288477498609,138.89153909994437,1,19,4,9,1,0,0,1,0,1,0,0.5046083660990492,3.6653918958465646,13,4.244459107922779
81,148.0,38,217,17,0.0037024068324168,3.585172131773567,34,32.0,3230.5393848193003,100.95435577560312,17,34,0,1,1,0,0,0,1,0,0,0.708420771774809,57.973374122020196,1,3.9669347632815732
51,98.0,24,246,16,0.1625612059314151,5.602051808165195,52,12.0,3439.988604131456,286.6657170109546,9,78,1,8,1,1,0,0,0,1,0,0.4513271407681345,32.68166164703038,9,5.265955763802037
19,283.0,10,31,4,0.349522801169398,8.260172692872217,57,13.0,1868.9119894859464,143.76246072968817,19,50,4,0,1,1,0,1,0,0,0,0.42193865485790955,37.48409822207384,4,4.440707588921079
42,28.0,32,194,11,0.3157211297704886,1.4487811884476098,30,28.0,1319.4150346280176,47.1219655224292,18,47,2,8,1,1,0,1,0,0,0,0.39370898252885833,25.07024336181198,10,2.668278369774907
35,163.0,15,477,5,0.7913629191228859,6.430637909982214,58,1.0,3801.0094301178174,3801.0094301178174,7,46,0,6,0,1,0,0,1,0,0,0.3967960266096912,28.08675741094746,6,7.99487807322758
46,269.0,37,251,8,0.6805606661388378,8.261003282556825,43,6.0,3870.500501326117,645.0834168876862,9,56,4,9,1,1,1,0,0,0,1,0.6822888636553233,36.77174617296137,13,6.645531701398653
26,117.0,20,372,19,0.2995563196148972,2.4122554483350447,0,8.0,2283.5257060945346,285.4407132618168,12,57,3,1,1,0,0,0,0,0,0,0.3448907889901679,28.9262254722771,4,4.933582633987161
69,294.0,3,292,0,0.4577438171662134,1.1352028778250969,2,4.0,3063.401382988948,765.8503457472369,7,83,4,5,1,1,0,0,1,1,0,0.5921385033186275,22.63635833539739,9,3.493453142319362
93,68.0,37,50,14,0.0955591039583352,3.8144196562731225,2,5.0,1873.8631245163888,374.7726249032777,14,51,3,7,1,1,0,1,0,0,0,0.6705156127516376,27.693032583705264,10,2.4082118321445773
64,134.0,40,345,5,0.8981464448201008,6.293293360566383,36,25.0,3512.716528597836,140.5086611439134,15,54,3,1,0,0,0,1,0,1,0,0.6379319783046491,55.62102391448239,4,6.603560507938502
37,282.0,8,171,18,0.935424824448534,2.2445485606427296,18,22.0,4180.250767272878,190.0113985124036,15,90,1,4,1,0,0,0,1,0,0,0.4814176851443932,66.19088844832822,5,2.8357011340287794
84,116.0,40,169,17,0.979803535380938,4.83510133875237,28,28.0,3444.2840539048907,123.01014478231752,6,81,1,5,1,0,0,0,0,1,0,0.7006798584438336,21.81498041995262,6,4.110937442923279
49,254.0,44,483,5,0.8685528307858377,5.970893476368501,24,39.0,2567.787307967212,65.84070020428747,14,118,4,2,0,0,1,0,0,0,1,0.722217051409598,37.94824534257966,6,7.825126096901686
21,256.0,23,98,12,0.1739608876962255,6.389947852815855,32,23.0,2298.703217866928,99.9436181681273,2,28,4,1,1,0,1,0,0,0,1,0.482520998670067,4.85308072778307,5,4.176937854263639
74,17.0,40,331,0,0.0461964832016288,3.4697054890033763,35,4.0,3215.175058368964,803.793764592241,8,19,2,5,1,0,0,1,0,1,0,0.5609447143608635,27.151837594238774,7,5.051486011034754
64,150.0,11,21,12,0.579596727412674,4.600266723876622,28,0.0,3402.2563490906377,850.5640872726594,13,27,0,2,1,0,0,0,0,0,1,0.4764344696021715,46.68904617076316,2,2.5105542036216777
5,17.0,46,433,6,0.9126050268831104,8.005053061608027,57,47.0,2798.05992318745,59.53318985505212,6,48,0,1,1,0,1,0,0,0,1,0.31889152945053567,17.72200593298507,1,8.341203885513433
70,103.0,8,82,14,0.1773513616597428,9.47093224708617,25,21.0,3128.461952785901,148.97437870409053,5,116,4,0,0,1,0,0,0,0,0,0.43515235627036863,16.51222120874367,4,5.557109410116231
90,48.0,29,85,11,0.0070429146241418,8.756922980064315,3,37.0,491.9775256477158,13.296689882370698,5,19,1,7,0,0,0,0,0,0,0,0.5893479191615838,2.5966886782788996,8,5.2301648968457854
4,90.0,30,355,0,0.8054960460322443,6.078551515600887,48,41.0,4759.30992555021,116.08072989146854,1,97,2,0,1,0,0,1,0,1,0,0.2901360888938529,5.023988111581333,2,6.596389986257358
39,196.0,10,210,14,0.076795684286734,4.692635226495519,13,2.0,3955.95758802285,1977.978794011425,9,51,0,4,0,0,1,0,0,0,1,0.4154557657663248,37.58363246508725,4,4.450526030081427
35,93.0,39,19,3,0.4137060319100304,3.996609529342764,49,7.0,1875.900069836852,267.98572426240736,6,7,4,5,1,1,0,0,1,0,1,0.4735006884075207,11.881343888255477,9,2.188685526194428
1,97.0,28,361,12,0.678887337188785,2.1246090947561624,26,49.0,2818.434928658614,57.5190801767064,7,29,1,2,1,0,0,1,0,0,0,0.2727933901846945,20.82623039357253,3,4.679539016315957
24,251.0,49,235,4,0.2367975854561801,1.9589612249450168,32,16.0,246.1494053807425,15.384337836296408,9,119,1,6,0,0,1,0,0,0,0,0.6488091618526401,2.3385459973935796,7,3.3341900313101838
57,102.0,36,185,1,0.0839625634467267,7.195218624222919,21,17.0,215.7267918553113,12.68981128560655,5,43,1,1,1,1,1,0,0,0,0,0.5530523306920823,1.1386197312054318,2,5.451316726941119
70,95.0,13,285,0,0.7700212284558287,3.338149745540444,47,20.0,1261.4836922086938,63.07418461043469,14,69,3,6,1,0,1,0,0,0,1,0.45773784531548506,18.64293530039133,9,4.524786295615913
41,53.0,32,48,15,0.6301750848870414,3.2919551778920213,2,23.0,3451.61119539947,150.07005197389,5,94,1,1,1,0,1,0,0,0,0,0.414752190528588,18.21782346889633,2,2.126939512793706
54,146.0,36,69,5,0.9884904844868048,9.983755490300071,22,34.0,4262.217261522058,125.359331221237,8,113,4,4,1,0,1,0,0,0,0,0.5850782757615056,35.994006166157426,8,5.683260510681098
46,83.0,37,75,15,0.3443080333199593,2.6913336208641585,20,11.0,2800.337541099444,254.5761400999494,7,107,2,6,1,0,0,0,0,0,0,0.4956667900767279,20.692503565609744,8,2.0971698164441035
60,45.0,26,330,13,0.0617623862901997,2.332537835399467,40,34.0,2665.3423705159385,78.39242266223349,13,58,4,2,1,0,0,1,0,0,0,0.44675841756587104,36.57640113778351,6,4.472882144152639
60,110.0,22,444,2,0.7343500353352957,1.8881670498392853,22,33.0,2017.5245736194152,61.13710829149743,13,8,1,3,1,0,0,0,0,0,1,0.48748601295185146,27.686419923514322,4,5.392981320510826
57,165.0,4,133,14,0.5217334188532456,6.218248106501165,3,26.0,816.3738002305257,31.398992316558683,8,42,2,0,1,1,0,0,1,0,0,0.4203446656862806,6.89419656399532,2,4.441789383911905
31,151.0,31,173,2,0.213203931389135,6.650774434018913,20,2.0,600.5869656196718,300.2934828098359,11,76,0,2,0,0,1,0,0,0,1,0.4665534603422802,6.97385966597799,2,5.058854150877192
84,180.0,18,417,1,0.7817289890047594,4.287051336311937,36,23.0,3805.792008492621,165.4692177605487,18,42,0,8,0,0,0,1,0,0,0,0.6302000277155557,72.31396439578144,8,6.321882381582823
24,151.0,38,420,0,0.2037554858499437,5.81872001960321,42,41.0,4638.242720969912,113.12787124316858,19,13,4,9,1,0,1,0,0,0,0,0.48112777491659475,93.02757257096755,13,7.117776843468938
89,179.0,24,395,8,0.2606616548329366,8.095595778504213,30,22.0,2296.833249767503,104.40151135306832,6,26,2,4,0,0,0,1,0,0,0,0.6861333973135216,14.547398410641598,6,8.005713720915434
36,261.0,23,168,8,0.0925285543667191,8.362937514895735,20,34.0,3300.6338369910345,97.07746579385396,2,18,4,7,1,1,0,0,0,0,0,0.5481437816841543,6.968382146623493,11,5.8648354909148015
85,64.0,22,66,6,0.3994322790308544,9.621208681440834,25,15.0,4573.143677895897,304.8762451930598,13,42,2,1,1,0,0,1,0,0,0,0.5423422678081063,62.75709247478783,3,5.471926986010998
30,100.0,2,87,2,0.4189292239374189,8.418411873305871,40,10.0,459.6670283413813,45.966702834138125,11,51,2,2,1,1,0,0,1,0,0,0.23379146733184003,5.337533999630514,4,5.080949423626883
24,287.0,31,203,17,0.5145617903482984,6.083572930456839,57,15.0,3854.702451063959,256.9801634042639,1,116,4,6,1,1,0,0,1,0,1,0.5747254815577797,4.069072951913277,10,5.075854601500964
30,110.0,11,294,10,0.7089642671237775,2.616912692531614,34,42.0,3087.91625303412,73.52181554843143,2,113,2,9,1,1,0,1,0,0,0,0.29892695296422006,6.519287370430579,11,4.254348129832941
86,164.0,28,24,6,0.9061009286804258,1.8978720193255816,37,29.0,2997.199522361008,103.35170766762096,17,84,1,3,1,1,0,1,0,0,1,0.6834518138865965,53.785993151695955,4,1.1894169715866385
92,150.0,46,21,8,0.1377340988878086,1.4906070091977328,23,23.0,1469.7767381230333,63.90333644013188,8,16,2,8,1,0,0,1,0,1,0,0.8038514970191989,12.412120201489504,10,0.9557243462822331
7,182.0,32,110,0,0.054348098348657,6.998732486068453,10,17.0,3422.627840340608,201.3310494318005,2,101,2,6,1,1,0,1,0,0,1,0.40680989128194095,7.225938990829901,8,4.601570651851862
35,19.0,5,165,13,0.0185312335943332,8.267826298581937,40,0.0,3976.040796555674,441.7823107284083,6,3,4,0,0,1,0,0,1,0,0,0.19108993146260228,25.182955519437535,4,5.787219762517422
55,237.0,38,349,19,0.1436213780688162,5.578155556156711,28,36.0,573.1622430690488,15.92117341858469,5,91,0,3,1,0,1,0,0,0,0,0.6926679255871803,3.0251867815199005,3,6.286071766054308
92,274.0,10,134,5,0.6579494857816259,1.4924275735027597,46,9.0,2672.2719405951093,296.9191045105677,16,79,3,9,0,1,0,1,0,0,0,0.7078580494729563,45.13414817013877,12,2.088899157492863
14,257.0,40,368,6,0.7274770779964966,5.819235171322044,54,16.0,515.3132531271742,32.20707832044839,8,98,2,5,0,1,0,1,0,0,0,0.5593231475219053,4.35176981192613,7,6.596992335160019
10,256.0,46,289,9,0.7865057135281222,9.421743353720954,59,36.0,4364.144356295246,121.2262321193124,19,45,3,5,1,1,0,0,1,1,0,0.5788928807562348,87.53007986838128,8,7.60666326002681
80,164.0,24,414,6,0.2437082119043426,6.378518718392144,2,48.0,2543.107246055173,52.98140095948278,16,22,2,9,1,1,0,0,1,0,0,0.6347195937258049,42.95258185080006,11,7.337555952382445
16,43.0,35,403,1,0.3058948132615199,8.284847396165333,0,33.0,4041.74878941118,122.47723604276302,13,104,4,5,1,1,0,0,0,0,0,0.32207599164120904,55.46477880477239,9,8.180499850387275
54,138.0,44,119,3,0.4831346455654994,8.201373835525755,51,31.0,1846.7473319544088,59.57249457917449,7,23,4,4,0,1,0,1,0,0,1,0.6260311117453974,13.646149862435408,8,5.293071687301956
95,169.0,48,343,16,0.0631830968602265,9.389161898025876,53,6.0,634.1403518134638,105.6900586355773,16,59,2,2,1,0,0,0,0,0,1,0.8472811522500964,10.710505979806412,4,8.131454696507928
89,98.0,23,366,0,0.6111415232112462,7.93205889084886,18,10.0,217.08152888470028,21.70815288847003,16,62,4,1,1,1,0,0,1,0,1,0.5987400453238962,3.6664643821767537,5,7.633364114763108
77,102.0,17,155,9,0.9837350336757578,7.729304626117806,45,16.0,1414.733007654154,88.42081297838462,12,113,4,2,1,1,0,0,1,0,0,0.5175338808879182,17.920921955578216,6,5.417758525483753
70,250.0,1,225,18,0.3608063113780025,3.106923984735765,48,4.0,1228.726164816752,307.181541204188,14,68,2,8,1,0,1,0,0,0,0,0.5397868522092124,18.158825622604283,10,3.807971010403955
44,126.0,31,407,14,0.7528474750913839,1.5393263978897331,21,22.0,2806.1563503596094,127.55256137998224,18,115,0,2,0,1,0,1,0,0,1,0.49399510082739895,53.31985824660818,2,4.847819511570117
73,103.0,31,171,9,0.500033915569608,5.658395185484269,13,13.0,118.47680193789972,9.113600149069208,18,54,2,2,1,0,0,0,0,0,0,0.5880898949221931,2.2511811517668074,4,4.542624446449549
45,172.0,42,137,18,0.1278118443603827,2.119907871520797,48,16.0,2607.647016052875,162.9779385033047,16,57,0,0,0,1,0,0,1,0,0,0.6115362897971593,44.04264588870417,0,2.4326994267423623
56,108.0,42,323,11,0.5822374488025863,9.65976288650192,56,29.0,1964.940992639896,67.75658595309986,16,105,4,1,1,1,0,0,1,0,0,0.5917666874188613,33.1874673981116,5,8.066354389142743
84,122.0,34,341,15,0.2998742684440649,3.6093228636972574,58,6.0,2889.8401268730663,481.6400211455111,13,23,0,2,1,0,0,0,0,0,0,0.6699652314559147,39.65717608132715,2,5.221495099183298
82,100.0,9,159,8,0.0344032084534582,8.676497830458638,13,26.0,3515.0634654703194,135.19474867193537,9,111,4,1,0,1,1,0,0,0,0,0.48674962028999297,33.394911456500004,5,5.93143528797481
57,215.0,22,463,14,0.6349297301177438,4.488621626822134,43,11.0,3174.1188059483966,288.55625508621785,9,60,0,7,1,1,0,0,1,0,0,0.5807159713992013,30.155761771679813,7,6.8835893705252955
21,26.0,13,45,16,0.8589323493247276,3.908748248716397,15,24.0,4923.375403173098,205.14064179887907,13,73,0,5,0,0,0,1,0,0,1,0.19052727810491785,67.56331032380555,5,2.405275927965413
68,283.0,25,182,13,0.3447697668998741,9.416427151389591,32,29.0,699.9440659455865,24.136002273985746,4,88,2,6,1,1,0,0,1,0,1,0.7117551875315851,2.9554794464670158,8,6.531860870283974
50,182.0,48,429,17,0.3902955472127705,4.269903148776016,12,3.0,2154.387674559595,718.1292248531983,9,85,0,0,1,0,0,1,0,1,0,0.6785064486927841,20.467791361845645,0,6.4335487687767845
33,125.0,18,31,1,0.8910216829672115,4.512591177968228,37,10.0,2129.9053758501227,212.99053758501228,15,105,4,5,1,0,0,0,0,0,0,0.3689554751666553,33.72532821287254,9,2.566916831469084
91,190.0,12,215,3,0.8136088133673559,1.9548260165161824,48,1.0,2091.095486477574,2091.095486477574,14,110,2,1,0,1,0,1,0,0,0,0.6317816069368865,30.903418016514788,3,3.1317216254925597
7,100.0,40,136,17,0.7149528235517771,7.034019987542584,11,43.0,3322.353976292915,77.26404596030035,19,55,0,5,0,0,0,0,0,0,0,0.37351523562703687,66.63526344550623,5,4.879735444673096
70,91.0,17,345,6,0.2487970637531479,3.5995547302976214,54,26.0,2454.242022128145,94.39392392800558,12,117,2,2,1,1,0,1,0,0,1,0.478214263307431,31.08874925565522,4,5.256691192804121
15,123.0,15,454,12,0.9102166549666444,6.270437510555565,50,12.0,2591.9884734666857,215.99903945555715,6,80,3,6,1,0,0,0,0,0,1,0.27585416653739636,16.416816067569325,9,7.684316951670568
82,266.0,42,365,14,0.154415757539213,6.322165336478886,37,14.0,2167.456400812356,154.8183143437397,3,63,2,2,1,0,0,1,0,0,0,0.8553456205630119,6.863983661744784,4,6.81839729749796
32,67.0,15,449,0,0.6267705194172218,7.472797260361903,38,25.0,4958.580310482627,198.3432124193051,16,56,3,8,1,0,1,0,0,1,0,0.28835374425436544,83.7494474447146,11,8.235396626172935
75,163.0,15,226,10,0.0288011805465187,7.707173375551971,32,8.0,4638.531130607021,579.8163913258776,17,55,3,2,1,1,0,1,0,0,0,0.5584121882258528,83.24037214186747,5,6.118115745892218
20,125.0,39,105,9,0.6437198063249459,5.630071909613855,32,43.0,1545.5437049282111,35.94287685879561,16,25,2,6,1,0,0,1,0,0,1,0.4450016512128313,26.10392958963616,8,3.867140163223761
88,275.0,13,426,4,0.2771443518733598,3.978927528430627,28,4.0,566.8536845856693,141.71342114641732,6,26,4,3,0,1,1,0,0,0,1,0.7110671247317211,3.590267770219117,7,6.2580008383636105
15,212.0,17,438,15,0.44967697718372,8.537058053512606,4,28.0,4200.425972952628,150.01521331973672,8,49,4,7,1,1,0,0,1,1,0,0.3773967233594563,35.47218480292907,11,8.657306581866523
48,50.0,32,173,10,0.3452645520570531,3.7887908446763614,5,7.0,4985.879554614365,712.2685078020521,19,63,4,1,0,0,0,0,1,0,1,0.44002498536660034,100.0,5,3.6278623562059162
71,114.0,9,157,5,0.1727567562462099,5.567581850223983,30,10.0,1470.118381257831,147.0118381257831,2,45,1,7,1,1,0,1,0,1,0,0.45635199858802344,3.1037513360522238,8,4.356937217697162
21,202.0,40,27,8,0.6219807900938741,4.611273248833552,15,36.0,1795.3467799504135,49.87074388751149,14,73,3,8,1,0,1,0,0,0,0,0.5324220293164392,26.532672651343525,11,2.5761777065811047
42,287.0,20,303,12,0.8819755551406074,8.695705473727193,30,2.0,4708.749575611163,2354.374787805581,12,79,2,7,0,1,0,1,0,1,0,0.5801058155095422,59.64739155468867,9,7.383924881152174
26,246.0,26,204,7,0.9590842422824034,4.8872667803124585,24,26.0,3558.536294835418,136.86678057059302,17,39,4,5,1,0,0,0,0,0,0,0.5110569209948093,63.859415216143745,9,4.4877215665089345
14,230.0,27,160,13,0.192346363153915,4.474892699537358,47,14.0,1485.2352755803845,106.08823397002746,15,97,4,9,0,1,0,0,0,1,0,0.4526410097838669,23.517498810148737,13,3.8406527625943303
57,77.0,21,489,0,0.7173727740629734,7.208413236078737,45,16.0,2909.421991506736,181.838874469171,18,65,2,0,0,1,0,1,0,0,1,0.43613198395807096,55.28201169076829,2,8.504006217237766
37,206.0,18,374,16,0.6643393666056823,6.421969988752984,32,43.0,4721.705601027638,109.80710700064274,16,69,3,6,1,1,0,0,1,1,0,0.4663879943383049,79.74868013062189,9,6.958479984356452
58,265.0,13,132,4,0.3433777895745725,1.9652215014626149,12,42.0,4060.947403659435,96.68922389665322,13,56,2,0,1,0,0,0,1,0,0,0.5798215587035462,55.728240723887055,2,2.30525604131247
21,148.0,16,409,1,0.0190991993537258,5.573519257095669,51,17.0,3711.745241506012,218.33795538270653,17,9,1,6,1,1,0,1,0,0,1,0.3313026517995462,66.60881354445782,7,6.884956021333405
82,158.0,9,196,8,0.6897912473128661,7.619305494999229,9,46.0,3687.6115955178416,80.16546946777916,8,108,1,1,1,0,0,1,0,0,1,0.5449436002231034,31.141517750801757,2,5.7735806032110375
69,108.0,12,462,3,0.9454948605595002,9.928672881322209,23,22.0,898.3214182184289,40.83279173720131,1,70,2,7,1,1,0,0,0,0,1,0.46061847055635874,0.9482795186923063,9,9.593594957695172
3,85.0,44,461,16,0.6321201219156514,6.662321505732872,9,4.0,4125.159383747403,1031.2898459368507,3,28,3,1,1,1,0,0,1,0,0,0.3667932481597078,13.063712193483093,4,7.950399229820343
87,291.0,38,158,16,0.4352927241876341,4.33263759797186,40,19.0,1387.831975892856,73.04378820488716,16,45,4,2,1,1,0,1,0,0,0,0.8761414568867986,23.440209465079793,6,3.7494851316512605
90,118.0,19,113,17,0.5251538941116284,3.0353643982190657,30,2.0,4652.529622928632,2326.264811464316,2,26,1,2,1,0,0,0,0,0,0,0.59835754307804,9.822538931070431,3,2.6499467281676488
37,197.0,7,252,15,0.1996288076599175,8.855472107379882,12,0.0,1829.553555158777,46.91162961945582,15,28,1,0,1,0,0,0,1,0,0,0.3900109552283465,28.969500162010686,1,6.952786153890342
88,151.0,35,471,7,0.7505441637537376,8.331086909021526,2,9.0,4289.72538124086,476.6361534712066,1,40,3,4,1,0,1,0,0,1,0,0.7213462865636778,4.528288691939151,7,8.884982332266274
49,163.0,48,240,10,0.746419830009849,3.105305387014464,58,19.0,1338.5051376438291,70.44763882335943,9,15,1,4,1,1,0,0,0,0,0,0.6554024995018783,12.716487481600907,5,3.957462312745709
19,49.0,18,488,17,0.1455173003874249,2.805688811319161,49,16.0,2577.48941354538,161.09308834658626,16,6,1,9,1,0,0,0,1,1,0,0.236135637998992,43.53328990612169,10,6.292623964777817
89,151.0,16,215,9,0.8779783824996591,7.43623099130058,51,25.0,543.3576244904121,21.73430497961649,4,27,3,4,1,0,0,0,1,0,0,0.609060159991837,2.294300886876005,7,5.872424112884759
85,141.0,39,207,12,0.2691897394733052,3.834568557268835,33,48.0,3303.9933259509085,68.83319429064393,12,38,2,8,1,1,0,0,0,0,0,0.7236814255447795,41.852848711219266,10,3.991432575227604
12,288.0,4,405,16,0.9822560609366148,3.75758918525762,48,18.0,4182.035583082523,232.33531017125128,1,68,4,5,1,1,1,0,0,0,1,0.361937855105557,4.41460997083264,9,5.93691082509374
61,93.0,25,409,17,0.3829030140372458,2.370612223608897,27,23.0,3595.0519336990565,156.30660581300245,1,75,4,5,1,1,0,0,0,0,1,0.49283690774374,3.794982562169137,9,5.28350250459002
41,251.0,32,346,9,0.1778840587344996,3.3757796773884694,18,21.0,2621.0599795639,124.81237997923331,7,85,1,2,0,1,0,0,1,0,0,0.6134143978864475,19.36776984088469,3,5.154823706429706
33,125.0,40,96,15,0.3517201113456523,4.847568018333846,22,11.0,235.12823422128287,21.375294020116623,18,64,4,4,1,1,0,1,0,0,1,0.5036493527176757,4.46767840175672,8,3.385707856862314
50,118.0,13,151,19,0.4401803286971931,7.59554503545174,44,39.0,4667.870625782583,119.68899040468162,15,30,2,9,1,1,0,1,0,0,1,0.40000668758432734,73.91195435004249,11,5.310798569830078
68,230.0,45,326,4,0.0693077730382948,4.026772849723748,31,41.0,3530.392847407387,86.10714261969237,13,82,1,6,0,0,0,0,0,0,0,0.7810269095983382,48.44745890402756,7,5.279919490994138
71,50.0,17,208,12,0.5782183812232895,3.957439055318584,12,4.0,3731.862549443012,932.9656373607528,16,99,4,2,0,1,0,0,1,1,0,0.44111754360201566,63.030425421314995,6,4.062887864332638
86,156.0,49,55,17,0.5976324398689004,3.5642192729719224,32,25.0,3975.456071798928,159.0182428719571,7,3,0,1,1,1,0,1,0,1,0,0.8039964866051823,29.37579407242713,1,2.333211840894779
33,121.0,37,297,16,0.7389304553494722,5.304553007599387,33,32.0,3741.2396953787775,116.9137404805868,16,62,0,4,1,1,0,0,1,0,1,0.48126862785247876,63.1888035742449,4,5.62822840760731
81,112.0,6,24,8,0.0291698922907432,2.6257302814718377,32,30.0,2211.1696588506848,73.70565529502282,13,12,0,2,1,1,0,0,0,0,0,0.47638200309007767,30.34380472860717,2,1.5533461026597666
24,55.0,19,53,13,0.5412382144338301,5.37067660628913,55,0.0,3670.772928146855,81.57273173659677,14,91,0,4,1,1,0,1,0,0,1,0.2684801740702362,54.248804502617745,4,3.2164004273930615
61,280.0,13,410,16,0.0529074332706643,7.337580005752208,4,26.0,3128.8836711735416,120.34167966052084,17,117,0,8,0,0,0,0,1,0,0,0.6069929380488386,56.14912002175447,8,7.777006435741836
61,204.0,26,178,3,0.7011442199666534,1.2681145362935995,55,36.0,4271.541505007244,118.65393069464568,12,30,1,9,1,1,0,1,0,0,0,0.6103305941815258,54.109122729934455,10,2.417624402415337
98,289.0,14,319,17,0.0557279857009844,1.088014422751857,2,34.0,4014.27447853348,118.06689642745523,13,85,3,0,0,0,0,0,0,0,0,0.7716404368578282,55.08774978712599,3,3.7403999969470707
28,292.0,31,53,19,0.9117278483416328,1.676106191390583,59,9.0,216.45816851162684,24.05090761240298,15,38,3,3,1,1,0,0,1,0,0,0.5959038201274226,3.427439951175363,6,1.3691152199437884
58,49.0,4,107,14,0.7020825668844966,5.820940555553009,6,0.0,1900.6465807597003,158.38721506330836,4,85,1,9,0,0,0,1,0,1,0,0.3079971098604639,8.0253868526543,10,3.982614566353659
43,198.0,39,270,10,0.5073897650851571,8.69009574866863,23,0.0,183.2335993976339,91.61679969881696,2,60,1,4,1,0,0,0,0,0,1,0.6111750912993149,0.38684743772367186,5,7.050458695977602
41,173.0,8,118,11,0.4415039232811749,1.0439601941822674,21,38.0,519.3538745828287,13.667207225863912,18,38,2,1,1,1,0,1,0,0,1,0.38821475281102613,9.868258042369742,3,1.7043448265500514
39,33.0,25,292,8,0.1306726304132623,9.42995174126213,44,5.0,3011.0395027980207,602.2079005596041,2,104,3,1,1,0,0,1,0,0,0,0.34374734995853007,6.356983219078839,4,7.640827574037878
86,33.0,13,381,12,0.2909993895646631,1.9565066041348225,22,5.0,4370.370887599644,874.0741775199289,15,15,0,0,1,0,1,0,0,0,0,0.46017695210241794,69.20128671793766,0,4.795888572608494
49,13.0,32,352,14,0.8689591050208962,8.577851752524037,29,22.0,607.9255459592434,27.6329793617838,19,18,1,7,1,0,1,0,0,0,0,0.4069416435876063,12.192944881643129,8,7.815979984478451
17,299.0,38,113,14,0.904452811562494,5.345692884846521,59,5.0,2260.9355444594894,452.1871088918979,15,52,0,1,0,1,0,0,0,1,0,0.6013399299113584,35.800084909692984,1,3.8051109714813767
98,190.0,38,265,4,0.000747708370531,6.934216485509595,17,0.0,4555.285734984154,1138.8214337460386,10,29,3,2,1,0,1,0,0,0,0,0.8192481086891025,48.086175801569965,5,6.122418863997282
70,257.0,28,388,18,0.5941363914775513,5.596146860024642,31,9.0,4073.361908521223,452.5957676134692,11,112,4,1,0,0,0,0,0,1,0,0.7121163860294295,47.29881923004695,5,6.685848981114525
70,125.0,30,215,19,0.7193006090251136,5.293434026614191,55,29.0,2603.1428033649904,89.76354494362036,10,102,4,3,1,0,1,0,0,0,1,0.5919198124167069,27.4791066382219,7,4.801025630541565
98,288.0,3,344,13,0.6187469824576063,8.514094855279524,52,22.0,3860.141482250867,175.4609764659485,5,60,1,0,1,0,0,1,0,0,0,0.7032901536007127,20.37407231218326,1,7.703941215214912
65,78.0,28,52,16,0.0816797648663539,7.802977416110347,6,27.0,2618.2419324822395,96.97192342526812,9,21,2,2,0,0,0,0,0,0,1,0.5123157036200514,24.874645469663186,4,4.42253079222351
74,263.0,3,362,17,0.2177248987989022,5.350620128707037,32,10.0,798.8807630414153,79.88807630414153,19,17,0,4,1,0,0,0,0,0,0,0.5812368445908819,16.022865259592198,4,6.302564573371555
85,190.0,45,254,2,0.250340267381386,2.0047233645645544,4,16.0,632.4332049761787,39.52707531101117,13,105,1,9,1,0,0,1,0,1,0,0.8095799990209928,8.678858991606777,10,3.5474518626429985
5,178.0,34,296,1,0.8317246313050897,2.038626633829673,48,42.0,949.957478014678,22.61803519082567,18,115,2,0,1,0,0,0,0,1,0,0.40696060323389516,18.05016960710583,2,3.9852451806422917
2,258.0,16,364,0,0.4631994363089204,8.21385514647168,27,42.0,1761.1012538787406,41.93098223520811,17,18,0,3,1,0,0,0,0,0,0,0.36490286800845806,31.60369514070539,3,7.754222162414196
22,197.0,22,282,9,0.4868282119412368,5.764515592127801,7,10.0,4653.341045693353,465.33410456933535,6,57,3,5,0,0,1,0,0,0,0,0.4212416293161635,29.47275608237783,8,5.707909098669111
57,63.0,32,485,18,0.9348930465545086,5.334302261974264,14,6.0,4000.395284131471,666.7325473552452,10,119,4,3,1,1,0,0,0,0,1,0.48943209999110626,42.22868160194268,7,7.5268705698648875
66,147.0,38,92,16,0.6370858888547155,7.125101572246436,51,49.0,2169.6797905193243,44.27917939835356,2,37,2,6,1,0,0,0,1,1,0,0.646811366687143,4.580683184756955,8,4.484394473497967
74,177.0,8,119,11,0.8986677015526638,8.729574250728342,3,5.0,2470.4527818399943,494.0905563679988,6,60,0,6,0,1,0,1,0,0,0,0.5255614640707809,15.6470483330656,6,5.55717189490325
98,112.0,8,447,0,0.4565088553415329,6.659858299719747,33,6.0,1335.39119375541,222.565198959235,13,38,1,5,1,1,1,0,0,0,1,0.55731376973613,18.32552715139805,6,7.808887065691536
16,94.0,6,199,11,0.1494362585182942,7.865631121118311,4,47.0,3524.7212527959296,74.99406920842404,18,12,0,8,1,0,1,0,0,0,1,0.1956955397949187,66.97333081023868,8,5.926803536511059
51,221.0,14,480,16,0.9299355940740855,7.887434717052613,32,25.0,4015.8007005955697,160.63202802382278,7,75,1,1,0,1,0,0,1,0,1,0.5135140222096743,29.673912196751512,2,8.75333659700326
39,12.0,32,297,2,0.4587051156675382,4.206353039136632,56,4.0,1202.134431381207,300.53360784530173,2,112,4,9,1,1,0,1,0,0,0,0.3655342587019606,2.5379768017875235,13,5.0791284233759315
86,188.0,35,433,10,0.1816314218788218,3.466748760768961,4,40.0,218.68990269446212,5.467247567361555,14,116,4,7,0,0,0,1,0,0,1,0.7503892243022678,3.231925812408561,11,6.0720517350939
76,47.0,10,406,16,0.3023957403039222,8.210476604576428,37,48.0,3123.2058263832223,65.06678804965047,5,113,0,7,1,1,1,0,0,1,0,0.4154523875020769,16.48447903921373,7,8.173374574833304
88,248.0,3,260,2,0.0508025896889422,4.394609126058191,33,32.0,2816.93547448523,88.02923357766343,18,84,0,9,0,1,0,0,0,0,0,0.6227523339324581,53.52467269692455,9,4.802514983870779
40,151.0,12,221,7,0.4683005914563851,9.130024058704349,57,35.0,2016.6344635940927,57.61812753125981,11,73,1,3,0,0,1,0,0,0,0,0.3865905660936717,23.41663497836549,4,6.779440887067605
38,39.0,49,300,19,0.8531281719102366,1.6272162705710769,25,10.0,3223.0307694483186,322.30307694483184,10,1,1,5,1,1,0,1,0,1,0,0.4926657883179622,34.02272287845853,6,3.8196201593336347
60,199.0,31,142,3,0.9335804560066894,1.5239576086780569,0,34.0,2757.5603569458663,81.10471638076078,11,58,2,5,1,0,0,0,1,0,0,0.6318857126310542,32.020073778928435,7,2.184824495721794
59,34.0,29,210,6,0.9326022075036438,9.343037440912674,3,36.0,1260.402067205022,35.01116853347283,2,3,2,4,1,0,1,0,0,1,0,0.4500485711665836,2.6609929172530253,6,6.775727137290004
10,121.0,5,294,13,0.1252300256287467,6.8360942276329135,38,6.0,1994.6675883573848,332.4445980595641,15,63,2,0,1,1,0,1,0,0,0,0.19242096757624708,31.583947275630265,2,6.363938897383591
99,151.0,25,335,13,0.382053882511057,4.416394208034991,53,43.0,2146.286713038736,49.913644489272926,7,21,0,2,1,1,1,0,0,0,0,0.7045662412122039,15.859532935068316,2,5.564910530871203
64,194.0,41,418,3,0.0282287596507063,7.795543733345645,25,46.0,4402.437492433063,95.70516287897964,9,23,2,6,1,0,0,0,0,1,0,0.704255096180562,41.82542127526188,8,8.086148620179836
63,56.0,31,104,15,0.8551653449714728,7.050941289942771,32,16.0,4804.911729103508,300.30698306896926,5,9,0,7,1,0,1,0,0,0,0,0.5005286638827011,25.360629778090143,7,4.567554813308059
49,237.0,21,287,0,0.3587557620212738,5.780809421376366,32,19.0,4466.07679835852,235.05667359781685,7,118,4,1,0,1,1,0,0,0,1,0.5643438686916948,33.001132441354805,5,5.766156213694195
64,48.0,20,459,16,0.6311170278922348,1.8898600839638624,7,34.0,3598.698340019378,105.84406882409937,2,83,3,2,1,1,0,1,0,0,0,0.4291953732947522,7.597663510150446,5,5.544128438775519
32,25.0,39,438,9,0.7148984380772886,8.309616285634764,19,25.0,2929.113740693051,117.16454962772204,3,109,4,3,1,0,0,1,0,0,1,0.3931520515371447,9.276029198083897,7,8.543585697927602
7,31.0,22,334,15,0.4298446697431554,8.794208716125622,15,31.0,3449.415560975116,111.27146970887468,2,55,0,4,1,0,0,1,0,0,0,0.1940803847636146,7.282493908290364,4,7.743797744836359
21,222.0,4,228,15,0.306442336550243,2.549518196973842,20,49.0,4696.155011456118,95.839898192982,19,110,0,2,1,1,1,0,0,0,0,0.33208075568324014,94.18909863375839,2,3.5593282367634744
20,158.0,13,98,7,0.9622129101159448,8.654604867793601,44,41.0,1257.4936887669205,30.67057777480294,4,116,3,4,1,1,0,0,0,1,0,0.31892834563642014,5.309705349372222,7,5.309266361752512
26,250.0,45,81,6,0.9644882250238542,8.90062579914908,54,17.0,2680.2513332902904,157.66184313472297,7,19,1,7,1,0,0,0,1,0,0,0.6313968295334755,19.805151863608895,8,5.261936146067526
68,281.0,42,256,5,0.2894363680300219,5.944857510596644,55,47.0,3451.1440148120355,73.42859605983054,7,62,1,7,0,0,0,0,1,0,1,0.8138301312214355,25.50150072404961,8,5.5375590158193635
86,68.0,49,138,15,0.4796250967444581,6.905611326004183,25,30.0,3399.4425366081305,113.31475122027102,17,87,1,1,0,0,0,1,0,0,0,0.7157021722239114,61.004411494619795,2,4.835571194064216
15,296.0,20,221,19,0.9728441586600224,4.440135880130423,22,39.0,1268.8720082884138,32.535179699702915,19,91,2,5,1,0,0,1,0,0,1,0.48004500675308126,25.449311287796544,7,4.434496797780643
85,211.0,13,437,15,0.0048684076555032,3.536124827583394,17,31.0,2937.790321674862,94.76742973144717,16,91,1,3,1,0,1,0,0,0,0,0.6347318657877664,49.61870147158163,4,6.146819928821756
79,41.0,17,352,6,0.4126782483791492,7.497848322564803,30,19.0,3981.606580676581,209.5582410882411,3,39,2,8,1,0,0,0,1,1,0,0.4644106755907999,12.609103697318425,10,7.275978269498834
86,171.0,36,105,8,0.1004575496809684,8.756876341142274,51,35.0,2380.6441104507167,68.01840315573476,15,100,2,9,1,0,0,1,0,0,0,0.7394548170945686,37.6955731899341,11,5.430542378987971
92,264.0,33,84,13,0.5091579655626026,6.886697976601728,41,29.0,3968.557402726688,136.84680699057543,14,76,1,1,1,0,0,0,0,0,0,0.8386409311875149,58.6496356250025,2,4.285032355034331
14,263.0,1,432,10,0.0246699545404871,5.604315495818943,11,1.0,1805.8141627952284,1805.8141627952284,15,119,1,7,1,0,0,0,0,0,0,0.32656770420745573,28.59360609267191,8,7.13081506253873
27,18.0,15,63,13,0.4068984313906278,2.430322901597544,0,4.0,4694.413034547157,1173.6032586367892,14,27,3,0,1,1,0,1,0,0,0,0.21898784445368297,69.37674978829442,3,1.846423975848872
40,148.0,13,353,6,0.2206990747853351,1.4811284134433635,41,28.0,2674.302918090514,95.51081850323264,7,46,3,5,0,1,0,1,0,0,1,0.38970298162844746,19.761197304230038,8,4.277638355018275
58,19.0,17,468,0,0.5333083624587408,5.011226112220718,8,18.0,2983.780274455145,165.76557080306364,3,34,2,9,1,0,0,0,1,0,0,0.35748861214699723,9.44914926381929,11,7.194991813625389
28,223.0,24,422,12,0.9959936491006997,1.4441460732767917,2,26.0,166.49422833489612,6.4036241667267735,17,33,3,0,1,0,0,0,1,1,0,0.48381590803951047,2.9878082383929474,3,4.95052995046605
26,282.0,8,63,19,0.8005361051267477,6.124011687165026,59,40.0,859.6429942716853,21.49107485679213,10,92,2,1,1,1,1,0,0,0,0,0.4369732406999488,9.074500822565867,3,3.693268368632613
63,57.0,27,227,2,0.8456420916244214,4.444562721859942,50,19.0,3168.340063550513,166.7547401868691,15,95,0,2,0,1,0,0,1,0,0,0.47704221244593914,50.16810124280073,2,4.496830459126364
66,120.0,45,25,19,0.6352649873590809,7.814702077137725,25,6.0,2105.1531551935336,350.8588591989223,6,96,2,8,0,0,0,0,0,0,1,0.6625782085409414,13.33335873081754,10,4.1578520405728705
25,162.0,23,108,3,0.0415598482722585,3.750836471525651,8,1.0,2545.737314386292,2545.737314386292,17,50,2,4,1,1,0,0,0,0,1,0.4043682335607801,45.68431588756458,6,2.9575825644201403
3,132.0,46,29,10,0.2067976760441441,6.336844308706889,41,8.0,324.2273295811652,40.52841619764565,17,20,3,9,1,0,0,1,0,0,0,0.42619533675434296,5.818394403956112,12,3.4590033166780936
72,111.0,8,55,1,0.925064556447055,5.839151695795905,50,33.0,4172.3348396678175,126.43438908084296,14,40,0,9,1,0,0,0,1,0,0,0.4512599202040196,61.661176397219286,9,3.47067805230677
44,250.0,8,460,13,0.3661131179287512,1.0424118297001703,15,43.0,3924.682955458124,91.27169663856102,18,99,4,1,1,1,1,0,0,0,0,0.4775934900158503,74.57301472923604,5,5.130424351723834
97,200.0,26,202,11,0.1036367264807955,1.651504584378793,23,21.0,934.9163388520292,44.51982565962044,5,95,4,9,1,1,0,0,0,0,1,0.7517717617096499,4.934547912608078,13,2.849800388381781
42,226.0,47,392,16,0.702405365866202,3.613313912374185,49,24.0,3175.303492714323,132.30431219643012,8,58,4,4,1,1,0,0,0,0,1,0.6842079245805954,26.81512613821248,8,5.734512667609938
99,60.0,13,67,11,0.2994577239342546,8.940115729186886,13,0.0,4093.392906154816,163.73571624619262,7,31,0,4,1,0,1,0,0,0,0,0.539792505631015,30.247263432677112,4,5.141400549964184
6,90.0,39,446,11,0.2688569129041717,2.323134594098007,2,47.0,3207.862140713844,68.25238597263498,4,38,1,0,1,0,1,0,0,1,0,0.35331893779098744,13.545040361434365,1,5.630505172800506
39,97.0,37,120,0,0.9979774555582605,7.398048974144874,33,43.0,1558.8864955262657,36.25317431456432,18,86,0,2,1,1,0,0,0,1,0,0.48143078453637456,29.620447539696237,2,4.901429296691676
52,203.0,49,138,12,0.8581389250266543,9.760299095370586,32,19.0,3283.994640886054,172.84182320452916,5,45,3,4,0,0,0,0,0,0,1,0.7137799398668965,17.333132630988487,7,6.262915078747417
23,113.0,28,346,13,0.407937818367841,8.115107974220397,49,29.0,1060.2041209392291,36.5587627910079,16,41,2,8,1,1,1,0,0,1,0,0.377735790779269,17.906639349888355,10,7.5244878548456695
89,280.0,25,203,1,0.9802612078164992,3.186508255183396,23,10.0,1598.09243642431,159.809243642431,14,9,2,9,1,0,0,0,0,0,0,0.7935936389352538,23.61753392478602,11,3.6273222638642433
50,105.0,16,422,11,0.6501132234192136,9.175287343717734,8,12.0,1207.9475690048214,100.66229741706844,19,116,3,0,1,1,0,1,0,0,0,0.4053305562622333,24.227371635700308,3,8.816100585686522
43,207.0,2,349,15,0.7420224518797602,1.837964408575511,12,33.0,2789.0562609271306,84.51685639173122,14,9,3,7,1,0,0,1,0,0,0,0.3936745793888651,41.21828585082799,10,4.415976192263708
19,10.0,18,335,3,0.0315130430822115,5.2132774768366215,1,7.0,550.0509673600875,78.57870962286964,9,63,2,0,1,0,1,0,0,0,0,0.19700520321638332,5.225767196523297,2,5.963352165272019
69,176.0,17,17,7,0.1216052593480571,8.987877169537724,6,17.0,4667.21879793821,274.5422822316594,6,79,1,8,1,0,0,0,1,0,1,0.5594581402034818,29.560653273421426,9,4.6642792661315875
51,135.0,30,38,1,0.6330851264962384,6.771391383311828,47,10.0,1674.2266447777054,167.42266447777052,17,77,1,5,1,0,1,0,0,1,0,0.5251855804650836,30.044694114813147,6,3.7664572147020063
11,90.0,39,121,9,0.8990239826494839,4.72280108254929,20,0.0,1102.6609342579486,35.56970755670802,19,22,1,0,1,0,1,0,0,0,0,0.37352095799300766,22.115675322269883,1,3.5738253909740436
12,151.0,13,444,8,0.6237437260875957,3.635315800634519,18,6.0,2487.783569873138,414.6305949788563,12,16,3,7,1,1,0,0,1,0,0,0.27958170194195037,31.51363187036428,10,6.266555695908442
74,178.0,32,170,14,0.1340248943189917,4.37589464786515,24,17.0,1392.2191140890332,81.89524200523725,4,32,2,4,1,0,0,0,1,0,0,0.6735035840625904,5.8785768418651445,6,3.8913541375598295
8,82.0,29,140,12,0.1157600462463246,5.580476029083576,46,37.0,2679.171391049395,72.4100375959296,16,66,2,6,1,1,0,0,1,1,0,0.2921485002230344,45.25067853307291,8,4.193043625764233
24,151.0,46,197,16,0.8441858958240817,3.8713953688552665,21,18.0,1749.0606574126066,97.1700365229226,11,90,2,6,1,1,0,1,0,0,0,0.5301073667533295,20.30963752184234,8,3.9096455802192165
92,79.0,30,172,15,0.1393023387079143,9.720710758740696,10,26.0,669.0133857375137,25.73128406682745,4,14,0,6,1,0,0,0,0,0,1,0.6346548551517496,2.8248761681940486,6,6.583802273157923
41,271.0,18,206,1,0.5202319605040254,9.397698877595309,32,49.0,1336.8172577160374,27.2819848513477,17,38,0,5,1,0,0,1,0,0,0,0.5477670018042688,23.98974220172829,5,6.76297769531068
36,254.0,13,484,19,0.0371133199623022,8.836043213928885,31,0.0,2197.814826358011,137.3634266473757,8,98,4,7,1,1,0,0,0,0,0,0.4798958805169985,18.56033035344439,11,9.267721005762038
85,12.0,43,373,19,0.0806697673911773,4.796468519703881,20,8.0,161.16320013333186,20.14540001666648,14,8,0,8,1,0,0,1,0,1,0,0.6187397833360566,2.381762944259026,8,6.13570920975174
72,72.0,21,213,13,0.6723482676428648,7.22171592401706,38,24.0,3855.5062098036624,160.6460920751526,2,100,1,1,0,1,0,0,0,1,0,0.4917213221561048,8.139842819730758,2,5.745126499082678
55,58.0,30,221,2,0.6891814104275167,9.12546376332368,19,13.0,3112.904577306175,239.4541982543212,11,21,1,6,0,0,0,1,0,0,0,0.4640896715430877,36.146238460761445,7,6.777160739377271
9,85.0,21,118,11,0.3414694066084424,8.653865389110353,7,29.0,3010.784440318988,103.82015311444786,11,56,1,1,1,1,0,0,1,1,0,0.2502193458715198,34.960445985754454,2,5.509297424014094
47,184.0,48,285,7,0.2156097652430447,4.7289431261818695,41,32.0,2734.789160095002,85.46216125296881,6,46,1,5,0,0,1,0,0,0,1,0.6683919255347827,17.321269397781947,6,5.220182985936626
15,118.0,17,82,1,0.813710270757308,2.0114744439003465,36,24.0,2955.662729902092,123.1526137459205,14,43,4,1,1,0,0,1,0,1,0,0.28308234208855326,43.68049256892563,5,1.8273805085233195
48,151.0,40,176,3,0.2171032294698903,1.6806732745109452,8,16.0,4673.913244009031,292.1195777505644,10,92,1,9,0,1,0,0,0,0,0,0.5903423698454755,49.33842288018103,10,2.603863691363689
82,201.0,19,269,13,0.5420270696663797,6.193576407031324,24,0.0,52.760361945596046,4.796396540508732,8,46,3,5,1,0,0,0,1,0,1,0.6493119027280518,0.44555607484924864,8,5.792178985078788
42,74.0,15,252,15,0.9682088408629056,6.783651416898385,24,32.0,248.52055119216885,7.766267224755277,7,108,3,1,1,0,0,1,0,0,0,0.3357811960296433,1.836390190895432,4,5.916875808649593
60,280.0,9,284,18,0.1478524378623837,8.648583441373216,32,6.0,965.5521155547036,160.9253525924506,8,48,3,0,1,0,0,1,0,0,1,0.5784627380900673,8.153992785579284,3,7.1699831034521395
84,109.0,10,111,1,0.9408762674947088,3.6326351830692793,1,35.0,844.833886165819,24.138111033309112,8,70,0,6,1,0,0,0,1,0,0,0.509982977684841,7.134539194553412,6,2.9285420404324354
70,151.0,44,484,11,0.1828930530686686,2.5072344149503825,18,33.0,914.1603527512216,27.70182887124913,2,84,2,2,1,0,0,1,0,0,0,0.7037210546527316,1.9299985990175592,4,6.103316606272786
12,151.0,31,182,13,0.5674432080232296,4.411052498603795,45,18.0,3362.9999903847643,186.8333327991536,16,31,4,3,0,0,1,0,0,0,0,0.3897857835746035,56.80040925340808,7,4.029173543891076
2,52.0,23,180,5,0.3770077119587446,4.182176112690476,19,0.0,2302.821672240325,62.23842357406284,9,33,3,5,1,1,0,1,0,0,1,0.20107104765489858,21.87799071055614,8,3.8946952707740956
7,87.0,30,150,12,0.964928601501826,2.1922205861606927,41,13.0,4958.976602890119,381.4597386838553,13,44,3,4,1,1,1,0,0,0,0,0.29924726757024894,68.0518643558281,7,2.5991163051043946
80,151.0,33,406,3,0.2735420290019369,7.050543872618369,40,0.0,1142.160714866695,114.21607148666946,12,71,1,3,0,1,1,0,0,0,1,0.6767781562812619,14.46815259212303,4,7.5934082088542745
3,279.0,9,197,17,0.3996580020857536,5.578227466564384,41,37.0,1561.0422041271984,42.190329841275634,17,8,3,8,1,0,0,0,1,1,0,0.34715636330543165,28.01355220908138,11,4.763061629073775
3,151.0,47,450,11,0.9828601178554204,7.490104805032897,28,26.0,4921.361176840229,189.28312218616264,2,73,1,5,1,0,0,1,0,0,0,0.45138133088443644,10.390102948542422,6,8.254070438588593
27,198.0,1,95,19,0.5364703911884732,4.174220081527612,5,46.0,4160.473122603213,90.44506788267854,13,2,1,5,1,0,0,0,1,0,1,0.3138755654283605,57.09402872166284,6,3.0390138483790365
40,256.0,44,485,18,0.5026301156212535,3.931319904199321,16,17.0,2354.2981111858785,138.48812418740462,1,17,2,1,1,1,0,1,0,0,0,0.6878601040091723,2.485227040630022,3,6.825379390977416
33,225.0,35,61,7,0.2577784882039913,5.253182677394701,59,1.0,2777.438458874489,2777.438458874489,19,52,0,5,1,0,0,1,0,1,0,0.5733715559802517,55.70608813251429,5,3.23781378358713
92,177.0,11,120,6,0.7013635603104414,8.896666108556323,24,25.0,4217.457824057674,168.69831296230694,11,45,1,6,1,0,0,0,0,0,0,0.6166560837368291,48.972023530035365,7,5.650737863897399
1,202.0,34,446,15,0.0143729517777776,1.362531760605823,37,34.0,2410.0914277711768,70.88504199326991,5,37,1,7,1,0,0,1,0,0,1,0.41487925463080744,12.720615877465335,8,5.150203756054414
8,292.0,16,374,18,0.0495126297022935,8.243495355668248,3,39.0,1038.0583806746008,26.616881555759,1,42,2,7,1,0,0,0,1,1,0,0.42325900462546423,1.0957876341775852,9,7.869242667814084
32,22.0,9,351,5,0.5993585871358027,4.320888513919808,29,10.0,4143.938247386383,414.39382473863833,13,44,1,8,0,0,1,0,0,1,0,0.20646854870457357,56.86712120111908,9,5.6774783250961764
48,249.0,32,52,19,0.3416745738184541,8.6915712320963,19,20.0,2693.4847314654608,134.67423657327305,8,81,4,9,1,1,0,1,0,0,1,0.6396905372060652,22.746214020586464,13,4.866827700216486
4,156.0,15,220,10,0.9533163722009604,8.219827079522709,2,7.0,773.6825598474683,110.52607997820976,6,117,0,2,1,1,0,0,0,0,0,0.26452008998592846,4.900254923863314,2,6.314322357396625
94,213.0,12,465,4,0.9031906907227856,4.138851226564795,22,16.0,2532.873297610144,158.304581100634,17,38,4,9,1,1,0,0,1,0,1,0.6669797421350216,45.45346575127464,13,6.728744250556947
70,89.0,33,209,15,0.7137062586767072,7.244888817894544,50,37.0,2071.884869178325,55.99688835617096,12,99,3,6,1,0,0,1,0,1,0,0.5741667580176897,26.245296349631058,9,5.716632785700779
19,52.0,45,307,6,0.8181455811278013,2.436694810960961,17,29.0,4385.444234089972,151.22221496861974,1,111,0,6,1,1,0,0,1,0,1,0.4044517938927876,4.629330730867211,6,4.294499710089699
32,98.0,14,355,4,0.6673318496676933,9.066533969474092,25,12.0,639.01660248991,53.25138354082584,3,103,3,0,1,0,0,0,0,0,0,0.31333497420453943,2.023662167982004,3,8.090381213193961
9,157.0,8,249,10,0.1255821027101606,4.640419580067185,55,17.0,4377.296924195647,257.48805436444985,14,94,1,7,1,1,0,0,0,1,0,0.2428683118124112,64.69022457634829,8,4.815199769993512
12,104.0,8,124,14,0.7655433696892027,5.100630538196802,35,48.0,2565.9329738833208,53.45693695590251,8,6,2,3,1,1,0,0,1,0,1,0.20181226640853972,21.669051955113467,5,3.7928002390382805
11,160.0,27,35,2,0.2101919687188463,7.351831459332864,7,20.0,2027.7785056059267,101.38892528029632,11,68,4,4,1,0,0,1,0,0,1,0.37028568395028016,23.546036696270086,8,4.026617132472043
46,11.0,12,416,4,0.3234428551001967,8.387562130343658,16,26.0,818.2162501706723,31.46985577579509,14,51,3,5,1,1,1,0,0,0,0,0.27036476291134676,12.092072777376108,8,8.362117738518522
16,31.0,1,308,4,0.8192342121024202,3.1270846899538864,30,48.0,3507.08163356701,73.0642006993127,8,101,1,2,1,1,0,0,0,0,1,0.10187259255582239,29.616959952611545,3,4.649714689666322
1,16.0,43,86,8,0.5365256083934482,6.952151258892959,36,19.0,4634.765478459102,243.935025182058,3,35,4,4,1,0,0,1,0,0,0,0.2833592218685387,14.677552225843446,8,4.337799076340267
63,151.0,40,421,14,0.8599407141834092,4.527982395002336,44,47.0,1883.132995957605,40.0666594884597,7,58,4,9,1,1,0,1,0,0,1,0.650948430451536,13.915014051510132,13,6.482428071248663
21,123.0,42,146,2,0.2130353198432641,4.318326316035652,56,12.0,1215.5091533474588,101.29242944562156,19,57,3,4,1,0,1,0,0,0,0,0.4654027132288001,24.37903162386908,7,3.6220890097212326
30,281.0,11,29,5,0.6077784386068872,7.210232415465892,32,21.0,2778.7859158257934,132.3231388488473,4,73,1,0,0,0,0,0,0,0,1,0.47049885931873514,11.733287072389588,1,3.8956973700575954
13,92.0,39,449,16,0.0837909725482616,4.484649467403409,26,42.0,3982.9678826850127,94.83256863535745,16,6,2,2,1,0,0,0,0,1,0,0.38360845503702645,67.27154517589081,4,6.741322729693689
34,188.0,43,220,7,0.6430609935400297,4.114976501479669,44,34.0,28.80079580715993,0.8470822296223508,13,13,3,2,1,0,0,1,0,0,0,0.5892678060379923,0.3952323244409909,5,4.261897068375105
4,219.0,31,249,10,0.7625340377755347,8.522995673136183,3,7.0,3160.573407613192,451.5104868018845,19,59,4,0,0,0,0,1,0,1,0,0.425689976000535,63.39048853853928,4,6.756487816528011
28,133.0,17,48,5,0.5849308939787217,1.9114851144790568,21,45.0,2986.614843486168,66.36921874413707,5,86,4,6,1,1,1,0,0,0,0,0.35065776183788605,15.76354314203671,10,1.4367044810872238
95,122.0,33,444,7,0.2662315014988102,7.083033605471896,25,35.0,1597.5794071627586,45.64512591893596,5,92,0,0,1,1,1,0,0,1,0,0.7082872269207673,8.43212574348682,0,7.990414598327131
59,21.0,32,277,9,0.0313426688588667,3.238528544115621,31,15.0,2262.600787988802,150.8400525325868,4,30,1,6,1,1,0,0,0,0,1,0.45537243984448955,9.553720718279266,7,4.394815374262219
27,135.0,29,216,2,0.1194488839642857,1.1394841764357126,23,1.0,1242.3464885674864,1242.3464885674864,2,116,0,3,1,1,0,0,1,0,1,0.42209343451579473,2.6228735201800504,3,2.7340707455324855
69,62.0,21,488,13,0.6223029790740262,2.500878419854228,45,26.0,3951.529832379696,151.9819166299883,13,100,2,8,1,1,0,0,0,0,1,0.46956666521883916,54.22670717873312,10,6.14021876904535
25,292.0,21,448,13,0.9344202168425138,6.459953767982809,34,35.0,3176.329317496877,90.7522662141965,16,2,3,6,1,0,0,1,0,1,0,0.5225581182102921,53.64757825550256,9,7.718954839903228
3,149.0,40,471,9,0.2065344039720064,7.382144723373436,36,0.0,2668.2309939745364,106.72923975898146,2,58,4,4,1,1,0,0,0,0,0,0.40651749906408297,5.633237171933569,8,8.41051123944223
97,106.0,23,276,11,0.7350261491050988,1.1895200520068805,31,42.0,1968.7057301049576,46.87394595487995,19,36,1,6,1,0,0,0,1,0,0,0.6390900334999714,39.48562552585023,7,3.360291088127689
68,14.0,6,163,5,0.8664510632490415,1.3278289897154814,6,15.0,1464.0080862434534,97.60053908289689,17,72,4,8,0,1,1,0,0,0,1,0.3255289913675007,26.272234568717984,12,2.297181027923873
25,66.0,22,51,11,0.5208821784475111,9.122879033586578,32,22.0,4115.455065356723,187.0661393343965,5,45,0,9,1,0,0,0,1,1,0,0.3019247143470746,21.721633645983943,9,5.072461560881465
20,78.0,38,420,13,0.6692657958436578,1.6597523630234785,30,6.0,2262.524275463509,377.0873792439182,18,106,0,5,0,0,0,0,1,0,1,0.39172201159778797,42.990289415543245,5,5.0382930151790735
34,127.0,37,20,1,0.8150153166761481,9.04763942754914,54,15.0,2512.222625009947,167.48150833399646,18,114,3,0,0,1,0,0,1,0,1,0.49132909878251485,47.73481500141158,3,4.724220515377776
26,68.0,45,303,8,0.2606751577405936,3.053493223758152,11,24.0,2608.9353653983007,108.7056402249292,8,9,1,5,0,0,1,0,0,0,0,0.44878813388130157,22.03220292804087,6,4.562818756167653
5,42.0,8,107,9,0.296895674268043,7.660160201423915,10,21.0,2247.3510078035665,107.01671465731268,15,65,1,0,0,0,0,0,1,1,0,0.11132208026617964,35.58498476367926,1,4.9022243892891115
99,59.0,41,436,16,0.0006275166284561,3.787599240514108,23,7.0,1287.8812469297343,183.9830352756764,13,77,3,3,1,1,0,0,1,0,0,0.710217732577981,17.673549794810157,6,6.2625370952069535
61,28.0,49,284,16,0.9630941308978024,8.728768230482654,7,29.0,610.4987968128296,21.051682648718263,13,50,0,7,1,0,0,0,1,0,1,0.5745582919495963,8.377853867245502,7,7.210075498006859
92,223.0,35,457,2,0.9175448945963448,7.304093788819221,31,32.0,501.7009631670261,15.678155098969563,16,79,0,4,1,0,0,1,0,0,0,0.8097487054008793,8.473630720247414,4,8.231205211042877
93,206.0,11,399,18,0.7645682637594303,4.616321127415256,56,32.0,3789.737991470037,118.42931223343864,13,32,0,4,1,1,0,0,1,0,0,0.6497934777437883,52.00644334343957,4,6.306156555691596
9,56.0,24,439,0,0.0790760209766481,1.686722087566716,37,5.0,1125.4038332845416,225.0807666569084,2,98,4,9,0,1,1,0,0,0,0,0.2394897028437401,2.3759812105516342,13,5.242158638973739
50,176.0,49,381,11,0.4475028896995081,7.594301654837263,59,4.0,287.80734662033814,71.95183665508453,3,43,2,7,0,1,0,0,1,0,0,0.6786088307827438,0.9114392908626469,9,7.614786097959714
6,298.0,21,239,6,0.1018917539715528,6.551962803686634,21,22.0,3989.611859412471,181.34599360965777,15,95,0,7,1,0,0,0,1,0,1,0.45181050833224745,63.17227559790073,7,5.670770981001634
83,150.0,2,378,3,0.0159202672627986,1.0262054605040989,33,18.0,778.7676477746335,43.26486932081297,19,78,2,0,1,0,1,0,0,0,0,0.4981001055535217,15.61946371235331,2,4.300677880552651
60,93.0,40,435,9,0.6161829652125973,1.0847787037520078,18,35.0,3129.4789977494365,89.4136856499839,13,54,2,4,1,0,0,0,1,0,0,0.5806332383972136,42.945732015581456,6,4.901106786745744
44,191.0,19,229,12,0.9608294170801884,8.279136758734246,51,17.0,1699.8299245248377,99.98999556028456,5,47,1,4,1,0,1,0,0,0,0,0.4857431043766447,8.971810478948482,5,6.434157557723837
11,88.0,39,74,1,0.90286802343215,3.3345976492166844,19,24.0,641.1364808896342,26.71402003706809,6,14,3,7,1,0,0,0,1,0,0,0.37151426902979695,4.060750959627707,10,2.408781790540206
66,224.0,28,364,9,0.6967548149354044,6.725203009552591,55,2.0,2078.260086479256,1039.130043239628,14,48,4,0,1,0,1,0,0,0,0,0.6628444019748367,30.713729054857016,4,7.0098960939546515
47,23.0,17,241,3,0.0966405841648714,5.0879297778872274,13,13.0,83.89621705179945,6.453555157830727,4,55,2,6,0,0,0,0,1,0,0,0.31705754562897426,0.35424765662947233,8,4.958794548262251
73,224.0,6,337,17,0.2741640376723001,8.770870130695904,32,15.0,4206.814462737676,280.45429751584504,19,29,4,6,1,0,0,0,1,0,1,0.5564333527066446,84.37457055785323,10,7.76218857236198
85,137.0,19,452,4,0.3200567268852909,9.252650017922395,9,5.0,2572.354827095868,514.4709654191736,7,47,1,8,0,0,0,1,0,0,1,0.5972190680265215,19.007873390432994,9,9.155383125193662
88,257.0,38,61,18,0.7631500577455612,9.971269414109686,15,3.0,704.4084544307294,234.80281814357647,4,63,0,1,1,0,0,1,0,0,1,0.8460681485526206,2.974330107613859,1,5.596857151944623
98,38.0,28,383,1,0.8022491792351141,2.383157222265221,3,37.0,1192.5317887610336,32.23058888543334,2,19,2,2,0,0,0,0,1,0,0,0.6055152576891708,2.517703458333036,4,5.029253961834014
86,289.0,2,440,11,0.3851061229899204,8.766676418279278,26,37.0,2245.396208771248,60.68638402084454,7,91,3,3,1,0,0,0,1,0,0,0.6496862006178776,16.591881647940127,6,8.79215584441018
3,211.0,38,385,16,0.4178839966176096,3.394192390559216,27,37.0,952.4582202495878,25.742114060799672,3,9,1,0,0,1,0,0,0,1,0,0.45647995896443094,3.016281047146965,1,5.554811626141332
