customer_id,customer_since,region,plan_type,login_frequency,session_duration,app_visits,pages_viewed,cart_activity,email_open_rate,feature_usage_score,last_login_days,purchase_count,total_spend,avg_order_value,purchase_frequency,last_purchase_days,payment_failures,refund_count,subscription_status,churn
CUST-0001,2023-07-01 17:10:26.719034,Asia,Pro,48,85.0,41,128,6,0.7211323573568237,1.400581353485542,20,43.0,212.5739666588433,4.943580619973099,5,47,4,6,Active,0
CUST-0002,2023-07-02 17:10:26.719034,South America,Pro,66,295.0,8,302,10,0.18378466510790115,3.602230465768849,24,16.0,1959.8573929893507,122.49108706183442,14,97,4,7,Active,1
CUST-0003,2023-07-03 17:10:26.719034,North America,Basic,70,286.0,26,380,6,0.32838549961660535,5.06156659459876,10,,3956.339891389564,119.88908761786557,8,2,2,0,,1
CUST-0004,2023-07-04 17:10:26.719034,Asia,Enterprise,28,165.0,29,253,3,0.4872120069219139,2.0528474174673184,8,48.0,4017.0000919904164,83.68750191646701,15,106,3,3,,0
CUST-0005,2023-07-05 17:10:26.719034,Asia,Pro,93,257.0,10,77,11,0.0247648775761512,5.079407146795192,49,19.0,3583.582406589716,188.60960034682716,15,80,3,3,Active,1
CUST-0006,2023-07-06 17:10:26.719034,South America,Basic,26,227.0,17,223,5,0.24881902701993186,8.678582310320204,24,21.0,1029.1507166436236,49.007176983029694,19,25,0,4,Active,0
CUST-0007,2023-07-07 17:10:26.719034,North America,Enterprise,25,199.0,2,227,13,0.40788960850728007,6.23188917752548,34,22.0,1243.5535434638598,56.525161066539084,6,60,3,3,Active,1
CUST-0008,2023-07-08 17:10:26.719034,North America,Enterprise,12,172.0,6,186,11,0.27963631849320625,1.710368695345711,51,9.0,4980.4827490499165,553.3869721166574,19,79,3,8,Active,1
CUST-0009,2023-07-09 17:10:26.719034,Asia,Enterprise,5,189.0,5,308,10,0.13637032746756583,2.725041869472469,31,9.0,525.8562559377798,58.42847288197553,8,24,3,6,Active,0
CUST-0010,2023-07-10 17:10:26.719034,Europe,Pro,98,43.0,28,173,18,0.7280122577961974,5.270899151427006,48,9.0,911.5068675230228,101.27854083589142,6,15,1,1,Active,1
CUST-0011,2023-07-11 17:10:26.719034,Asia,Pro,48,50.0,41,67,4,0.8131476551679849,4.253384348396309,13,27.0,658.8310156941617,24.401148729413396,15,95,0,0,Active,0
CUST-0012,2023-07-12 17:10:26.719034,Asia,Basic,37,84.0,5,278,13,0.25747897614372484,4.228543175914889,0,17.0,1644.9982687812417,96.7646040459554,3,14,2,8,Active,0
CUST-0013,2023-07-13 17:10:26.719034,Asia,Enterprise,79,288.0,18,317,15,0.7744194946063033,5.763407033292312,16,44.0,1058.7774178172776,24.063123132210855,10,54,3,0,Active,0
CUST-0014,2023-07-14 17:10:26.719034,Asia,Enterprise,44,185.0,26,67,12,0.38555356440131383,6.259563294305117,24,45.0,2493.462918143383,55.410287069852956,15,78,1,5,Active,0
CUST-0015,2023-07-15 17:10:26.719034,South America,Basic,15,159.0,20,297,19,0.5066857908540028,8.17175413248572,58,8.0,2385.3433273317983,298.1679159164748,16,6,3,1,Expired,1
CUST-0016,2023-07-16 17:10:26.719034,North America,Basic,43,282.0,41,474,3,0.8560010748931528,4.068699071162362,7,16.0,4508.513041062002,281.78206506637514,17,78,1,3,Active,1
CUST-0017,2023-07-17 17:10:26.719034,South America,Basic,48,117.0,49,114,10,0.7499536818024078,8.24919654736528,4,18.0,183.3523377494596,10.186240986081089,19,81,0,5,Active,0
CUST-0018,2023-07-18 17:10:26.719034,South America,Enterprise,87,148.0,27,237,16,0.8051168513161777,4.047501062013692,4,33.0,1606.199087572139,48.67269962339815,11,18,3,4,Active,0
CUST-0019,2023-07-19 17:10:26.719034,South America,Enterprise,70,280.0,49,256,6,0.13684516658635681,1.4988969004711046,40,1.0,2987.32288106548,2987.32288106548,16,20,1,5,Active,1
CUST-0020,2023-07-20 17:10:26.719034,Asia,Basic,46,298.0,12,197,13,0.06971942583372948,5.9876888590431205,34,12.0,3027.9607916013797,252.33006596678163,5,115,4,2,Active,1
CUST-0021,2023-07-21 17:10:26.719034,Europe,Pro,43,221.0,7,92,10,0.8934047290879871,6.291120924053331,18,6.0,2405.829882780904,400.97164713015064,5,62,4,4,Active,1
CUST-0022,2023-07-22 17:10:26.719034,North America,Basic,21,281.0,3,195,8,0.38783426957109435,9.410862210596742,22,41.0,4080.171048665022,99.5163670406103,14,81,1,1,,0
CUST-0023,2023-07-23 17:10:26.719034,Europe,Enterprise,23,75.0,10,261,12,0.28787967806968084,7.53455193456227,8,5.0,322.9836353581494,64.59672707162989,18,80,3,6,Active,0
CUST-0024,2023-07-24 17:10:26.719034,South America,Enterprise,80,257.0,34,364,17,0.7246962542618245,9.259953872449955,53,16.0,4079.2839502448783,254.9552468903049,8,40,3,2,Active,1
CUST-0025,2023-07-25 17:10:26.719034,South America,Enterprise,47,,25,247,10,0.8364155965798566,9.175124892187085,29,18.0,2478.823659774161,137.71242554300895,5,39,0,0,Active,0
CUST-0026,2023-07-26 17:10:26.719034,Europe,Basic,15,56.0,35,369,14,0.8624896218983009,6.441166992324179,49,49.0,677.4658684342409,13.825834049678384,7,52,0,7,,0
CUST-0027,2023-07-27 17:10:26.719034,Europe,Basic,25,210.0,16,193,18,0.31599714112522737,5.749858588028028,15,18.0,4429.652548566984,246.0918082537213,16,32,2,7,Expired,1
CUST-0028,2023-07-28 17:10:26.719034,Europe,Basic,36,157.0,2,293,0,0.852212391201674,6.016968704472399,32,1.0,3249.651609909408,3249.651609909408,14,108,0,2,Expired,0
CUST-0029,2023-07-29 17:10:26.719034,South America,Basic,75,133.0,24,394,3,0.04093394437434539,9.80497726909523,1,19.0,826.0929772524551,43.47857775012921,5,73,3,6,Active,0
CUST-0030,2023-07-30 17:10:26.719034,South America,Enterprise,51,10.0,10,435,13,0.049661491459718876,7.95850922572263,13,8.0,177.91211976114278,22.239014970142847,9,27,2,8,,0
CUST-0031,2023-07-31 17:10:26.719034,North America,Enterprise,15,256.0,38,219,13,0.6235191951741544,1.9563931431315624,45,3.0,714.1371451799199,238.0457150599733,4,110,0,7,Active,1
CUST-0032,2023-08-01 17:10:26.719034,North America,Enterprise,68,137.0,22,313,2,0.06310636911554623,8.005855661032598,0,25.0,3047.9018213001636,121.91607285200655,4,52,1,2,Active,1
CUST-0033,2023-08-02 17:10:26.719034,South America,Enterprise,21,200.0,26,305,16,0.3246091685101615,2.534842440084033,25,5.0,904.6882139476418,180.93764278952835,16,97,4,1,Expired,1
CUST-0034,2023-08-03 17:10:26.719034,Europe,Pro,13,76.0,43,106,2,0.672755986246924,5.026154941050631,57,40.0,1136.5577436263902,28.413943590659756,17,63,0,9,Expired,0
CUST-0035,2023-08-04 17:10:26.719034,Europe,Pro,86,13.0,39,456,15,0.33726689605422633,2.8941370495888084,24,19.0,135.44723152400775,7.128801659158302,15,74,0,6,Active,0
CUST-0036,2023-08-05 17:10:26.719034,North America,Enterprise,19,152.0,27,469,13,0.17959978144009592,7.206247589799068,15,18.0,3617.424054470632,200.96800302614622,4,63,1,6,Active,0
CUST-0037,2023-08-06 17:10:26.719034,South America,Enterprise,34,200.0,29,465,19,0.28135062185384163,8.89578762573732,14,31.0,4053.718354799591,130.76510821934164,6,17,3,8,Active,1
CUST-0038,2023-08-07 17:10:26.719034,North America,Basic,78,30.0,47,481,12,0.4575753322504318,3.6132569683001288,25,33.0,3986.2724020928945,120.79613339675439,16,113,1,4,Active,1
CUST-0039,2023-08-08 17:10:26.719034,North America,Basic,68,236.0,38,217,14,0.4753858553554824,1.7380966708736887,46,,646.5650753077783,13.756703729952731,4,49,0,3,Active,0
CUST-0040,2023-08-09 17:10:26.719034,Asia,Basic,52,,20,379,13,0.783000231347202,3.6864378826746695,43,18.0,4517.472625669909,250.97070142610605,6,100,3,7,,1
CUST-0041,2023-08-10 17:10:26.719034,Asia,Enterprise,27,151.0,27,397,18,0.7501532294315125,7.051256721389749,15,39.0,3364.6713590756594,86.27362459168357,5,81,2,3,Active,0
CUST-0042,2023-08-11 17:10:26.719034,Asia,Pro,29,48.0,41,431,5,0.4568178045561352,3.9588411479900496,13,16.0,4488.667825660554,280.5417391037846,16,82,0,3,Expired,0
CUST-0043,2023-08-12 17:10:26.719034,Europe,Basic,28,261.0,20,420,9,0.8456673490987714,3.5030095079842307,28,16.0,2241.330917608011,140.0831823505007,16,116,1,1,Expired,1
CUST-0044,2023-08-13 17:10:26.719034,South America,Pro,35,216.0,44,146,14,0.11423713859139584,2.6599167152583845,23,47.0,2190.4047568076517,46.604356527822375,10,23,2,0,Active,1
CUST-0045,2023-08-14 17:10:26.719034,South America,Pro,8,219.0,19,376,19,0.2553533502289015,5.477647841869902,46,38.0,3924.837228237627,103.28519021677967,9,98,4,3,Expired,1
CUST-0046,2023-08-15 17:10:26.719034,South America,Basic,16,124.0,20,409,5,0.8279764635022515,3.4835394534146884,54,41.0,475.55629882895016,11.598934117779272,4,72,2,6,Active,1
CUST-0047,2023-08-16 17:10:26.719034,South America,Basic,36,234.0,35,193,9,0.3779940386261531,7.579093142255348,14,7.0,2609.1614428080798,372.7373489725828,14,13,1,8,Active,1
CUST-0048,2023-08-17 17:10:26.719034,Asia,Pro,30,143.0,47,85,6,0.9811815587938422,1.6896016179298243,18,14.0,4183.557335799816,298.8255239857012,4,23,2,8,Active,1
CUST-0049,2023-08-18 17:10:26.719034,Europe,Pro,18,260.0,2,296,16,0.4662532815278354,6.9762972980018585,7,43.0,4152.660889717161,96.57350906318979,12,57,1,9,Active,1
CUST-0050,2023-08-19 17:10:26.719034,Europe,Pro,2,228.0,30,481,17,0.7919356229637641,3.138040131109929,33,48.0,4781.102953148421,99.60631152392544,10,62,0,0,Expired,1
CUST-0051,2023-08-20 17:10:26.719034,Asia,Pro,49,100.0,34,384,16,0.40230704138237194,5.403513349464428,1,25.0,3494.380241717427,139.77520966869707,4,54,3,4,,0
CUST-0052,2023-08-21 17:10:26.719034,Europe,Enterprise,77,55.0,22,151,8,0.4249535190624304,3.5748092982813455,26,32.0,1046.7754409042445,32.71173252825764,18,20,4,6,Active,1
CUST-0053,2023-08-22 17:10:26.719034,Asia,Pro,4,47.0,3,246,9,0.3828831472841835,7.504918084097161,9,38.0,111.1987713239583,2.9262834558936395,13,86,3,6,Expired,0
CUST-0054,2023-08-23 17:10:26.719034,South America,Pro,90,151.0,6,34,9,0.7190756205108118,9.50776336226473,34,22.0,2402.2848351492385,109.19476523405629,13,111,3,9,Active,0
CUST-0055,2023-08-24 17:10:26.719034,Asia,Enterprise,89,109.0,15,299,6,0.5475178840599945,9.25369101522832,22,,2573.3822894565524,160.83639309103452,14,52,3,5,Expired,0
CUST-0056,2023-08-25 17:10:26.719034,South America,Basic,94,199.0,27,76,15,0.9437781113683691,6.25083593629682,48,29.0,1208.910296649668,41.68656195343683,18,23,1,9,Active,0
CUST-0057,2023-08-26 17:10:26.719034,South America,Basic,75,44.0,10,259,17,0.25089031653410476,5.1634927293128055,7,16.0,632.24026114678,39.51501632167375,1,105,1,3,Active,1
CUST-0058,2023-08-27 17:10:26.719034,North America,Basic,7,156.0,9,417,5,0.10056273208344435,8.364704584954437,27,,2935.1787492906396,244.5982291075533,16,35,4,2,Active,0
CUST-0059,2023-08-28 17:10:26.719034,Asia,Pro,95,39.0,33,127,19,0.3932614850992152,7.149937263649569,22,17.0,3823.635813380465,224.91975372826266,15,67,1,8,Active,0
CUST-0060,2023-08-29 17:10:26.719034,North America,Pro,74,93.0,32,499,0,0.616712707646776,2.6520770279523957,3,37.0,4965.838976914901,134.21186424094327,5,34,1,9,Active,0
CUST-0061,2023-08-30 17:10:26.719034,Asia,Pro,39,290.0,48,82,0,0.860798936915495,8.388272922517002,13,,3793.9300598804875,140.51592814372177,6,33,1,3,Expired,1
CUST-0062,2023-08-31 17:10:26.719034,Asia,Basic,13,279.0,6,291,11,0.34619688668032766,4.859959504552392,52,,3970.225747135349,158.80902988541396,6,46,1,7,Active,1
CUST-0063,2023-09-01 17:10:26.719034,North America,Basic,31,163.0,41,413,1,0.6537867511244616,2.700870939740576,41,13.0,3086.1397823616994,237.39536787397688,3,81,0,0,Expired,1
CUST-0064,2023-09-02 17:10:26.719034,North America,Basic,71,111.0,36,457,3,0.35019868102321905,3.536176153568432,28,8.0,4929.7540682603885,616.2192585325486,16,45,4,6,Active,0
CUST-0065,2023-09-03 17:10:26.719034,Asia,Basic,63,224.0,2,369,16,0.6172195829944581,3.407743272235081,0,5.0,3203.3823617217063,640.6764723443413,12,19,1,5,Active,0
CUST-0066,2023-09-04 17:10:26.719034,Europe,Pro,56,159.0,29,19,3,0.8848079470306509,5.672862771431141,3,12.0,4302.663899134524,358.55532492787705,4,94,4,0,Active,1
CUST-0067,2023-09-05 17:10:26.719034,South America,Basic,42,92.0,4,220,10,0.23135764225940902,3.1093308161008797,31,41.0,4729.465384742369,115.35281426200899,1,87,2,3,Active,1
CUST-0068,2023-09-06 17:10:26.719034,North America,Basic,61,119.0,1,332,3,0.40424164210703917,2.1120983866141856,32,3.0,4649.993917497799,1549.9979724992663,4,15,0,4,Active,0
CUST-0069,2023-09-07 17:10:26.719034,South America,Enterprise,42,284.0,19,161,0,0.9932651964297465,2.1132176555238464,48,35.0,1913.262565478949,54.66464472796997,1,78,1,7,Active,1
CUST-0070,2023-09-08 17:10:26.719034,Europe,Basic,56,210.0,26,14,6,0.8685570282494608,6.24948577425187,25,33.0,402.5236709881507,12.19768699964093,8,66,0,3,Active,0
CUST-0071,2023-09-09 17:10:26.719034,Europe,Pro,36,293.0,25,204,17,0.564639857896202,7.612833599644407,16,22.0,867.6497756708417,39.43862616685644,5,39,0,2,Active,0
CUST-0072,2023-09-10 17:10:26.719034,Europe,Pro,84,182.0,10,451,8,0.5166275918542753,3.893797079545067,38,44.0,305.5242939290713,6.943733952933439,2,113,2,1,,1
CUST-0073,2023-09-11 17:10:26.719034,North America,Basic,68,215.0,15,292,2,0.284600382304681,1.3118563883261536,22,9.0,535.9307047974088,59.54785608860098,12,18,4,3,Active,0
CUST-0074,2023-09-12 17:10:26.719034,Europe,Pro,7,72.0,22,473,7,0.5172094276935294,2.1450239824330968,31,41.0,931.4097170095512,22.717310170964662,17,70,0,9,Active,1
CUST-0075,2023-09-13 17:10:26.719034,North America,Enterprise,54,82.0,48,122,18,0.8481814982799472,9.232251043033514,51,18.0,1712.0606397711347,95.11447998728526,7,59,3,3,Active,0
CUST-0076,2023-09-14 17:10:26.719034,Europe,Enterprise,1,260.0,21,280,3,0.6851745132777806,5.441892936305077,14,29.0,2722.262836409628,93.87113228998717,11,32,2,9,Expired,0
CUST-0077,2023-09-15 17:10:26.719034,South America,Basic,44,133.0,22,172,17,0.2900440281779866,5.0821552865365724,12,39.0,3561.293476181879,91.3152173379969,4,21,3,4,Expired,0
CUST-0078,2023-09-16 17:10:26.719034,South America,Enterprise,45,130.0,36,469,19,0.20146392105353295,1.3424426047908182,59,27.0,1062.5274071714946,39.35286693227758,5,40,2,6,Active,1
CUST-0079,2023-09-17 17:10:26.719034,Asia,Basic,47,284.0,34,114,10,0.2652085369968291,7.557733200852092,1,36.0,3365.8867971483155,93.49685547634209,6,92,3,8,Active,1
CUST-0080,2023-09-18 17:10:26.719034,South America,Basic,13,129.0,30,190,13,0.16975920139282652,5.75261272838871,59,45.0,3524.252781767074,78.31672848371275,11,27,3,1,Active,1
CUST-0081,2023-09-19 17:10:26.719034,Asia,Basic,22,173.0,25,53,17,0.09564069602371594,2.818728424778687,18,17.0,2797.5254609622853,164.5603212330756,1,2,0,4,Active,0
CUST-0082,2023-09-20 17:10:26.719034,South America,Enterprise,21,295.0,45,291,15,0.419136174442055,1.9906638416295146,23,34.0,4519.053170295566,132.91332853810488,10,97,0,9,Active,1
CUST-0083,2023-09-21 17:10:26.719034,North America,Basic,86,274.0,28,184,2,0.1132996043982677,4.450490772687987,44,,563.8641214698351,12.257915684126852,11,80,2,8,,1
CUST-0084,2023-09-22 17:10:26.719034,South America,Basic,92,170.0,1,171,14,0.17191255772710434,8.534457677755231,23,3.0,893.8360734360732,297.9453578120244,17,39,4,2,Active,1
CUST-0085,2023-09-23 17:10:26.719034,Asia,Pro,9,98.0,49,480,3,0.5473246843394861,8.78765103280922,10,5.0,2149.0374737035295,429.8074947407059,8,86,0,0,Active,0
CUST-0086,2023-09-24 17:10:26.719034,Asia,Basic,26,151.0,45,360,4,0.16459927369957472,6.425617423560728,58,14.0,642.296548818852,45.878324915632284,13,56,0,1,Expired,1
CUST-0087,2023-09-25 17:10:26.719034,Europe,Basic,9,212.0,4,443,16,0.06387976743090285,7.547827845071284,21,3.0,2835.817757183196,945.272585727732,18,107,1,5,Active,0
CUST-0088,2023-09-26 17:10:26.719034,North America,Basic,15,236.0,7,349,6,0.3173888500278852,2.0364020866258334,14,23.0,1998.0183283810277,86.87036210352294,16,111,0,4,Active,0
CUST-0089,2023-09-27 17:10:26.719034,South America,Basic,10,231.0,49,149,15,0.22031909862196752,6.293134589210694,9,39.0,1430.133014734233,36.67007730087777,2,13,4,0,Active,0
CUST-0090,2023-09-28 17:10:26.719034,Europe,Basic,88,50.0,9,480,13,0.5153051879943767,7.002691331384636,40,30.0,858.2491669580099,28.608305565267,5,56,1,0,Active,1
CUST-0091,2023-09-29 17:10:26.719034,South America,Basic,42,205.0,36,141,15,0.10236708458320931,2.80641558622413,26,45.0,1683.3378093575693,37.40750687461265,18,66,3,3,Expired,1
CUST-0092,2023-09-30 17:10:26.719034,South America,Pro,72,77.0,19,96,6,0.7517707876829781,8.92139259619233,59,23.0,3043.7171606533866,132.33552872406028,3,78,3,3,Active,1
CUST-0093,2023-10-01 17:10:26.719034,Europe,Basic,24,273.0,1,185,8,0.9062335194351386,2.754970637689178,8,27.0,2883.168202338164,106.78400749400608,17,56,1,5,Active,0
CUST-0094,2023-10-02 17:10:26.719034,Europe,Basic,80,11.0,10,192,3,0.7434351739561944,3.8212962386180536,51,10.0,826.4837610490667,82.64837610490667,16,102,1,5,Active,0
CUST-0095,2023-10-03 17:10:26.719034,Europe,Enterprise,49,134.0,36,377,10,0.5328270374013943,6.585011623211127,27,25.0,633.3498555957607,25.333994223830427,6,105,1,9,Expired,0
CUST-0096,2023-10-04 17:10:26.719034,Europe,Basic,26,119.0,9,138,1,0.8606678217888851,6.745150586176577,0,13.0,143.1170454182739,11.009003493713378,19,28,2,5,Active,0
CUST-0097,2023-10-05 17:10:26.719034,Europe,Pro,91,95.0,45,255,11,0.6949183797815075,7.294462668886306,16,16.0,72.00371303172201,4.500232064482626,7,64,4,0,Active,0
CUST-0098,2023-10-06 17:10:26.719034,South America,Basic,37,129.0,46,98,11,0.010551122450189854,2.008105417613851,30,41.0,4400.254074241229,107.32327010344461,18,71,4,9,,0
CUST-0099,2023-10-07 17:10:26.719034,Europe,Basic,68,136.0,42,75,3,0.3940901527745031,8.645179869356998,43,34.0,234.9933914668957,6.911570337261638,14,82,3,8,Active,0
CUST-0100,2023-10-08 17:10:26.719034,North America,Basic,50,264.0,32,167,17,0.8509518994068,5.795624190549339,9,37.0,3658.793338267499,98.88630643966214,6,64,3,6,Active,0
CUST-0101,2023-10-09 17:10:26.719034,Asia,Basic,24,192.0,32,396,6,0.3458588579752693,5.241896146945615,36,22.0,4361.205630262336,198.2366195573789,8,56,3,6,Active,1
CUST-0102,2023-10-10 17:10:26.719034,Europe,Basic,19,25.0,6,387,0,0.0352151735255235,9.829878620621587,28,17.0,499.30866432666335,29.371097901568433,15,41,0,6,Active,0
CUST-0103,2023-10-11 17:10:26.719034,Europe,Basic,60,71.0,48,158,12,0.7461796385522723,7.663404672469178,17,23.0,2187.144104926758,95.09322195333729,15,119,3,1,Active,1
CUST-0104,2023-10-12 17:10:26.719034,South America,Basic,39,167.0,38,482,5,0.8020382702828686,2.062054239574374,46,36.0,4811.891886039641,133.66366350110113,15,100,1,1,Active,0
CUST-0105,2023-10-13 17:10:26.719034,Europe,Basic,74,277.0,17,349,5,0.16059369504330856,7.808852505036167,37,49.0,4172.35191601269,85.15003910229979,16,41,3,5,Active,1
CUST-0106,2023-10-14 17:10:26.719034,Europe,Basic,89,44.0,10,442,11,0.5373404968431812,1.8572404057558254,38,9.0,2453.623118970697,272.6247909967441,1,100,1,6,Active,1
CUST-0107,2023-10-15 17:10:26.719034,Europe,Basic,18,276.0,27,125,7,0.19195543899572576,1.2472350626168636,48,2.0,3815.229852829849,1907.6149264149244,11,108,2,2,Active,1
CUST-0108,2023-10-16 17:10:26.719034,South America,Basic,19,73.0,35,223,18,0.7192344190441468,4.632633057429074,5,32.0,4168.554345914003,130.26732330981258,5,4,0,3,Active,0
CUST-0109,2023-10-17 17:10:26.719034,Europe,Pro,36,59.0,21,478,4,0.27155045517748566,9.942203555372968,39,22.0,1746.6545463117093,79.39338846871406,5,57,0,2,Active,0
CUST-0110,2023-10-18 17:10:26.719034,Asia,Pro,74,264.0,25,455,17,0.31621512256333006,2.5739554257537636,11,43.0,4461.843055181105,103.76379198095593,6,30,4,6,,0
CUST-0111,2023-10-19 17:10:26.719034,South America,Basic,97,158.0,28,490,4,0.8449708536401014,7.05379909174111,52,,2357.661865189012,181.3586050145394,2,88,2,6,Active,0
CUST-0112,2023-10-20 17:10:26.719034,Asia,Pro,55,285.0,47,381,9,0.47632235220690433,2.560564595855074,13,8.0,2643.7587441585615,330.4698430198202,6,84,1,3,,1
CUST-0113,2023-10-21 17:10:26.719034,South America,Pro,69,,15,303,0,0.6697544512182478,7.5230827746254745,43,1.0,4998.541112730937,4998.541112730937,14,46,2,6,Active,0
CUST-0114,2023-10-22 17:10:26.719034,Europe,Basic,47,210.0,4,262,9,0.40237305072246765,5.548183014140435,54,17.0,4218.081801099284,248.1224588881932,11,56,0,4,Active,1
CUST-0115,2023-10-23 17:10:26.719034,Asia,Enterprise,49,44.0,29,152,4,0.2980068571937554,7.119745390804386,9,12.0,1815.2323288071702,151.26936073393085,4,31,1,0,Active,0
CUST-0116,2023-10-24 17:10:26.719034,South America,Enterprise,99,225.0,9,259,11,0.6254780604246614,2.8258585832281113,53,4.0,61.62452639877274,15.406131599693184,9,88,2,9,Expired,1
CUST-0117,2023-10-25 17:10:26.719034,North America,Basic,98,74.0,27,375,6,0.15485757407882128,7.710654992684518,19,13.0,3134.6086282315346,241.12374063319496,3,7,0,3,Expired,0
CUST-0118,2023-10-26 17:10:26.719034,Europe,Basic,33,17.0,26,445,8,0.372999835566863,9.96057153660436,14,31.0,3522.527996379258,113.62993536707285,16,90,1,6,Active,1
CUST-0119,2023-10-27 17:10:26.719034,South America,Enterprise,21,85.0,19,472,11,0.20903703738592228,6.990854505633638,30,41.0,3257.5054238154644,79.45135180037718,11,77,1,1,Expired,1
CUST-0120,2023-10-28 17:10:26.719034,North America,Pro,81,183.0,28,311,0,0.6957949669407455,5.441319982655899,6,7.0,4839.633132304433,691.3761617577762,4,54,0,1,Active,0
CUST-0121,2023-10-29 17:10:26.719034,South America,Basic,22,56.0,17,34,10,0.9442088383461076,9.308565897573382,57,23.0,4316.2254263874,187.66197506032174,1,8,1,0,Active,1
CUST-0122,2023-10-30 17:10:26.719034,North America,Basic,48,24.0,43,286,14,0.9955109680158664,1.1426665800868867,40,24.0,2249.670148971436,93.73625620714317,16,55,0,1,,1
CUST-0123,2023-10-31 17:10:26.719034,Europe,Basic,37,156.0,41,481,1,0.45027681044159074,7.56931167357239,9,,323.65886248718095,64.7317724974362,19,69,3,9,Expired,0
CUST-0124,2023-11-01 17:10:26.719034,Asia,Basic,15,35.0,42,386,19,0.2525303896364445,8.998718651324316,9,5.0,2385.5332598149644,477.1066519629929,16,44,3,7,,0
CUST-0125,2023-11-02 17:10:26.719034,North America,Pro,35,102.0,20,387,6,0.44282937038432413,1.555071252588617,47,17.0,3449.327659610495,202.90162703591147,11,13,1,7,Active,1
CUST-0126,2023-11-03 17:10:26.719034,South America,Basic,92,241.0,45,398,11,0.8472694099627238,5.050577533741824,38,30.0,3042.471943052753,101.41573143509177,8,93,1,7,Active,0
CUST-0127,2023-11-04 17:10:26.719034,Europe,Basic,71,30.0,40,79,17,0.20600567855203988,2.84247508554999,27,9.0,2695.3039678773157,299.47821865303507,1,20,0,0,Active,0
CUST-0128,2023-11-05 17:10:26.719034,North America,Pro,32,47.0,39,122,2,0.9520956516529238,6.098663490290471,29,6.0,2349.406600496054,391.56776674934235,9,78,1,0,Active,1
CUST-0129,2023-11-06 17:10:26.719034,South America,Basic,11,285.0,49,372,6,0.341865768798151,6.845886627432945,36,25.0,1475.8717464066578,59.03486985626631,12,32,4,9,Expired,1
CUST-0130,2023-11-07 17:10:26.719034,South America,Basic,10,166.0,23,121,10,0.9858036594503049,3.723608646358795,54,19.0,1393.9603410058999,73.36633373715263,8,60,3,3,Active,1
CUST-0131,2023-11-08 17:10:26.719034,South America,Pro,73,188.0,47,373,17,0.8386088875339622,5.139835027102907,2,16.0,2506.1550798397516,156.63469248998447,17,50,1,5,Active,0
CUST-0132,2023-11-09 17:10:26.719034,North America,Enterprise,78,141.0,32,312,11,0.8085705341473903,3.5140553674890356,49,21.0,811.4097006839486,38.63855717542612,10,27,1,7,Active,1
CUST-0133,2023-11-10 17:10:26.719034,North America,Pro,77,37.0,47,480,5,0.3179046737732836,4.324520480096024,42,2.0,1710.0202636382598,855.0101318191299,7,25,2,1,Active,1
CUST-0134,2023-11-11 17:10:26.719034,North America,Pro,57,269.0,33,461,4,0.008777211947929464,2.4358596101958123,14,10.0,1626.6565808033968,162.66565808033968,19,52,1,2,Active,0
CUST-0135,2023-11-12 17:10:26.719034,Asia,Basic,25,85.0,46,100,0,0.3821329088259878,8.970034992270683,20,16.0,2939.7926799051625,183.73704249407265,6,68,4,5,Active,0
CUST-0136,2023-11-13 17:10:26.719034,North America,Basic,2,76.0,5,27,11,0.30180936966269367,1.0900936950322277,51,37.0,342.7446788114927,9.26336969760791,19,21,3,9,Expired,1
CUST-0137,2023-11-14 17:10:26.719034,North America,Pro,64,203.0,43,158,10,0.03739699040879729,8.941682677994097,36,15.0,4150.046714522825,276.6697809681883,18,18,2,3,Active,0
CUST-0138,2023-11-15 17:10:26.719034,North America,Basic,35,171.0,48,485,3,0.5053652565059297,6.145109905147646,55,13.0,2816.2681181181665,216.63600908601282,15,39,0,1,Expired,1
CUST-0139,2023-11-16 17:10:26.719034,Asia,Basic,7,266.0,34,236,17,0.4030313112827366,3.9849205975931574,11,13.0,3357.425137071917,258.26347208245517,2,15,0,6,Active,0
CUST-0140,2023-11-17 17:10:26.719034,North America,Basic,85,81.0,40,223,3,0.6345564677415247,7.507514129142968,3,32.0,3518.4385797595696,109.95120561748655,14,53,3,3,Active,0
CUST-0141,2023-11-18 17:10:26.719034,South America,Basic,18,96.0,11,369,16,0.6211863221940832,5.569769366763979,46,45.0,1464.5058428442571,32.544574285427935,10,38,0,7,Active,0
CUST-0142,2023-11-19 17:10:26.719034,North America,Basic,67,271.0,3,160,1,0.12074663589668011,5.491977922968458,8,47.0,2357.154121250484,50.152215345754975,16,48,4,7,Expired,1
CUST-0143,2023-11-20 17:10:26.719034,South America,Basic,42,223.0,33,201,1,0.9769655461266226,1.991280546270698,38,46.0,4781.66731978964,103.94928956064435,7,52,1,6,Active,0
CUST-0144,2023-11-21 17:10:26.719034,South America,Basic,39,162.0,11,460,11,0.18693142944144692,4.505644233508678,41,8.0,3835.8591376041063,479.4823922005133,8,88,3,9,Active,1
CUST-0145,2023-11-22 17:10:26.719034,South America,Basic,41,219.0,16,49,5,0.44527402476470457,3.16957911271063,27,43.0,4848.088807363695,112.74625133403943,10,72,2,8,Active,1
CUST-0146,2023-11-23 17:10:26.719034,Asia,Enterprise,75,70.0,18,251,9,0.4881175434337349,1.141263150366517,22,18.0,3733.809182279979,207.43384345999883,15,28,1,3,Active,0
CUST-0147,2023-11-24 17:10:26.719034,Asia,Pro,24,277.0,30,147,15,0.8130627972141201,4.24089667703902,44,36.0,886.2446971455018,24.61790825404172,8,85,0,6,Expired,1
CUST-0148,2023-11-25 17:10:26.719034,Asia,Pro,60,271.0,48,354,13,0.09922959609464677,1.8083991648304427,39,26.0,332.03406038493443,12.77054078403594,13,16,0,9,Expired,0
CUST-0149,2023-11-26 17:10:26.719034,North America,Pro,46,227.0,10,189,6,0.42864427920853176,3.3114703395266667,43,10.0,2892.5305692311217,289.2530569231122,12,118,2,9,Active,0
CUST-0150,2023-11-27 17:10:26.719034,South America,Basic,19,292.0,18,209,18,0.6285021702362039,1.8326495906478502,21,31.0,1795.4882657160217,57.91897631342005,8,16,4,0,Active,1
CUST-0151,2023-11-28 17:10:26.719034,Asia,Basic,68,145.0,38,212,16,0.21515562162405555,1.9084746300075897,23,33.0,1384.5349715894695,41.955605199680896,15,35,2,3,Expired,1
CUST-0152,2023-11-29 17:10:26.719034,Asia,Pro,90,102.0,19,70,8,0.6274678987660728,2.7911016497366945,50,29.0,4037.9828721628332,139.2407886952701,12,17,3,1,Active,1
CUST-0153,2023-11-30 17:10:26.719034,North America,Pro,42,118.0,36,201,12,0.9236648375496527,9.998643200377602,57,5.0,1841.2964027389173,368.2592805477835,11,73,2,8,Active,1
CUST-0154,2023-12-01 17:10:26.719034,Asia,Pro,32,250.0,13,14,4,0.997518131172675,1.019657285715239,25,13.0,1591.8348389741766,122.44883376724435,19,99,0,4,Active,1
CUST-0155,2023-12-02 17:10:26.719034,North America,Basic,39,,46,387,4,0.032451076790675715,6.748053725083647,29,1.0,4251.438089913362,4251.438089913362,14,52,4,2,Active,1
CUST-0156,2023-12-03 17:10:26.719034,Europe,Basic,36,246.0,3,246,9,0.2355882282446775,2.271193282239016,32,23.0,4232.973809067436,184.04233952467115,18,93,4,3,Active,1
CUST-0157,2023-12-04 17:10:26.719034,Asia,Basic,97,186.0,10,190,9,0.31030711579169745,9.285653230396981,15,40.0,1788.2695223977325,44.70673805994331,13,103,2,5,Expired,1
CUST-0158,2023-12-05 17:10:26.719034,Europe,Basic,36,150.0,38,320,6,0.3991261004449661,1.842696040002663,21,3.0,4164.168517919971,1388.0561726399903,4,82,3,9,Active,0
CUST-0159,2023-12-06 17:10:26.719034,North America,Pro,3,198.0,1,46,14,0.2422571575847674,9.59556868413613,48,3.0,4255.3846667599755,1418.4615555866585,17,12,0,0,Active,0
CUST-0160,2023-12-07 17:10:26.719034,South America,Pro,73,58.0,27,65,6,0.20348799455531252,6.498337487351302,56,7.0,2125.4133697980346,303.63048139971926,19,83,1,6,Expired,1
CUST-0161,2023-12-08 17:10:26.719034,Asia,Basic,8,199.0,46,452,14,0.9545538424175,1.0114126922394122,49,36.0,341.70091974376606,9.491692215104614,9,48,4,7,Active,0
CUST-0162,2023-12-09 17:10:26.719034,North America,Enterprise,97,145.0,8,246,2,0.9185216027705179,9.046064781251255,42,35.0,17.907375887037105,0.511639311058203,7,22,2,6,Active,1
CUST-0163,2023-12-10 17:10:26.719034,South America,Pro,70,,46,367,18,0.04699250100311747,5.695406212302265,17,15.0,2621.229389816085,174.74862598773902,1,49,3,6,Active,1
CUST-0164,2023-12-11 17:10:26.719034,South America,Basic,41,99.0,42,358,9,0.33881302160484816,3.3640276179743607,6,40.0,1726.936711918075,43.17341779795187,7,52,3,8,Active,0
CUST-0165,2023-12-12 17:10:26.719034,Europe,Basic,68,254.0,17,206,14,0.40514855367840663,7.905512597640671,49,,4985.688151850246,1661.8960506167487,7,79,0,3,Expired,1
CUST-0166,2023-12-13 17:10:26.719034,North America,Basic,13,201.0,9,82,2,0.23901453466594336,9.33998998498183,25,29.0,3864.330888140148,133.252789246212,7,1,4,6,Expired,0
CUST-0167,2023-12-14 17:10:26.719034,South America,Basic,49,115.0,6,68,5,0.6288728969881755,5.353217408321145,7,30.0,3808.7645271885585,126.95881757295196,8,66,0,8,Active,0
CUST-0168,2023-12-15 17:10:26.719034,Asia,Basic,60,242.0,43,249,11,0.640380746644241,3.839981269987998,5,39.0,4776.6614137538445,122.47849778856012,16,64,1,4,Active,0
CUST-0169,2023-12-16 17:10:26.719034,Asia,Basic,2,274.0,25,11,14,0.8505042283285971,8.10050611541434,29,18.0,4439.744745487671,246.65248586042617,3,8,1,1,Active,0
CUST-0170,2023-12-17 17:10:26.719034,Europe,Basic,60,46.0,39,458,5,0.7408692683852178,7.136069480096092,38,11.0,1597.7555224873797,145.25050204430724,13,86,1,4,Expired,0
CUST-0171,2023-12-18 17:10:26.719034,South America,Basic,5,50.0,49,369,12,0.5425733269659556,8.99877235375245,22,43.0,838.2762358033431,19.494796181473095,10,25,3,3,Active,1
CUST-0172,2023-12-19 17:10:26.719034,North America,Enterprise,44,26.0,28,197,18,0.6535867700444199,7.232626114850737,31,49.0,3732.0024026767564,76.16331434034197,18,66,4,7,Active,1
CUST-0173,2023-12-20 17:10:26.719034,Asia,Basic,27,286.0,33,316,2,0.2739887815430181,3.1917550500958267,21,38.0,1897.5867294775362,49.93649288098779,7,115,0,4,Active,0
CUST-0174,2023-12-21 17:10:26.719034,South America,Pro,32,68.0,37,39,7,0.5930561899673576,9.384933247831171,41,40.0,2371.1315316384726,59.27828829096181,5,73,0,8,Active,1
CUST-0175,2023-12-22 17:10:26.719034,South America,Basic,21,192.0,9,276,7,0.48922725474991924,1.9435217248539218,42,1.0,3155.6846790613863,3155.6846790613863,7,73,1,8,Active,1
CUST-0176,2023-12-23 17:10:26.719034,Europe,Enterprise,8,,18,485,19,0.1333444673163704,3.411484750961631,56,29.0,4540.284657906851,156.56153992782245,17,77,4,2,Active,1
CUST-0177,2023-12-24 17:10:26.719034,Asia,Basic,72,48.0,21,117,14,0.24254427658297073,5.68175146951497,44,10.0,2101.24789081812,210.12478908181203,4,70,4,9,Expired,1
CUST-0178,2023-12-25 17:10:26.719034,Asia,Basic,50,201.0,2,341,3,0.29169345072158603,6.091678234638112,8,28.0,3918.751282194613,139.9554029355219,16,94,2,5,Active,1
CUST-0179,2023-12-26 17:10:26.719034,North America,Enterprise,67,276.0,43,432,18,0.924309567052558,1.1377952796421489,30,31.0,1349.0155584605407,43.51663091808196,19,79,4,5,,0
CUST-0180,2023-12-27 17:10:26.719034,Asia,Enterprise,44,156.0,38,99,2,0.23038663938588944,8.02515453238846,6,19.0,3492.8792367088317,183.83574930046484,10,51,4,3,Active,1
CUST-0181,2023-12-28 17:10:26.719034,North America,Enterprise,58,136.0,40,214,12,0.28924390281966816,4.2544658658285055,8,3.0,17.881311178780226,5.960437059593409,3,53,0,9,Active,1
CUST-0182,2023-12-29 17:10:26.719034,Asia,Basic,3,55.0,36,388,7,0.3693541300894323,4.65776686901924,12,,4358.820995318268,121.07836098106299,3,15,4,2,Expired,1
CUST-0183,2023-12-30 17:10:26.719034,Europe,Basic,86,54.0,43,465,15,0.663742738625387,8.284325899932512,57,43.0,161.59410397276787,3.758002417971346,17,50,4,0,Active,1
CUST-0184,2023-12-31 17:10:26.719034,Asia,Pro,70,10.0,37,456,12,0.11823839247214052,4.413550525547901,2,15.0,3566.641236265295,237.77608241768633,10,71,0,6,Expired,0
CUST-0185,2024-01-01 17:10:26.719034,North America,Enterprise,2,177.0,15,457,2,0.9539452124937761,1.4250238884527935,34,33.0,240.8283644138066,7.2978292246608065,17,75,4,4,Expired,1
CUST-0186,2024-01-02 17:10:26.719034,North America,Pro,87,117.0,28,454,15,0.8655712200947645,2.587957934233153,32,41.0,1338.5660399760773,32.64795219453847,17,104,0,9,Active,1
CUST-0187,2024-01-03 17:10:26.719034,Europe,Pro,44,28.0,18,390,8,0.5772160730089502,9.603128551493642,20,,2491.0399937472,57.93116264528371,4,38,2,6,Active,0
CUST-0188,2024-01-04 17:10:26.719034,Asia,Basic,2,81.0,34,447,13,0.6740378674249567,1.6336482616226276,30,45.0,2105.4940398877084,46.788756441949076,6,40,3,0,Active,0
CUST-0189,2024-01-05 17:10:26.719034,Asia,Pro,81,118.0,22,229,12,0.01666047124421599,4.194380808712146,51,26.0,967.2622118590427,37.202392763809335,12,66,0,7,Active,1
CUST-0190,2024-01-06 17:10:26.719034,Europe,Basic,35,277.0,11,387,6,0.3389447753484487,5.528612503462101,33,16.0,1675.7364094290945,104.7335255893184,17,115,0,2,Active,1
CUST-0191,2024-01-07 17:10:26.719034,Asia,Basic,98,249.0,13,103,14,0.795660230661442,5.43952744604704,31,36.0,3641.2547866042255,101.14596629456182,17,112,4,6,Active,0
CUST-0192,2024-01-08 17:10:26.719034,Asia,Basic,87,99.0,4,466,6,0.07748297379238589,1.0356394871092847,56,33.0,3349.5928919724447,101.5028149082559,10,39,0,2,Active,0
CUST-0193,2024-01-09 17:10:26.719034,North America,Pro,30,112.0,22,112,5,0.2823138342107202,5.510464583117413,34,20.0,368.35477298193933,18.417738649096968,7,74,1,2,Active,1
CUST-0194,2024-01-10 17:10:26.719034,Asia,Basic,8,259.0,7,232,1,0.5852968283343113,4.453952121796683,14,13.0,3739.1059696087027,287.62353612374636,16,108,1,9,Active,1
CUST-0195,2024-01-11 17:10:26.719034,Asia,Basic,22,17.0,43,195,8,0.2564130276989418,9.748714019271015,55,33.0,274.6989471731715,8.324210520399136,13,17,2,8,,1
CUST-0196,2024-01-12 17:10:26.719034,Europe,Pro,44,162.0,24,478,16,0.9339779741445192,2.4324317559444686,31,,2719.202681607924,543.8405363215849,3,7,0,1,Active,0
CUST-0197,2024-01-13 17:10:26.719034,Europe,Basic,58,183.0,4,193,4,0.13105863080429037,4.187387770835455,5,37.0,1307.7131127305313,35.34359764136571,2,118,4,3,Active,0
CUST-0198,2024-01-14 17:10:26.719034,South America,Pro,36,167.0,28,171,11,0.7973943579077786,4.775333365808377,44,14.0,2942.5737365234963,210.18383832310687,16,104,4,5,Active,0
CUST-0199,2024-01-15 17:10:26.719034,North America,Basic,69,224.0,15,256,0,0.5079486919064082,4.5162418339085395,20,27.0,1314.0286957451003,48.667729472040755,6,39,3,2,,1
CUST-0200,2024-01-16 17:10:26.719034,Asia,Basic,77,186.0,1,40,9,0.750330775819956,6.9924774488667625,32,,4924.940268432897,214.12783775795205,6,68,2,9,,0
CUST-0201,2024-01-17 17:10:26.719034,Asia,Pro,93,184.0,3,61,10,0.31071532831144744,2.9396157179299194,31,14.0,1555.5436368003839,111.11025977145599,13,35,4,9,Active,1
CUST-0202,2024-01-18 17:10:26.719034,South America,Basic,31,155.0,14,354,15,0.5144896023120388,2.9896439753259263,51,40.0,1217.383572015735,30.434589300393373,7,51,3,6,Expired,1
CUST-0203,2024-01-19 17:10:26.719034,Asia,Basic,47,170.0,38,85,13,0.8568353497231763,7.562898536507678,18,4.0,1399.5418016675765,349.8854504168941,5,47,4,6,Active,1
CUST-0204,2024-01-20 17:10:26.719034,North America,Basic,55,136.0,1,394,7,0.4668780991231044,5.502614668103616,32,39.0,4483.399557723884,114.95896301856112,7,36,3,4,,1
CUST-0205,2024-01-21 17:10:26.719034,South America,Basic,80,91.0,38,448,16,0.3597198619102696,4.736401084515794,27,19.0,3184.7319550600305,167.617471318949,2,64,1,2,Active,0
CUST-0206,2024-01-22 17:10:26.719034,North America,Enterprise,62,156.0,38,287,17,0.5361553862527361,2.5228274650952662,30,47.0,3656.1136461296746,77.78965204531222,17,95,1,1,Active,1
CUST-0207,2024-01-23 17:10:26.719034,South America,Basic,30,248.0,21,49,11,0.7173627530363669,2.6877450062094996,20,4.0,4590.872445370808,1147.718111342702,13,89,4,3,Active,1
CUST-0208,2024-01-24 17:10:26.719034,South America,Enterprise,55,93.0,48,110,16,0.44356334549850274,1.0949647313431048,53,30.0,4560.243699376588,152.00812331255293,16,105,2,3,Active,0
CUST-0209,2024-01-25 17:10:26.719034,Europe,Basic,16,122.0,29,120,13,0.938876975142273,1.822836419755383,33,19.0,3697.3397744278504,194.59683023304476,2,13,0,7,Expired,0
CUST-0210,2024-01-26 17:10:26.719034,North America,Pro,12,234.0,5,394,15,0.29494582404234204,6.01154825221217,14,31.0,997.1438999182012,32.165932255425844,5,18,2,7,Active,0
CUST-0211,2024-01-27 17:10:26.719034,Asia,Pro,17,252.0,49,330,13,0.4754636061691204,9.02685817007569,13,31.0,4218.432870168277,136.07847968284764,18,21,2,4,,0
CUST-0212,2024-01-28 17:10:26.719034,Asia,Pro,16,152.0,10,258,8,0.7569276593414415,3.584482886175017,18,9.0,1026.842410613408,114.09360117926755,7,112,0,5,Active,1
CUST-0213,2024-01-29 17:10:26.719034,North America,Basic,12,50.0,28,200,3,0.6891210904957582,3.949725033065153,42,13.0,3717.0650823511755,285.92808325778276,11,65,1,7,Active,0
CUST-0214,2024-01-30 17:10:26.719034,Asia,Basic,8,267.0,21,499,10,0.8636410524171562,2.0404504955036096,14,14.0,3431.159302058923,245.08280728992307,11,100,1,0,Active,0
CUST-0215,2024-01-31 17:10:26.719034,Asia,Basic,84,294.0,7,191,5,0.9968091806811089,4.497678510463925,5,46.0,3796.8553622008285,82.54033396088758,17,114,0,4,Active,0
CUST-0216,2024-02-01 17:10:26.719034,North America,Enterprise,3,114.0,3,435,14,0.42685832879508956,1.3349953411239626,51,10.0,2668.1015467619404,266.81015467619403,16,8,3,3,Expired,0
CUST-0217,2024-02-02 17:10:26.719034,South America,Enterprise,16,211.0,45,414,4,0.11115087978331184,9.258406266357103,8,48.0,3197.243649423606,66.60924269632513,13,116,2,3,Active,1
CUST-0218,2024-02-03 17:10:26.719034,North America,Enterprise,30,275.0,47,344,10,0.030415880807967977,7.058002133120758,36,31.0,4767.067201366934,153.7763613344172,5,48,4,1,Active,0
CUST-0219,2024-02-04 17:10:26.719034,South America,Basic,23,219.0,20,218,17,0.7268769061397716,9.91673928453897,19,37.0,514.4320849293324,13.90356986295493,16,85,1,9,Active,1
CUST-0220,2024-02-05 17:10:26.719034,Asia,Pro,92,60.0,19,31,12,0.8740136713087157,8.945408464106443,33,23.0,1551.1479011602837,67.44121309392538,16,43,4,0,Active,1
CUST-0221,2024-02-06 17:10:26.719034,Asia,Enterprise,5,127.0,35,175,10,0.22071258594441867,5.256915343283374,37,27.0,3060.6714953609285,113.35820353188625,16,116,0,5,,1
CUST-0222,2024-02-07 17:10:26.719034,Asia,Basic,84,210.0,4,108,13,0.15844803718990597,5.6771652803533925,25,6.0,4820.6301093561315,803.4383515593553,14,53,4,6,Active,0
CUST-0223,2024-02-08 17:10:26.719034,Europe,Basic,65,48.0,5,217,17,0.06220509152569098,2.7151844186547445,17,26.0,486.91649383637974,18.727557455245375,6,117,4,4,Expired,1
CUST-0224,2024-02-09 17:10:26.719034,South America,Pro,30,37.0,1,17,18,0.8227029217172064,5.158354085556001,27,2.0,122.52061543513128,61.26030771756564,2,85,2,7,Active,0
CUST-0225,2024-02-10 17:10:26.719034,Europe,Pro,21,268.0,4,199,14,0.31138193989258434,9.127250861435305,54,45.0,288.19049636693677,6.404233252598595,14,27,0,8,Active,1
CUST-0226,2024-02-11 17:10:26.719034,Europe,Enterprise,84,93.0,12,184,8,0.4016968927597765,1.4576808127223901,50,13.0,271.5043754413821,20.88495195702939,16,19,4,1,,0
CUST-0227,2024-02-12 17:10:26.719034,North America,Basic,70,164.0,27,282,7,0.5027501916096123,8.772011226984787,8,,4540.001130309248,238.94742791101305,13,23,1,3,Active,0
CUST-0228,2024-02-13 17:10:26.719034,Europe,Pro,22,126.0,42,26,19,0.8394532342095508,4.068530214783488,31,1.0,3609.0769605897854,3609.0769605897854,15,115,0,8,Active,0
CUST-0229,2024-02-14 17:10:26.719034,North America,Basic,82,11.0,23,99,0,0.6508332215614849,9.09561488586679,58,40.0,3388.760767319429,84.71901918298572,12,50,1,4,Active,0
CUST-0230,2024-02-15 17:10:26.719034,North America,Basic,72,102.0,25,150,3,0.6150646298578113,9.467919157073363,52,,2617.6383731064293,81.80119915957592,9,51,3,2,Active,1
CUST-0231,2024-02-16 17:10:26.719034,Europe,Basic,32,175.0,21,154,13,0.1756720999559107,7.037783983017153,55,22.0,3911.943558691038,177.8156163041381,18,43,4,5,Expired,1
CUST-0232,2024-02-17 17:10:26.719034,South America,Enterprise,33,267.0,24,175,1,0.5131898917098298,6.979814079334101,58,48.0,786.6834838803381,16.389239247507046,14,99,0,2,Active,0
CUST-0233,2024-02-18 17:10:26.719034,South America,Pro,16,90.0,25,346,15,0.7153810171786552,5.07478903937866,5,29.0,1965.7865370443026,67.7857426567001,4,104,1,4,Expired,0
CUST-0234,2024-02-19 17:10:26.719034,South America,Pro,76,277.0,45,87,2,0.9732608830304917,8.519862020893367,13,2.0,2455.121211314074,1227.560605657037,8,116,4,2,Active,0
CUST-0235,2024-02-20 17:10:26.719034,South America,Basic,38,244.0,46,438,7,0.20140630921335223,9.654514825899549,27,40.0,560.9433934068641,14.0235848351716,8,51,2,5,Active,1
CUST-0236,2024-02-21 17:10:26.719034,South America,Enterprise,98,222.0,32,271,5,0.009543353067226645,7.975736203052073,57,38.0,2103.3734095942095,55.35193183142657,16,106,1,9,Active,0
CUST-0237,2024-02-22 17:10:26.719034,Europe,Basic,14,71.0,32,172,15,0.07530143359846975,6.597430603810383,23,48.0,1589.3438785204755,33.111330802509904,10,112,1,4,Active,1
CUST-0238,2024-02-23 17:10:26.719034,Europe,Enterprise,36,,5,375,15,0.37585246518197923,6.461136062392031,12,11.0,187.55490750937855,17.05044613721623,17,69,3,8,,0
CUST-0239,2024-02-24 17:10:26.719034,Asia,Basic,97,,36,23,6,0.8205446477459871,8.64522911425296,42,17.0,692.3096596188839,40.72409762464023,1,116,2,2,Active,0
CUST-0240,2024-02-25 17:10:26.719034,South America,Basic,23,232.0,46,248,12,0.0071420817682450455,5.870833891941685,11,43.0,3822.543747605684,88.896366223388,18,41,3,5,Active,1
CUST-0241,2024-02-26 17:10:26.719034,Europe,Basic,66,288.0,42,81,12,0.4567305928858403,8.234738976239404,50,8.0,100.00916842817584,12.50114605352198,10,72,2,7,Expired,0
CUST-0242,2024-02-27 17:10:26.719034,Asia,Basic,85,293.0,49,454,4,0.32923061534139453,5.579967296568212,18,22.0,4671.923962490842,212.3601801132201,4,11,1,6,Expired,0
CUST-0243,2024-02-28 17:10:26.719034,South America,Pro,2,,42,152,19,0.052481710099727574,1.5619984747653173,20,4.0,441.2589159117147,110.31472897792868,1,80,3,5,Active,0
CUST-0244,2024-02-29 17:10:26.719034,North America,Pro,91,116.0,39,319,17,0.4502362866726173,4.455523080137397,26,11.0,3998.198090075256,363.4725536432051,4,103,4,1,Expired,1
CUST-0245,2024-03-01 17:10:26.719034,Asia,Basic,73,155.0,16,292,14,0.25474870733671884,4.999968619043488,57,8.0,4494.09653930792,561.76206741349,4,111,2,6,Active,1
CUST-0246,2024-03-02 17:10:26.719034,Europe,Enterprise,65,108.0,33,278,17,0.35188483434700646,2.274555204879555,18,9.0,4706.266568403731,522.9185076004146,4,88,1,7,Active,0
CUST-0247,2024-03-03 17:10:26.719034,North America,Basic,75,82.0,49,250,1,0.705615304784293,1.9224669627029152,23,26.0,4338.7103472449035,166.87347489403476,17,85,0,0,Active,1
CUST-0248,2024-03-04 17:10:26.719034,North America,Pro,67,131.0,21,424,9,0.5215509839109671,5.819184546912587,25,2.0,1444.8746967329616,722.4373483664808,9,52,2,8,Active,1
CUST-0249,2024-03-05 17:10:26.719034,North America,Enterprise,52,39.0,9,254,12,0.12464742899281334,1.7662927290047392,44,16.0,1672.1047853790003,104.50654908618752,19,23,2,3,Active,0
CUST-0250,2024-03-06 17:10:26.719034,Asia,Pro,62,197.0,6,172,17,0.961414540423639,3.7265065110107556,27,31.0,2138.463036064279,68.98267858271868,13,49,4,7,Active,1
CUST-0251,2024-03-07 17:10:26.719034,Europe,Basic,23,297.0,45,69,14,0.6359107657097384,7.701372783667684,45,6.0,705.0904801414331,117.51508002357218,4,38,2,9,Active,0
CUST-0252,2024-03-08 17:10:26.719034,North America,Enterprise,26,,35,15,11,0.7658684256625315,9.679889616111828,55,21.0,121.13955078544707,5.768550037402242,5,47,2,6,Expired,1
CUST-0253,2024-03-09 17:10:26.719034,South America,Pro,68,165.0,39,206,14,0.07921315000837081,7.460835224967357,17,26.0,4346.916855262363,167.1891098177832,13,72,4,9,,1
CUST-0254,2024-03-10 17:10:26.719034,North America,Basic,82,181.0,22,479,12,0.047058379460018895,9.933629936075832,43,19.0,2775.102293890177,146.05801546790406,16,7,4,6,Expired,0
CUST-0255,2024-03-11 17:10:26.719034,North America,Basic,55,50.0,41,67,17,0.01944805036808117,7.285041741514624,35,28.0,3047.5274814692993,108.84026719533212,5,66,3,1,Active,0
CUST-0256,2024-03-12 17:10:26.719034,Asia,Pro,6,72.0,5,314,14,0.18879402777344445,3.6441502358889477,41,8.0,4635.672489340799,579.4590611675999,8,94,1,0,Active,0
CUST-0257,2024-03-13 17:10:26.719034,Asia,Pro,35,32.0,42,416,10,0.41440839771849514,7.048472864548257,28,14.0,3328.9496887869423,237.78212062763873,16,77,1,3,Active,0
CUST-0258,2024-03-14 17:10:26.719034,Europe,Pro,22,84.0,23,226,18,0.9358261334028228,7.319410886772134,16,24.0,3457.358986655669,144.0566244439862,1,62,3,1,Active,0
CUST-0259,2024-03-15 17:10:26.719034,South America,Enterprise,43,57.0,17,427,2,0.4570596592657763,4.345542861548145,3,48.0,3936.9735556993437,82.020282410403,6,87,1,7,Active,1
CUST-0260,2024-03-16 17:10:26.719034,Asia,Pro,15,169.0,12,35,6,0.2902551053725294,1.1594246554845011,43,,590.5787647884449,13.422244654282839,11,29,2,9,Active,1
CUST-0261,2024-03-17 17:10:26.719034,North America,Basic,86,127.0,23,312,13,0.5619352535196633,7.3287980629793825,44,37.0,1807.2091445368196,48.84349039288702,16,38,3,6,Active,1
CUST-0262,2024-03-18 17:10:26.719034,Europe,Basic,60,109.0,16,14,13,0.11193457813478924,1.1953008574798747,58,26.0,4841.357559239797,186.20605997076143,5,101,3,7,Active,1
CUST-0263,2024-03-19 17:10:26.719034,North America,Basic,12,176.0,3,483,12,0.6095058910049832,6.68069270254064,28,31.0,4615.421089722026,148.8845512813557,16,84,1,5,Active,1
CUST-0264,2024-03-20 17:10:26.719034,North America,Pro,49,299.0,30,29,11,0.5684319543305033,2.4725483986829957,3,32.0,4421.535728587822,138.17299151836943,7,33,0,0,Active,0
CUST-0265,2024-03-21 17:10:26.719034,Asia,Basic,42,165.0,22,399,8,0.7919930334057097,6.0904317497323905,9,41.0,2265.921666591473,55.26638211198714,19,29,1,8,Active,0
CUST-0266,2024-03-22 17:10:26.719034,Europe,Pro,38,,9,207,0,0.9866876116170241,5.5352172284254,24,2.0,4287.39283839816,2143.69641919908,1,114,0,5,Active,1
CUST-0267,2024-03-23 17:10:26.719034,South America,Pro,82,205.0,29,68,18,0.2508734717161105,1.1216227807556431,30,25.0,251.49545090937036,10.059818036374814,9,79,3,9,Active,1
CUST-0268,2024-03-24 17:10:26.719034,South America,Enterprise,45,65.0,47,457,10,0.5096564508037607,4.2657923529559305,2,44.0,751.101947043016,17.070498796432183,18,23,0,0,Active,0
CUST-0269,2024-03-25 17:10:26.719034,Asia,Basic,35,202.0,37,251,18,0.9088654063190036,6.409820506566724,46,2.0,2075.69881543543,1037.849407717715,13,106,2,0,Active,1
CUST-0270,2024-03-26 17:10:26.719034,Asia,Enterprise,30,56.0,23,155,17,0.7851898844228413,8.637458967089017,1,42.0,2422.1264127438108,57.669676493900255,15,3,4,7,Active,0
CUST-0271,2024-03-27 17:10:26.719034,Europe,Basic,88,157.0,13,397,11,0.48740630310080757,8.997779024528654,56,1.0,1324.9006960690756,1324.9006960690756,3,101,0,5,Expired,0
CUST-0272,2024-03-28 17:10:26.719034,South America,Enterprise,30,284.0,32,282,0,0.9453716496147778,5.354649730299009,24,36.0,1788.8185875304594,49.68940520917943,10,93,4,7,Expired,1
CUST-0273,2024-03-29 17:10:26.719034,South America,Basic,78,166.0,46,258,18,0.05723669351680938,7.5558023856949434,48,12.0,822.2527441165902,68.52106200971585,9,45,2,7,Active,0
CUST-0274,2024-03-30 17:10:26.719034,South America,Basic,6,211.0,47,23,19,0.930998619712584,3.848091188801119,5,9.0,2450.7788182623767,272.30875758470853,13,8,4,7,Active,1
CUST-0275,2024-03-31 17:10:26.719034,North America,Pro,67,135.0,48,471,16,0.05050739238280655,4.079677651827917,25,36.0,3971.2780314106276,110.31327865029522,16,86,2,9,Active,0
CUST-0276,2024-04-01 17:10:26.719034,South America,Basic,80,73.0,23,22,4,0.5473047441146843,2.750171672640824,7,41.0,3310.1883643699157,80.73630156999795,3,117,4,6,Active,0
CUST-0277,2024-04-02 17:10:26.719034,North America,Basic,7,185.0,45,400,2,0.8904409480010858,6.057532989939154,34,28.0,547.883314354051,19.56726122693039,15,29,4,6,Active,0
CUST-0278,2024-04-03 17:10:26.719034,Europe,Pro,52,125.0,17,393,1,0.2627209435613028,3.831077358346287,26,38.0,2443.032200949613,64.2903210776214,17,2,1,9,Active,0
CUST-0279,2024-04-04 17:10:26.719034,North America,Pro,14,213.0,40,53,2,0.4722484989451585,1.7593380679465453,24,33.0,3491.2554500708275,105.79561969911599,14,105,0,3,Active,1
CUST-0280,2024-04-05 17:10:26.719034,Europe,Pro,73,40.0,21,384,7,0.3243288791369666,7.165054779968608,17,42.0,2654.1775298041666,63.194703090575395,7,113,4,8,Expired,1
CUST-0281,2024-04-06 17:10:26.719034,South America,Pro,15,,2,408,15,0.9521439170763514,7.369778868448583,53,46.0,1964.4612267123894,42.70567884157368,16,50,3,1,Expired,0
CUST-0282,2024-04-07 17:10:26.719034,South America,Pro,21,76.0,37,28,5,0.8236455947530908,4.239931769011521,0,22.0,3113.352962206552,141.51604373666146,8,109,1,8,Active,1
CUST-0283,2024-04-08 17:10:26.719034,Europe,Basic,35,,6,72,12,0.7090015113263796,1.6905105951042052,47,25.0,4843.506939848375,193.740277593935,4,65,0,9,Active,1
CUST-0284,2024-04-09 17:10:26.719034,Asia,Basic,66,54.0,44,248,15,0.5876269866151087,4.836679456630833,38,18.0,483.59046973272916,26.866137207373843,15,108,1,2,Active,1
CUST-0285,2024-04-10 17:10:26.719034,Europe,Basic,91,269.0,18,428,15,0.8205917893241481,4.981019122451939,2,6.0,1956.1801431303277,326.0300238550546,5,20,0,1,Active,0
CUST-0286,2024-04-11 17:10:26.719034,Asia,Enterprise,2,163.0,30,346,2,0.3922670415235471,7.018037964081037,54,18.0,2038.9632067000173,113.27573370555652,13,52,2,3,,1
CUST-0287,2024-04-12 17:10:26.719034,North America,Pro,35,164.0,22,428,12,0.4475518551060619,3.8387475213281514,3,,2889.066879237171,180.5666799523232,6,85,4,4,Active,0
CUST-0288,2024-04-13 17:10:26.719034,North America,Basic,82,243.0,33,412,13,0.7300017210808615,7.143393518031749,40,15.0,769.3512633907703,51.290084226051356,5,37,3,1,Active,1
CUST-0289,2024-04-14 17:10:26.719034,North America,Basic,78,60.0,30,413,7,0.35775476329371425,8.843396875816495,36,48.0,891.448719053643,18.57184831361756,17,72,1,0,Expired,1
CUST-0290,2024-04-15 17:10:26.719034,South America,Enterprise,20,271.0,17,109,11,0.06390094204837382,3.1373743812597983,50,8.0,1433.9533161292948,179.24416451616185,7,27,1,9,Expired,0
CUST-0291,2024-04-16 17:10:26.719034,North America,Basic,82,134.0,43,172,7,0.07433460888607146,9.810276005079098,14,13.0,4779.791515909913,367.6762704546087,6,47,1,4,Expired,1
CUST-0292,2024-04-17 17:10:26.719034,Asia,Pro,10,254.0,32,425,8,0.11536280130570387,4.4773132342312625,7,43.0,3673.201820342204,85.42329814749311,2,99,1,8,Active,0
CUST-0293,2024-04-18 17:10:26.719034,North America,Pro,25,39.0,42,131,0,0.8696813233436628,3.4053281663235557,37,7.0,3311.849575440601,473.12136792008585,11,6,4,4,Active,1
CUST-0294,2024-04-19 17:10:26.719034,Europe,Pro,66,131.0,14,441,5,0.4722264257562043,4.793600642592615,49,17.0,4086.6188600973683,240.3893447116099,7,60,0,9,Active,1
CUST-0295,2024-04-20 17:10:26.719034,Europe,Basic,25,134.0,10,53,18,0.7128823693447365,1.8495772831347326,18,32.0,646.6065798942977,20.206455621696804,8,45,4,8,Active,1
CUST-0296,2024-04-21 17:10:26.719034,South America,Enterprise,54,46.0,47,369,10,0.3929093356048933,2.131353158609041,55,22.0,4298.070770421521,195.36685320097823,5,44,2,9,,0
CUST-0297,2024-04-22 17:10:26.719034,Europe,Enterprise,33,179.0,36,417,10,0.2587109474156345,4.729906422714983,46,13.0,2978.215242298645,229.09348017681884,18,83,4,5,Active,1
CUST-0298,2024-04-23 17:10:26.719034,Asia,Pro,36,133.0,34,326,12,0.34719216756221194,7.862000697451901,25,47.0,1683.291747220088,35.814718025959316,16,18,4,2,,0
CUST-0299,2024-04-24 17:10:26.719034,North America,Pro,95,44.0,9,390,10,0.7941823453171836,9.102810156170419,38,23.0,4081.117726170995,177.43990113786936,14,65,2,3,Active,1
CUST-0300,2024-04-25 17:10:26.719034,South America,Enterprise,14,96.0,42,154,17,0.6252161250314382,6.983361916446438,9,29.0,4014.797026399634,138.44127677240118,12,25,4,3,Expired,0
CUST-0301,2024-04-26 17:10:26.719034,North America,Pro,65,143.0,28,336,14,0.937639779957902,1.9469759971435274,37,22.0,4230.0858227664685,192.27662830756674,17,27,0,0,Active,0
CUST-0302,2024-04-27 17:10:26.719034,North America,Basic,80,205.0,11,372,0,0.679704778576834,7.048177859624816,13,1.0,586.434321533841,586.434321533841,5,7,3,2,,0
CUST-0303,2024-04-28 17:10:26.719034,Asia,Pro,54,283.0,14,59,6,0.5701816317546939,6.718851286326747,48,29.0,4847.112612528922,167.14181422513525,14,44,2,2,Active,0
CUST-0304,2024-04-29 17:10:26.719034,Europe,Pro,52,210.0,39,74,12,0.6101960089858345,8.251875264639981,40,48.0,4798.534507410758,99.9694689043908,6,106,1,0,Active,0
CUST-0305,2024-04-30 17:10:26.719034,Europe,Basic,3,294.0,47,364,11,0.9423714394684146,8.427237999869629,18,5.0,1793.7735310536902,358.75470621073805,15,29,0,8,Expired,1
CUST-0306,2024-05-01 17:10:26.719034,North America,Pro,99,86.0,19,297,17,0.7882009298667061,8.81382768201081,29,35.0,338.81115087747907,9.680318596499403,7,95,3,0,Active,0
CUST-0307,2024-05-02 17:10:26.719034,South America,Enterprise,41,68.0,15,173,18,0.024041237366437818,4.727183631211885,4,10.0,843.6077906492407,84.36077906492406,14,44,0,8,Active,0
CUST-0308,2024-05-03 17:10:26.719034,Europe,Enterprise,6,135.0,28,150,14,0.5341396961356972,7.280779558169298,54,19.0,4964.225818969038,261.2750431036336,18,107,0,0,,0
CUST-0309,2024-05-04 17:10:26.719034,South America,Basic,25,118.0,24,463,7,0.6883384115465648,3.4142532303007966,30,37.0,2819.434586426599,76.20093476828646,1,36,1,1,Active,1
CUST-0310,2024-05-05 17:10:26.719034,Europe,Basic,13,233.0,8,323,18,0.748698478439155,9.994026519851538,6,7.0,1789.5427761419996,255.64896802028565,6,19,3,1,Active,0
CUST-0311,2024-05-06 17:10:26.719034,South America,Enterprise,98,287.0,43,137,9,0.21314211931393667,2.5780081723917396,18,46.0,1448.1314423116937,31.481118311123776,3,6,0,5,Active,0
CUST-0312,2024-05-07 17:10:26.719034,Asia,Enterprise,8,77.0,9,407,6,0.8671773544513522,1.0910298849475222,30,35.0,1292.3887592016283,36.92539312004652,5,25,1,6,Expired,1
CUST-0313,2024-05-08 17:10:26.719034,South America,Basic,21,78.0,47,430,17,0.9558431471751637,2.339278430663584,51,45.0,3324.1222976218655,73.86938439159701,12,31,2,0,Active,1
CUST-0314,2024-05-09 17:10:26.719034,Asia,Enterprise,98,174.0,33,377,15,0.23671530584486977,7.9828506058971405,57,13.0,2102.745279283233,161.74963686794098,11,9,1,2,Active,0
CUST-0315,2024-05-10 17:10:26.719034,Asia,Enterprise,68,171.0,33,472,19,0.8826154575172458,5.021053088573903,38,10.0,4827.399389849372,482.73993898493717,13,84,4,1,Active,1
CUST-0316,2024-05-11 17:10:26.719034,South America,Pro,25,51.0,19,248,5,0.09697876251609538,5.027502230293854,23,2.0,3422.3767229203536,1711.1883614601768,16,74,1,7,Active,0
CUST-0317,2024-05-12 17:10:26.719034,Asia,Pro,79,118.0,3,333,8,0.055706836115245184,9.595206276505017,33,6.0,3962.3025093343163,660.3837515557194,18,37,1,8,Active,0
CUST-0318,2024-05-13 17:10:26.719034,North America,Basic,68,60.0,10,305,12,0.12922380010274936,9.276714172252667,56,8.0,1470.780327429968,183.847540928746,17,27,1,1,Active,1
CUST-0319,2024-05-14 17:10:26.719034,Asia,Basic,45,259.0,40,196,7,0.057741079467035994,3.800752640236083,22,36.0,405.14018145204295,11.253893929223416,17,13,0,1,Active,0
CUST-0320,2024-05-15 17:10:26.719034,Europe,Basic,60,30.0,47,217,15,0.8450122371557759,2.8815231590277954,47,25.0,2444.235958535586,97.76943834142345,11,41,3,9,Active,1
CUST-0321,2024-05-16 17:10:26.719034,South America,Enterprise,12,148.0,42,229,12,0.05905014445827195,8.636339889403658,44,44.0,1579.7619172656741,35.90367993785623,10,66,1,8,Active,0
CUST-0322,2024-05-17 17:10:26.719034,North America,Basic,32,,1,409,12,0.2716641913636555,9.15417163939927,39,47.0,1018.3949933895391,21.667978582756152,16,114,1,3,Active,1
CUST-0323,2024-05-18 17:10:26.719034,South America,Basic,96,289.0,29,199,16,0.10375634353585639,5.874372305186382,5,40.0,4763.684232696298,119.09210581740744,2,85,4,4,Active,1
CUST-0324,2024-05-19 17:10:26.719034,Europe,Basic,92,134.0,34,397,19,0.29542203631376496,6.664813400053904,37,7.0,2225.5011895667312,317.92874136667587,17,97,4,8,Active,1
CUST-0325,2024-05-20 17:10:26.719034,Europe,Pro,13,120.0,13,438,4,0.09055946760092048,3.3122285622306404,40,46.0,881.7958743234403,19.16947552877044,10,24,2,5,Active,1
CUST-0326,2024-05-21 17:10:26.719034,Europe,Enterprise,31,148.0,1,355,16,0.668003250743014,8.207224191806722,35,23.0,1001.2667568788843,43.53333725560366,13,117,2,9,Active,1
CUST-0327,2024-05-22 17:10:26.719034,Asia,Basic,78,,34,293,8,0.13332681634257515,6.689101856041208,26,19.0,1410.741614898324,74.24955867885916,12,44,4,8,Active,1
CUST-0328,2024-05-23 17:10:26.719034,Asia,Basic,20,108.0,29,361,1,0.8518459258388879,5.5316216016819695,10,46.0,4996.588178266667,108.62148213623188,15,106,3,8,Active,0
CUST-0329,2024-05-24 17:10:26.719034,South America,Pro,18,261.0,48,246,17,0.817191050726641,1.5409770047055624,4,,1347.3773875927907,61.244426708763214,7,98,2,6,Active,0
CUST-0330,2024-05-25 17:10:26.719034,South America,Basic,93,113.0,47,203,8,0.01366168547060942,9.243414662600383,56,13.0,1650.7210048464838,126.9785388343449,13,60,3,9,Active,1
CUST-0331,2024-05-26 17:10:26.719034,North America,Basic,60,223.0,13,296,5,0.8957263555151146,6.539062783459654,16,21.0,3300.047358640167,157.14511231619844,12,9,4,8,Active,0
CUST-0332,2024-05-27 17:10:26.719034,North America,Basic,63,258.0,48,268,10,0.02894431674336706,2.734219852236712,51,1.0,1476.8672682873885,1476.8672682873885,12,2,2,4,Active,0
CUST-0333,2024-05-28 17:10:26.719034,South America,Basic,6,161.0,49,255,5,0.23964578495755662,6.457475052847475,6,19.0,1086.86321278787,57.203326988835265,2,119,1,4,Expired,1
CUST-0334,2024-05-29 17:10:26.719034,Asia,Basic,32,259.0,29,145,5,0.03238913777599506,7.097170188159761,26,33.0,801.5995613814974,24.290895799439316,5,56,4,7,Active,0
CUST-0335,2024-05-30 17:10:26.719034,Europe,Basic,93,284.0,39,289,12,0.335843487039316,5.73193303014903,46,4.0,1570.286498488683,392.57162462217076,2,30,2,9,Active,1
CUST-0336,2024-05-31 17:10:26.719034,South America,Basic,43,174.0,24,280,10,0.5138665257132716,7.462915641604202,56,42.0,538.5192912475799,12.82188788684714,13,22,3,3,Active,0
CUST-0337,2024-06-01 17:10:26.719034,North America,Enterprise,2,17.0,26,180,13,0.7966448690151381,6.233085531357618,14,3.0,103.04646620976665,34.348822069922214,3,110,3,8,Active,0
CUST-0338,2024-06-02 17:10:26.719034,Asia,Basic,60,293.0,17,168,1,0.33798155046983613,9.529926238289335,45,27.0,4025.1620697000394,149.080076655557,11,75,2,6,Active,1
CUST-0339,2024-06-03 17:10:26.719034,South America,Pro,23,,7,210,7,0.7054900246731167,1.4832737073937614,12,41.0,698.095762648737,17.026725918261878,16,119,3,6,Active,0
CUST-0340,2024-06-04 17:10:26.719034,South America,Pro,83,154.0,13,496,2,0.18750445711898034,1.9562113762260445,10,35.0,3882.124480578059,110.91784230223026,1,107,2,2,Expired,1
CUST-0341,2024-06-05 17:10:26.719034,Asia,Basic,31,110.0,5,54,2,0.7505984567441264,2.5630447325890584,59,28.0,3989.7369701434322,142.49060607655116,19,81,2,3,Active,1
CUST-0342,2024-06-06 17:10:26.719034,South America,Pro,5,173.0,26,459,0,0.23599660590923754,7.21153963543899,44,6.0,2694.2184363829233,449.03640606382055,11,100,3,6,Active,1
CUST-0343,2024-06-07 17:10:26.719034,Asia,Basic,83,156.0,49,273,18,0.14354475594376792,6.810362854748278,25,,1555.3129719816277,259.2188286636046,9,13,0,4,Active,0
CUST-0344,2024-06-08 17:10:26.719034,Europe,Enterprise,34,73.0,3,80,17,0.1854088503740543,9.028529741887246,21,44.0,733.7133414119434,16.675303213907803,14,71,1,2,Active,1
CUST-0345,2024-06-09 17:10:26.719034,Asia,Basic,10,100.0,7,373,16,0.18206312888185539,7.595897075955086,27,23.0,3686.657482537785,160.2894557625124,9,16,4,0,Active,0
CUST-0346,2024-06-10 17:10:26.719034,Asia,Basic,89,126.0,49,380,19,0.5128628793769912,5.57519938808133,23,33.0,3010.921060049112,91.24003212270036,7,97,1,6,Active,1
CUST-0347,2024-06-11 17:10:26.719034,Asia,Basic,2,276.0,39,112,12,0.8447975811881461,9.926486132172673,28,16.0,3280.712747902885,205.0445467439303,16,45,4,5,Active,1
CUST-0348,2024-06-12 17:10:26.719034,South America,Enterprise,11,182.0,1,499,2,0.07960507699250563,3.3949716055236925,8,24.0,53.258758327203886,2.219114930300162,3,65,4,9,Active,0
CUST-0349,2024-06-13 17:10:26.719034,South America,Pro,50,56.0,49,134,0,0.7069563184934227,8.498724938069085,41,5.0,4638.309908382044,927.6619816764089,19,11,1,6,Expired,1
CUST-0350,2024-06-14 17:10:26.719034,Asia,Pro,31,149.0,17,322,3,0.6543464596528576,4.8411133497452745,3,41.0,340.7880353582857,8.311903301421601,4,70,2,1,Active,0
CUST-0351,2024-06-15 17:10:26.719034,South America,Basic,56,255.0,43,473,12,0.8725199518293624,6.838616249881608,48,42.0,1840.3613668486282,43.818127782110196,7,20,3,3,Expired,1
CUST-0352,2024-06-16 17:10:26.719034,North America,Pro,79,158.0,25,492,16,0.24414756050690722,7.545416234071906,45,13.0,2019.5311317619842,155.3485485970757,12,99,0,1,Active,1
CUST-0353,2024-06-17 17:10:26.719034,North America,Basic,73,255.0,3,295,10,0.4501098586850296,6.703786784713027,55,47.0,16.76406724476474,0.3566822818035051,18,108,0,7,Active,1
CUST-0354,2024-06-18 17:10:26.719034,South America,Enterprise,87,14.0,15,467,1,0.9258273744435174,2.2645657279773395,17,12.0,2490.4756536604773,207.53963780503977,5,63,0,6,Expired,0
CUST-0355,2024-06-19 17:10:26.719034,South America,Basic,83,193.0,29,239,15,0.6599934501353172,4.986559096731394,42,5.0,3766.5168826099393,753.3033765219878,10,101,1,0,Active,1
CUST-0356,2024-06-20 17:10:26.719034,Asia,Basic,9,29.0,43,155,1,0.3887684128615969,6.052945401398119,15,37.0,4118.110579042713,111.30028592007332,12,105,1,1,Expired,0
CUST-0357,2024-06-21 17:10:26.719034,Europe,Basic,99,55.0,32,379,18,0.13141238285526846,8.64139383260737,32,31.0,4398.190996596363,141.87712892246333,8,90,2,1,Active,1
CUST-0358,2024-06-22 17:10:26.719034,South America,Basic,21,21.0,26,206,18,0.26248500790059104,4.992811739187151,28,,2443.7171528936938,87.2756126033462,19,12,0,3,Active,0
CUST-0359,2024-06-23 17:10:26.719034,North America,Pro,73,79.0,16,382,15,0.5812154774893833,9.268725743238264,38,28.0,3156.8745907429557,112.74552109796271,15,62,2,2,Active,0
CUST-0360,2024-06-24 17:10:26.719034,Asia,Basic,28,26.0,25,230,18,0.7181679475605137,4.9633680072268955,59,30.0,406.8033693495288,13.56011231165096,1,94,0,0,Active,0
CUST-0361,2024-06-25 17:10:26.719034,South America,Pro,62,156.0,28,432,8,0.12442188685189348,5.939018733367105,9,18.0,2445.3107391659323,135.85059662032958,3,92,1,1,,1
CUST-0362,2024-06-26 17:10:26.719034,North America,Basic,7,163.0,9,69,0,0.599597260044054,8.166571146485209,8,44.0,782.5306168099589,17.784786745680886,18,91,3,8,Expired,1
CUST-0363,2024-06-27 17:10:26.719034,North America,Pro,80,117.0,1,107,9,0.550351278838751,6.247609159799293,58,27.0,1854.519156936382,68.68589470134748,18,42,3,0,Active,0
CUST-0364,2024-06-28 17:10:26.719034,Europe,Basic,16,245.0,29,180,18,0.513955446690708,9.641962651445422,30,35.0,1653.2335111943505,47.23524317698144,2,83,3,8,Active,1
CUST-0365,2024-06-29 17:10:26.719034,Asia,Basic,97,79.0,22,391,0,0.690123117682008,6.943022474627148,27,26.0,2123.4674804351257,81.67182617058175,5,69,3,6,Active,0
CUST-0366,2024-06-30 17:10:26.719034,Asia,Pro,4,192.0,16,182,1,0.8374495950834618,5.70438508660841,59,39.0,2862.4667236909213,73.39658265874156,1,58,4,1,Active,0
CUST-0367,2024-07-01 17:10:26.719034,Europe,Basic,4,259.0,41,160,15,0.3229896831768684,1.2123277100271628,56,,4515.354468844349,92.15009120090508,10,5,0,1,Active,1
CUST-0368,2024-07-02 17:10:26.719034,Europe,Basic,40,237.0,44,462,11,0.8890121901109594,4.723596078222968,2,18.0,1978.4783104240516,109.91546169022509,10,105,3,4,Active,0
CUST-0369,2024-07-03 17:10:26.719034,Asia,Enterprise,17,111.0,41,359,7,0.1606336126185507,3.693235773341444,53,33.0,4905.844666600638,148.66195959395873,5,27,4,4,Active,0
CUST-0370,2024-07-04 17:10:26.719034,Asia,Enterprise,52,84.0,7,399,17,0.17302386975116435,7.732951010987403,54,25.0,3797.549959775502,151.90199839102007,18,28,4,3,Active,0
CUST-0371,2024-07-05 17:10:26.719034,South America,Basic,93,225.0,14,449,1,0.2667720636239239,2.874499076381912,13,31.0,2562.290423474032,82.65452978948491,15,26,4,9,Expired,1
CUST-0372,2024-07-06 17:10:26.719034,South America,Basic,52,212.0,29,131,12,0.11953086954707781,2.8469807856466463,57,37.0,3223.691921188601,87.126808680773,8,91,2,9,Expired,1
CUST-0373,2024-07-07 17:10:26.719034,Europe,Pro,36,201.0,19,117,5,0.23031922468287758,2.7056713891363913,24,2.0,520.098613948403,260.0493069742015,17,116,2,2,Expired,1
CUST-0374,2024-07-08 17:10:26.719034,South America,Basic,38,258.0,19,13,5,0.1064117629028446,2.1305405184061232,14,33.0,4224.162441255137,128.00492246227688,12,49,4,3,Expired,0
CUST-0375,2024-07-09 17:10:26.719034,North America,Basic,50,251.0,2,102,8,0.8217524169853904,3.799063033037987,1,39.0,2915.9637007691895,74.7683000197228,12,106,3,9,Active,1
CUST-0376,2024-07-10 17:10:26.719034,South America,Basic,63,,41,416,15,0.1389689918866246,8.973299029990827,23,,4930.476726245913,114.66224944757937,1,21,0,3,Active,1
CUST-0377,2024-07-11 17:10:26.719034,South America,Pro,63,228.0,45,15,10,0.7472975575598568,7.974356250753595,13,43.0,3185.779431326717,74.08789375178411,4,1,1,1,Active,0
CUST-0378,2024-07-12 17:10:26.719034,North America,Pro,62,91.0,15,297,6,0.04791386791333374,7.617260946761141,47,32.0,4172.216800498962,130.38177501559255,8,118,2,4,Expired,1
CUST-0379,2024-07-13 17:10:26.719034,Europe,Basic,99,101.0,3,115,9,0.9485203275139151,8.176031250849665,6,18.0,4000.8160865482464,222.26756036379146,1,92,3,4,Expired,1
CUST-0380,2024-07-14 17:10:26.719034,North America,Basic,7,184.0,11,155,9,0.7111600875277662,3.424761003966145,35,17.0,1733.8511458266614,101.99124387215656,15,112,3,4,Active,1
CUST-0381,2024-07-15 17:10:26.719034,South America,Basic,27,248.0,46,280,19,0.006796548586111784,8.98697521677239,49,34.0,1305.457019913726,38.39579470334488,18,58,1,9,Expired,1
CUST-0382,2024-07-16 17:10:26.719034,Europe,Pro,92,269.0,30,433,17,0.763856500200214,2.2357303762744394,23,39.0,2158.162981323235,55.337512341621405,1,79,1,0,Active,0
CUST-0383,2024-07-17 17:10:26.719034,South America,Basic,86,172.0,40,387,19,0.5140819207661853,4.027111540440238,26,7.0,2341.534308600097,334.5049012285853,11,55,3,5,Active,0
CUST-0384,2024-07-18 17:10:26.719034,North America,Basic,14,57.0,18,105,8,0.7793651703351198,6.280733070706086,36,42.0,1208.022662663853,28.762444349139358,2,81,1,1,Active,0
CUST-0385,2024-07-19 17:10:26.719034,North America,Pro,71,125.0,48,466,14,0.5224968088905885,1.9261457950780057,37,35.0,4474.0433880213495,127.82981108632427,1,26,3,6,Active,1
CUST-0386,2024-07-20 17:10:26.719034,South America,Basic,86,234.0,2,238,3,0.6410248576353547,7.571171689987824,29,30.0,2717.3138328802233,90.57712776267411,12,84,1,3,Active,1
CUST-0387,2024-07-21 17:10:26.719034,Asia,Pro,5,156.0,32,211,7,0.7863316553950405,4.485214433831275,26,12.0,4892.437516846312,407.70312640385936,16,25,1,4,Active,0
CUST-0388,2024-07-22 17:10:26.719034,Asia,Basic,55,72.0,8,221,8,0.4051080545878567,8.0596509904756,38,35.0,4051.9887124508537,115.77110607002439,10,77,3,4,Active,1
CUST-0389,2024-07-23 17:10:26.719034,North America,Basic,2,22.0,22,15,12,0.002708149820452088,5.436066570261425,14,11.0,2782.9672533558105,252.99702303234642,18,33,4,4,Active,1
CUST-0390,2024-07-24 17:10:26.719034,North America,Basic,62,198.0,6,121,8,0.8499464959451885,2.627870719828027,25,44.0,4735.730987940353,107.63024972591711,15,89,3,1,Active,0
CUST-0391,2024-07-25 17:10:26.719034,Asia,Pro,91,,12,385,3,0.3808903626246626,7.612856302198099,0,4.0,2529.3253273255823,632.3313318313956,17,72,0,4,Active,1
CUST-0392,2024-07-26 17:10:26.719034,Asia,Enterprise,21,217.0,47,388,16,0.49604272601658306,3.269295602550492,55,25.0,4436.661497468165,177.4664598987266,10,69,1,2,Active,1
CUST-0393,2024-07-27 17:10:26.719034,South America,Enterprise,79,123.0,40,456,15,0.007766642153968717,5.417292711412386,3,48.0,1797.1424581670694,37.44046787848061,3,6,2,3,Active,0
CUST-0394,2024-07-28 17:10:26.719034,South America,Basic,21,31.0,36,332,14,0.492092010350098,1.6797994224121684,28,32.0,1899.4254931864293,59.357046662075916,16,23,1,1,Active,0
CUST-0395,2024-07-29 17:10:26.719034,Asia,Pro,10,223.0,15,115,2,0.9864874015717295,6.56079988970833,56,20.0,2096.4721080249465,104.82360540124732,6,116,0,3,Expired,1
CUST-0396,2024-07-30 17:10:26.719034,South America,Basic,87,180.0,28,148,19,0.27826766081876964,6.992719895946495,0,31.0,2737.6619732567983,88.31167655667092,3,30,2,8,Active,1
CUST-0397,2024-07-31 17:10:26.719034,South America,Basic,58,63.0,49,308,4,0.3954182702423781,4.408067889755052,42,4.0,2771.916448292132,692.979112073033,9,78,2,7,Active,1
CUST-0398,2024-08-01 17:10:26.719034,Europe,Enterprise,39,135.0,45,410,4,0.6871899964686766,9.589805022889665,49,38.0,2487.0306191686504,65.4481741886487,11,54,3,2,Expired,0
CUST-0399,2024-08-02 17:10:26.719034,South America,Basic,5,286.0,18,105,19,0.8147936675236587,8.867520293338615,45,47.0,1536.9448581800057,32.70095442936182,13,87,4,0,Expired,1
CUST-0400,2024-08-03 17:10:26.719034,North America,Basic,65,213.0,2,397,14,0.4173916240061003,7.371468241659953,21,1.0,4636.760259306247,4636.760259306247,18,11,3,0,Expired,0
CUST-0401,2024-08-04 17:10:26.719034,South America,Basic,13,203.0,13,456,17,0.30966887040129254,7.422868670443684,10,3.0,2947.044625772779,982.3482085909263,4,31,2,5,Active,0
CUST-0402,2024-08-05 17:10:26.719034,South America,Basic,85,178.0,45,461,14,0.9378257999850671,3.271615434479361,9,37.0,2044.6186887960587,55.25996456205564,8,6,2,2,Active,0
CUST-0403,2024-08-06 17:10:26.719034,Asia,Basic,90,161.0,15,346,1,0.6771449666716692,6.9113370797960405,58,22.0,3259.3730341106548,148.1533197323025,13,11,4,3,Active,1
CUST-0404,2024-08-07 17:10:26.719034,North America,Pro,85,44.0,20,306,12,0.11902130449314108,2.783856387119677,16,,3842.1541214709277,226.0090659688781,10,77,1,0,Active,1
CUST-0405,2024-08-08 17:10:26.719034,South America,Basic,53,193.0,29,476,3,0.06892787813464862,2.296029015278399,35,14.0,4804.033160258933,343.14522573278094,2,12,4,7,Expired,1
CUST-0406,2024-08-09 17:10:26.719034,South America,Enterprise,82,295.0,42,398,9,0.48354985079036905,9.995211047823222,55,41.0,2502.7503197152373,61.04269072476188,8,118,3,0,Active,0
CUST-0407,2024-08-10 17:10:26.719034,Europe,Enterprise,45,66.0,29,425,12,0.22009006604727244,6.601383383258567,46,35.0,569.3715666502864,16.26775904715104,6,66,1,4,Active,1
CUST-0408,2024-08-11 17:10:26.719034,South America,Basic,32,231.0,3,223,9,0.2539847533762535,4.878890853914715,25,13.0,2209.4213491683413,169.95548839756472,16,53,3,5,Active,1
CUST-0409,2024-08-12 17:10:26.719034,South America,Basic,36,,19,463,8,0.8776921788278482,3.593480705955562,47,35.0,2400.0631016528223,68.57323147579493,18,99,4,1,Active,1
CUST-0410,2024-08-13 17:10:26.719034,Europe,Basic,81,28.0,3,300,7,0.08956602431631067,6.435283992960047,20,43.0,4486.000450146513,104.32559186387239,17,119,1,6,Active,1
CUST-0411,2024-08-14 17:10:26.719034,Asia,Pro,99,273.0,14,31,2,0.7153641152288897,1.4463415739807752,12,2.0,1980.055834630136,990.027917315068,6,36,4,6,Active,0
CUST-0412,2024-08-15 17:10:26.719034,South America,Basic,60,291.0,40,202,15,0.27114225338058806,1.8521289145431554,8,47.0,4767.088081786821,101.42740599546428,13,17,0,0,Expired,0
CUST-0413,2024-08-16 17:10:26.719034,Europe,Pro,11,122.0,4,477,13,0.7603282214041377,1.295710279663567,10,13.0,2430.8082194945305,186.98524765342543,14,28,2,3,Expired,0
CUST-0414,2024-08-17 17:10:26.719034,North America,Basic,63,39.0,11,159,8,0.7224113844635446,5.492528499363956,10,16.0,4869.1646998848555,304.32279374280347,10,92,1,3,Active,0
CUST-0415,2024-08-18 17:10:26.719034,Asia,Pro,21,144.0,31,377,10,0.007391901444293025,6.405459662684643,5,18.0,50.90962244350135,2.828312357972297,11,22,2,4,Active,0
CUST-0416,2024-08-19 17:10:26.719034,North America,Basic,52,76.0,43,256,2,0.5091354129215991,1.5623178522203878,0,7.0,4495.08872028367,642.1555314690958,13,102,0,0,Active,0
CUST-0417,2024-08-20 17:10:26.719034,North America,Basic,55,74.0,32,276,4,0.13931948237804637,7.491020207490249,53,45.0,4656.29105519732,103.47313455994045,12,7,1,0,Active,0
CUST-0418,2024-08-21 17:10:26.719034,Europe,Enterprise,26,34.0,27,470,9,0.8662270305786768,3.07355564363108,5,36.0,4805.4944694684145,133.48595748523374,9,15,2,6,Expired,1
CUST-0419,2024-08-22 17:10:26.719034,South America,Pro,68,46.0,30,260,12,0.8715858828624066,7.166813083928795,12,41.0,75.2519055313281,1.8354123300323928,4,96,2,8,Active,0
CUST-0420,2024-08-23 17:10:26.719034,Europe,Basic,34,10.0,43,499,3,0.41834580749375805,9.83707426031721,21,30.0,866.7871743860419,28.89290581286806,7,11,1,0,Active,0
CUST-0421,2024-08-24 17:10:26.719034,Europe,Enterprise,52,46.0,2,12,12,0.44439561845108055,7.219952830484661,55,42.0,3272.2848704352486,77.91154453417259,2,24,2,1,Active,1
CUST-0422,2024-08-25 17:10:26.719034,Europe,Basic,82,150.0,49,402,11,0.3032829394045271,8.948737476312477,30,41.0,137.1087317581846,3.3441154087362097,7,67,2,5,Active,1
CUST-0423,2024-08-26 17:10:26.719034,Europe,Enterprise,99,241.0,9,325,4,0.716606298960031,9.533786560687606,21,7.0,327.40889092073866,46.772698702962664,9,30,1,5,Active,1
CUST-0424,2024-08-27 17:10:26.719034,Asia,Pro,93,145.0,28,85,9,0.3586613630264591,5.38075943517084,36,15.0,1113.1835797302751,74.21223864868502,5,70,2,1,Active,0
CUST-0425,2024-08-28 17:10:26.719034,South America,Basic,52,197.0,31,96,8,0.26779247452263377,7.320924814777362,46,,2567.074446031982,64.17686115079955,15,66,2,8,Active,0
CUST-0426,2024-08-29 17:10:26.719034,North America,Basic,29,137.0,34,279,19,0.43223105950450824,8.667723282002576,26,19.0,2734.0537707413696,143.8975668811247,18,61,3,3,Active,0
CUST-0427,2024-08-30 17:10:26.719034,North America,Basic,38,210.0,15,234,6,0.09148751838745872,4.209480215869475,49,43.0,180.9630027395867,4.208441924176435,4,78,3,6,Active,0
CUST-0428,2024-08-31 17:10:26.719034,South America,Pro,42,136.0,48,27,1,0.7466032046442038,3.352575849043554,51,37.0,860.1325813998404,23.24682652432001,19,41,0,5,Expired,1
CUST-0429,2024-09-01 17:10:26.719034,North America,Pro,21,266.0,25,122,6,0.012596401271786961,9.519387155005049,13,2.0,2503.53130993993,1251.765654969965,7,82,3,2,Active,0
CUST-0430,2024-09-02 17:10:26.719034,South America,Basic,42,173.0,36,260,7,0.6444850615205939,7.536731503319362,46,42.0,2973.7636985075924,70.8038975835141,8,51,3,7,Active,0
CUST-0431,2024-09-03 17:10:26.719034,North America,Basic,13,44.0,8,242,6,0.18286452675487241,2.977139200382437,57,48.0,750.5244654662147,15.635926363879472,17,44,0,6,Active,1
CUST-0432,2024-09-04 17:10:26.719034,Europe,Enterprise,64,203.0,9,338,13,0.23240404621441313,5.041750534085021,4,13.0,2000.2186456153836,153.8629727396449,13,95,2,8,Active,0
CUST-0433,2024-09-05 17:10:26.719034,North America,Enterprise,17,200.0,37,288,18,0.6356319986400399,8.168065925840285,57,40.0,4522.963168219592,113.07407920548981,11,13,2,2,Expired,0
CUST-0434,2024-09-06 17:10:26.719034,South America,Pro,9,113.0,48,211,4,0.9929434657829072,5.923566918265979,35,41.0,4994.507442360398,121.81725469171703,1,90,3,0,,0
CUST-0435,2024-09-07 17:10:26.719034,South America,Basic,41,32.0,45,92,17,0.7777174890725507,6.849568883493001,31,43.0,4936.200129607395,114.79535185133477,2,108,0,1,Active,0
CUST-0436,2024-09-08 17:10:26.719034,South America,Basic,1,274.0,39,134,19,0.22583963222339198,7.7839138184054715,33,43.0,4409.555806331493,102.5478094495696,17,12,2,0,Active,0
CUST-0437,2024-09-09 17:10:26.719034,South America,Basic,2,299.0,32,184,11,0.1760247550411338,6.598082699280825,6,31.0,1979.3538388702295,63.85012383452354,5,82,4,4,Active,0
CUST-0438,2024-09-10 17:10:26.719034,South America,Enterprise,60,269.0,17,78,16,0.8662328702676704,5.860713897299762,41,16.0,3436.005717453173,214.7503573408233,6,9,1,9,Active,0
CUST-0439,2024-09-11 17:10:26.719034,Asia,Basic,48,84.0,35,56,12,0.4441839479215043,7.746528559489961,47,42.0,2088.7952166431514,49.73321944388456,7,113,1,1,Active,1
CUST-0440,2024-09-12 17:10:26.719034,Asia,Pro,29,81.0,37,381,1,0.13705280282815546,7.548067318889807,9,44.0,3246.149863852772,73.77613326938118,15,85,1,2,Expired,0
CUST-0441,2024-09-13 17:10:26.719034,North America,Basic,97,268.0,19,265,12,0.8622114233219381,6.66885160164861,49,6.0,1554.0680301377213,259.0113383562869,19,48,3,7,Active,1
CUST-0442,2024-09-14 17:10:26.719034,South America,Pro,10,197.0,44,224,6,0.8160923529142614,4.2381047204373665,16,28.0,3034.9492455155564,108.39104448269845,16,49,1,9,Active,1
CUST-0443,2024-09-15 17:10:26.719034,North America,Pro,58,182.0,29,39,9,0.9839063638971636,4.652308829802444,29,32.0,2623.554897798721,81.98609055621003,13,53,1,4,Active,1
CUST-0444,2024-09-16 17:10:26.719034,South America,Enterprise,60,299.0,7,290,5,0.9097436867126839,9.733946939956876,20,44.0,132.15652640786777,3.0035574183606313,5,56,4,3,Active,0
CUST-0445,2024-09-17 17:10:26.719034,South America,Basic,21,54.0,28,421,2,0.8517903386605417,2.0114733906237325,59,10.0,3955.6074896931077,395.5607489693108,3,40,2,4,Active,0
CUST-0446,2024-09-18 17:10:26.719034,Asia,Basic,28,70.0,9,491,2,0.05257439781100315,3.416544255275518,12,18.0,69.37018290332652,3.8538990501848067,3,107,4,9,Active,0
CUST-0447,2024-09-19 17:10:26.719034,Asia,Basic,75,92.0,28,246,17,0.10441536949811803,5.431615832839022,0,4.0,1472.8481518439758,368.21203796099394,19,24,3,5,Active,0
CUST-0448,2024-09-20 17:10:26.719034,Europe,Enterprise,34,132.0,6,257,10,0.5689831943041228,8.530567175294072,0,9.0,39.56108661547182,4.39567629060798,14,98,1,6,Active,0
CUST-0449,2024-09-21 17:10:26.719034,Asia,Enterprise,8,25.0,29,377,19,0.5314792462818209,2.4730809735675505,46,7.0,1887.2450523430389,269.60643604900554,16,72,2,8,Active,1
CUST-0450,2024-09-22 17:10:26.719034,Europe,Pro,59,75.0,17,34,4,0.4579632144895355,3.492591563121489,32,8.0,325.17103553905514,40.64637944238189,17,108,1,0,Expired,1
CUST-0451,2024-09-23 17:10:26.719034,Europe,Pro,86,154.0,16,83,18,0.3967893254145842,1.5921839601571508,37,43.0,4568.419724487893,106.24231917413705,4,117,1,3,Active,0
CUST-0452,2024-09-24 17:10:26.719034,Europe,Pro,72,171.0,23,215,18,0.4312104848643289,7.3538673944573665,24,7.0,2084.2396828627143,297.7485261232449,13,33,3,8,Active,1
CUST-0453,2024-09-25 17:10:26.719034,Europe,Basic,49,243.0,31,499,14,0.5692979341347952,3.143884919280545,25,41.0,2302.883916573406,56.16790040422942,8,23,1,4,Active,0
CUST-0454,2024-09-26 17:10:26.719034,Europe,Enterprise,79,153.0,3,323,15,0.002076517600081207,4.498072756038554,12,40.0,1755.7526780933658,43.89381695233415,19,77,0,7,Active,0
CUST-0455,2024-09-27 17:10:26.719034,North America,Basic,17,197.0,21,103,8,0.2607087741328522,4.99331302326701,58,3.0,3141.2557094668136,1047.0852364889379,5,54,2,0,Active,1
CUST-0456,2024-09-28 17:10:26.719034,Asia,Basic,60,22.0,26,384,3,0.5182797206887111,9.0218254204581,27,17.0,3924.196501924837,230.8350883485198,2,53,2,3,Active,0
CUST-0457,2024-09-29 17:10:26.719034,Europe,Pro,87,193.0,36,136,14,0.7222160986736462,4.701972612981131,32,2.0,3244.2522478143997,1622.1261239071998,15,49,0,8,Expired,0
CUST-0458,2024-09-30 17:10:26.719034,South America,Basic,88,120.0,42,434,11,0.17415669239539633,2.3070251792372414,36,15.0,3743.5535207916864,249.57023471944575,2,78,3,0,Expired,1
CUST-0459,2024-10-01 17:10:26.719034,Asia,Basic,45,299.0,37,34,2,0.546881173787433,5.718834445061089,40,46.0,4530.80858091121,98.49583871546109,11,78,1,0,Active,0
CUST-0460,2024-10-02 17:10:26.719034,Asia,Pro,83,224.0,22,343,13,0.7144596838857817,9.666621951837667,29,29.0,4319.097193040429,148.93438596691135,13,80,1,3,Active,0
CUST-0461,2024-10-03 17:10:26.719034,Europe,Basic,69,129.0,42,364,16,0.4446276579139047,6.469170769457299,56,48.0,3373.551679240942,70.28232665085297,10,49,2,2,Active,1
CUST-0462,2024-10-04 17:10:26.719034,North America,Pro,32,64.0,12,125,18,0.02708113367005105,9.850484984145153,48,22.0,1081.0434348930987,49.1383379496863,3,102,3,6,Active,1
CUST-0463,2024-10-05 17:10:26.719034,Europe,Basic,44,36.0,42,57,5,0.4492681584656367,8.56996578044983,47,4.0,3192.137226699225,798.0343066748062,5,60,3,2,Active,1
CUST-0464,2024-10-06 17:10:26.719034,North America,Basic,65,127.0,13,235,3,0.2964448877441531,1.3236918059207152,7,6.0,2535.3546477451496,422.55910795752493,3,103,3,0,Active,1
CUST-0465,2024-10-07 17:10:26.719034,South America,Basic,87,,11,275,6,0.9296496077013283,6.925596358393377,48,38.0,3588.923962741996,94.44536744057885,6,90,1,9,Active,0
CUST-0466,2024-10-08 17:10:26.719034,Asia,Basic,8,240.0,16,108,18,0.12461338567832736,3.580901898020953,46,26.0,4166.328925480645,160.24342021079403,13,90,3,1,Expired,1
CUST-0467,2024-10-09 17:10:26.719034,South America,Pro,77,62.0,8,468,16,0.6524759555072321,6.036551700802515,55,11.0,3716.180270960223,337.834570087293,10,65,0,9,Active,1
CUST-0468,2024-10-10 17:10:26.719034,North America,Basic,72,242.0,40,20,15,0.05271976633450115,3.514106718381039,0,26.0,4234.340238106814,162.85923992718514,19,32,4,3,Expired,0
CUST-0469,2024-10-11 17:10:26.719034,North America,Pro,87,167.0,40,94,14,0.4461704378126965,4.139833749447614,11,17.0,328.693202971709,19.33489429245347,8,79,3,0,Active,0
CUST-0470,2024-10-12 17:10:26.719034,South America,Basic,43,278.0,45,414,7,0.5539794872200806,9.308518405787614,4,24.0,167.78399080494512,6.990999616872713,18,116,4,0,Active,1
CUST-0471,2024-10-13 17:10:26.719034,North America,Pro,1,30.0,2,223,18,0.29795493131686546,2.8597886640253476,23,28.0,1299.917832820974,46.42563688646335,3,21,1,7,Active,0
CUST-0472,2024-10-14 17:10:26.719034,South America,Enterprise,51,62.0,30,182,7,0.45507563552038444,8.866982062232474,5,35.0,4504.323759702055,128.69496456291586,17,18,3,6,Active,0
CUST-0473,2024-10-15 17:10:26.719034,Asia,Pro,24,284.0,30,400,17,0.16355379453018737,1.2741202726344714,24,31.0,4120.05966241003,132.90515040032355,8,94,2,7,Active,0
CUST-0474,2024-10-16 17:10:26.719034,South America,Basic,99,290.0,12,218,15,0.30412384946803617,1.8178888453268354,0,13.0,3416.809215998605,262.83147815373883,10,60,1,3,Active,0
CUST-0475,2024-10-17 17:10:26.719034,Asia,Basic,24,223.0,10,457,19,0.621106324910203,8.692075372458373,24,35.0,3506.7857505241823,100.1938785864052,2,13,0,5,Active,0
CUST-0476,2024-10-18 17:10:26.719034,South America,Basic,17,40.0,44,391,18,0.3018000558611551,6.675004278182758,0,16.0,3636.085641598481,227.25535259990505,12,24,0,2,Expired,0
CUST-0477,2024-10-19 17:10:26.719034,North America,Pro,5,192.0,11,73,9,0.8997430784088717,7.725125242355952,31,,4713.587475418887,314.2391650279258,6,30,4,7,Active,0
CUST-0478,2024-10-20 17:10:26.719034,South America,Basic,20,32.0,15,267,16,0.6284069576409897,2.8847590373966883,41,43.0,4162.633850014712,96.80543837243516,2,2,4,3,Active,0
CUST-0479,2024-10-21 17:10:26.719034,North America,Basic,21,41.0,16,341,12,0.4386490184359845,5.8337511003109315,41,18.0,3120.718031264967,173.37322395916485,3,83,2,2,Active,1
CUST-0480,2024-10-22 17:10:26.719034,South America,Pro,58,83.0,17,130,12,0.03875693555418247,7.634973012141743,2,47.0,3331.920021933131,70.89191536027938,17,111,2,3,Active,0
CUST-0481,2024-10-23 17:10:26.719034,South America,Basic,31,19.0,26,307,6,0.49954833520467123,6.645827233092363,48,37.0,1076.5639076849986,29.09632182932429,7,108,0,5,Active,1
CUST-0482,2024-10-24 17:10:26.719034,Europe,Pro,11,63.0,2,475,9,0.7647762421250892,5.245288902020885,18,48.0,3290.0209375297995,68.54210286520416,5,111,3,6,Active,1
CUST-0483,2024-10-25 17:10:26.719034,North America,Basic,52,61.0,12,63,1,0.26555759801241363,9.638054077939433,59,48.0,2129.148271968108,44.35725566600225,1,25,0,6,Active,0
CUST-0484,2024-10-26 17:10:26.719034,Europe,Basic,15,157.0,26,340,3,0.8067735696487673,7.085416001081008,42,49.0,773.2797343226612,15.781219067809412,8,50,0,3,Expired,1
CUST-0485,2024-10-27 17:10:26.719034,North America,Pro,83,169.0,23,281,5,0.2518067660508815,9.16975720217114,28,41.0,4033.9500680404058,98.38902604976599,12,14,2,7,Active,0
CUST-0486,2024-10-28 17:10:26.719034,Europe,Basic,7,23.0,18,250,17,0.8237463879508005,7.567934604163131,49,27.0,2556.1330280176967,94.67159363028506,14,6,4,6,Active,1
CUST-0487,2024-10-29 17:10:26.719034,Asia,Pro,28,187.0,32,252,5,0.0852683416116774,7.619171757379148,1,35.0,4887.350958030213,139.63859880086324,16,76,2,1,Active,0
CUST-0488,2024-10-30 17:10:26.719034,South America,Basic,51,,49,27,16,0.8661837088690295,1.720164427819114,8,45.0,1415.5799788278796,31.457332862841767,10,84,2,7,Expired,1
CUST-0489,2024-10-31 17:10:26.719034,North America,Basic,58,31.0,38,492,13,0.4991864509333305,4.235181596685492,55,35.0,2408.543860402333,68.81553886863809,15,87,2,8,Expired,1
CUST-0490,2024-11-01 17:10:26.719034,North America,Enterprise,5,39.0,47,196,10,0.296537589620262,8.725324660476925,16,28.0,2245.497318797652,80.19633281420185,15,30,0,4,Active,1
CUST-0491,2024-11-02 17:10:26.719034,South America,Pro,5,200.0,3,355,18,0.26511325041514877,3.0934347593388036,59,39.0,612.6898169385678,15.709995306117122,10,30,3,3,Active,0
CUST-0492,2024-11-03 17:10:26.719034,North America,Pro,94,269.0,38,153,1,0.43201055893036266,2.039552795408196,45,38.0,2136.31524136559,56.21882214119973,7,38,0,3,Active,0
CUST-0493,2024-11-04 17:10:26.719034,North America,Basic,96,,3,271,2,0.999049498103645,3.934954509749141,35,9.0,1444.8917475404153,160.54352750449058,3,58,1,3,Expired,0
CUST-0494,2024-11-05 17:10:26.719034,Europe,Pro,8,68.0,30,450,10,0.22032739343758256,2.9839409640335255,16,12.0,809.9991521210026,67.49992934341688,2,94,2,5,Active,1
CUST-0495,2024-11-06 17:10:26.719034,North America,Basic,64,273.0,1,373,5,0.10321664887899962,9.327593753138396,48,15.0,1417.956364340335,94.53042428935568,6,41,2,3,Active,1
CUST-0496,2024-11-07 17:10:26.719034,Asia,Basic,10,21.0,30,440,13,0.5850351687186619,8.81169977801918,11,21.0,1173.9259394192961,55.90123521044267,9,94,1,6,Expired,1
CUST-0497,2024-11-08 17:10:26.719034,Asia,Enterprise,38,,45,248,18,0.4885424664402571,5.497149072546137,59,35.0,3673.0269197193315,104.94362627769519,10,57,2,6,Active,1
CUST-0498,2024-11-09 17:10:26.719034,South America,Basic,96,299.0,32,313,15,0.5241962710633074,1.552094870354812,19,42.0,163.56813951320888,3.894479512219259,4,36,2,4,Expired,1
CUST-0499,2024-11-10 17:10:26.719034,North America,Enterprise,92,257.0,28,307,6,0.6669354175572171,7.431061114838407,49,33.0,3091.1391120869744,93.67088218445377,3,64,2,4,Active,0
CUST-0500,2024-11-11 17:10:26.719034,South America,Basic,81,,21,85,7,0.2671440698706493,6.610705582026381,2,19.0,3805.700096697796,200.30000508935768,9,113,1,9,Active,0
CUST-0501,2024-11-12 17:10:26.719034,Asia,Basic,95,84.0,46,197,18,0.9106649953838885,9.734992036556463,42,23.0,2408.8100477801763,104.73087164261636,17,98,0,7,Active,1
CUST-0502,2024-11-13 17:10:26.719034,North America,Pro,8,213.0,13,342,19,0.43567206612229037,6.030579162433392,56,13.0,4658.509250239513,358.34686540303943,14,16,2,6,Active,1
CUST-0503,2024-11-14 17:10:26.719034,North America,Enterprise,25,58.0,27,397,15,0.12908619514246178,4.0275435106261845,49,44.0,3542.324669230311,80.50737884614342,10,88,3,6,Active,0
CUST-0504,2024-11-15 17:10:26.719034,South America,Pro,73,88.0,36,496,6,0.7422987567339443,5.671195242207002,3,1.0,3742.139020043972,3742.139020043972,13,78,1,5,Active,1
CUST-0505,2024-11-16 17:10:26.719034,Asia,Enterprise,66,250.0,7,255,8,0.6431043526178503,9.813369622640646,16,29.0,992.6981023299426,34.230969045860085,12,90,4,6,Active,1
CUST-0506,2024-11-17 17:10:26.719034,North America,Pro,79,163.0,22,139,12,0.3157434024840371,7.267261892797275,49,24.0,3888.7049234369765,162.02937180987402,1,72,1,6,Active,1
CUST-0507,2024-11-18 17:10:26.719034,South America,Pro,50,283.0,10,483,0,0.6215187240340485,7.04778524134346,36,16.0,4162.152733054743,260.13454581592146,19,14,0,9,Active,0
CUST-0508,2024-11-19 17:10:26.719034,Asia,Enterprise,67,,39,324,7,0.21986195636897687,3.1661343075329684,45,25.0,1812.719278145888,72.50877112583552,19,31,1,1,Active,0
CUST-0509,2024-11-20 17:10:26.719034,South America,Basic,49,,15,420,3,0.44483935934052954,7.692422658045559,41,23.0,1074.6817094845264,46.72529171671854,6,66,4,9,Active,1
CUST-0510,2024-11-21 17:10:26.719034,Europe,Basic,36,218.0,15,292,2,0.8994125221673253,7.752446465245946,14,28.0,1931.4028892260474,68.97867461521598,13,112,3,1,Active,1
CUST-0511,2024-11-22 17:10:26.719034,North America,Basic,68,97.0,4,88,2,0.13353423316074942,3.8556008539831477,32,47.0,3700.6437653106846,78.73710138958903,19,68,4,9,Active,1
CUST-0512,2024-11-23 17:10:26.719034,Europe,Enterprise,78,,32,81,12,0.386696449987462,5.353424491516419,15,16.0,2094.018639284827,130.87616495530168,13,65,1,6,Active,0
CUST-0513,2024-11-24 17:10:26.719034,Asia,Enterprise,41,166.0,23,272,7,0.8211424247203473,3.6514299964641044,10,43.0,3685.8928573716917,85.71843854352771,4,55,4,9,Expired,1
CUST-0514,2024-11-25 17:10:26.719034,Europe,Basic,89,165.0,6,200,6,0.9694908994061782,3.3283456329185803,54,38.0,576.6870594779128,15.175975249418759,2,84,1,6,Expired,1
CUST-0515,2024-11-26 17:10:26.719034,Europe,Pro,62,148.0,24,376,0,0.4539261364217959,1.2330646322453664,19,11.0,4031.998435337537,366.54531230341246,15,78,3,6,Active,0
CUST-0516,2024-11-27 17:10:26.719034,Asia,Enterprise,10,130.0,20,384,15,0.5069996201433474,3.566905701879989,37,3.0,1273.5053333953633,424.50177779845444,12,40,3,4,Expired,0
CUST-0517,2024-11-28 17:10:26.719034,South America,Basic,21,74.0,37,439,5,0.5721719617837697,5.985729548904474,23,15.0,1252.1556486958225,83.47704324638816,7,25,0,0,Expired,0
CUST-0518,2024-11-29 17:10:26.719034,Europe,Pro,36,116.0,20,72,6,0.9323481416337108,1.0144106879412593,53,1.0,2956.001016367265,2956.001016367265,18,25,3,1,Expired,0
CUST-0519,2024-11-30 17:10:26.719034,South America,Enterprise,12,156.0,12,497,11,0.8582067909770298,3.548971754287007,15,7.0,359.88904827747837,51.41272118249691,13,3,2,8,Active,1
CUST-0520,2024-12-01 17:10:26.719034,Europe,Basic,91,146.0,33,389,8,0.17060112462164434,8.932692990909251,29,1.0,141.22565615649614,141.22565615649614,17,69,4,7,Active,1
CUST-0521,2024-12-02 17:10:26.719034,South America,Pro,2,171.0,28,21,10,0.436757817847075,6.3428372659662475,33,49.0,1312.533039814312,26.78638856763902,4,102,4,7,Active,1
CUST-0522,2024-12-03 17:10:26.719034,Asia,Basic,13,109.0,8,150,9,0.4640004281964263,6.470765416728824,0,32.0,2694.9570781667653,84.21740869271142,14,118,1,9,Active,1
CUST-0523,2024-12-04 17:10:26.719034,Europe,Enterprise,53,150.0,1,263,0,0.7890961116487567,4.630278745237179,23,9.0,4539.005767263884,504.33397414043156,13,26,3,0,Active,0
CUST-0524,2024-12-05 17:10:26.719034,Asia,Enterprise,32,92.0,37,52,17,0.6028928826054353,7.0882492914316995,23,29.0,4233.711529773462,145.990052750809,3,40,0,5,Active,0
CUST-0525,2024-12-06 17:10:26.719034,Europe,Enterprise,95,186.0,22,26,3,0.654220462029013,2.709394896073232,8,26.0,2457.3278350056676,94.51260903867953,18,38,0,8,Active,0
CUST-0526,2024-12-07 17:10:26.719034,Asia,Basic,16,207.0,6,72,4,0.9981999076656176,8.368721293457725,21,23.0,194.8894485305289,8.47345428393604,14,38,0,7,Active,1
CUST-0527,2024-12-08 17:10:26.719034,Asia,Enterprise,32,121.0,21,262,8,0.07496004347001306,2.0502020794230984,11,45.0,2680.9111458002526,59.57580324000561,15,68,2,2,Active,0
CUST-0528,2024-12-09 17:10:26.719034,Europe,Enterprise,32,65.0,32,474,16,0.223009823533733,6.9040121918779835,16,43.0,3526.9300436272247,82.02162892156336,3,7,3,3,Active,0
CUST-0529,2024-12-10 17:10:26.719034,Europe,Basic,98,188.0,35,385,2,0.40789593737154684,4.070343932377147,24,29.0,1702.4310172999185,58.70451783792822,1,94,0,2,Expired,1
CUST-0530,2024-12-11 17:10:26.719034,Europe,Enterprise,11,195.0,15,301,15,0.3477824030488872,7.727616735242291,27,38.0,564.205883375457,14.847523246722552,17,30,2,5,Active,0
CUST-0531,2024-12-12 17:10:26.719034,North America,Basic,10,,5,478,4,0.02164556134698359,5.94788096139418,14,33.0,1400.0540864962404,42.425881408976984,3,19,4,8,Active,1
CUST-0532,2024-12-13 17:10:26.719034,South America,Pro,15,226.0,46,17,15,0.09177760647117583,5.0711773463084455,29,7.0,3860.2284336943917,551.4612048134845,14,103,1,7,Active,1
CUST-0533,2024-12-14 17:10:26.719034,North America,Basic,17,129.0,48,334,2,0.6809532914035762,2.524801618839223,50,12.0,1762.7067230938085,146.89222692448405,3,35,3,9,Active,0
CUST-0534,2024-12-15 17:10:26.719034,North America,Basic,40,184.0,6,99,19,0.8793244633625606,6.731393178559175,26,31.0,4061.7876385216937,131.02540769424817,13,104,3,3,Active,0
CUST-0535,2024-12-16 17:10:26.719034,Asia,Basic,18,32.0,25,217,14,0.5142270112659776,9.772928590783717,21,32.0,1604.4120445193043,50.13787639122826,15,33,4,1,Expired,1
CUST-0536,2024-12-17 17:10:26.719034,Europe,Pro,55,222.0,46,301,2,0.539191079513633,8.430430824163135,9,20.0,826.1396416849525,41.30698208424762,18,33,3,7,Active,1
CUST-0537,2024-12-18 17:10:26.719034,South America,Basic,73,244.0,40,293,19,0.2550934328323794,1.540073733301106,57,17.0,2184.883313972905,128.5225478807591,14,78,3,7,Active,0
CUST-0538,2024-12-19 17:10:26.719034,Asia,Pro,25,22.0,29,127,13,0.7678763636337114,4.386064405250719,30,36.0,2266.8498163228032,62.9680504534112,3,38,3,5,Expired,0
CUST-0539,2024-12-20 17:10:26.719034,North America,Basic,59,110.0,7,358,15,0.7517945873672564,9.330247082712447,26,3.0,90.3800105611915,30.126670187063834,19,10,3,7,Active,0
CUST-0540,2024-12-21 17:10:26.719034,Europe,Basic,78,33.0,40,184,16,0.5883656892176566,5.527393728013193,11,1.0,594.0549128045674,594.0549128045674,8,57,2,8,Active,1
CUST-0541,2024-12-22 17:10:26.719034,Asia,Pro,89,20.0,13,85,19,0.21266428651134284,6.959006432273613,45,27.0,932.7808336763591,34.54743828430959,4,28,2,0,Active,1
CUST-0542,2024-12-23 17:10:26.719034,Europe,Pro,22,282.0,38,110,17,0.09701821823708945,9.213394110322515,30,47.0,576.8007137195877,12.272355611055058,4,78,1,8,Active,1
CUST-0543,2024-12-24 17:10:26.719034,Asia,Basic,30,290.0,18,423,17,0.06423857585712589,8.864152213778926,31,40.0,1714.2151163526055,42.855377908815136,19,100,3,1,Active,1
CUST-0544,2024-12-25 17:10:26.719034,Europe,Pro,84,103.0,2,160,13,0.5926960666428778,5.516383379864599,31,33.0,4823.468049528919,146.16569847057332,11,38,4,0,Active,1
CUST-0545,2024-12-26 17:10:26.719034,North America,Enterprise,85,210.0,8,409,17,0.8250353191428,4.938816723918419,40,20.0,2551.020466252119,127.55102331260596,1,16,0,7,Active,1
CUST-0546,2024-12-27 17:10:26.719034,South America,Pro,44,30.0,11,279,14,0.8583304317809248,4.057233566316284,58,,3141.504559114526,224.3931827938947,8,21,1,7,Expired,0
CUST-0547,2024-12-28 17:10:26.719034,North America,Basic,32,220.0,33,467,14,0.4636220743434498,7.47117498846602,44,36.0,1788.3685278299106,49.67690355083085,15,92,0,3,Active,1
CUST-0548,2024-12-29 17:10:26.719034,South America,Basic,51,149.0,38,80,5,0.7842712993067169,3.5828811952438895,34,5.0,1624.203930599299,324.8407861198598,1,97,0,7,Expired,0
CUST-0549,2024-12-30 17:10:26.719034,Europe,Enterprise,46,110.0,48,189,14,0.9468801963410236,3.2489884578781014,52,23.0,125.5023918558917,5.456625732864857,7,6,3,6,Active,1
CUST-0550,2024-12-31 17:10:26.719034,Asia,Basic,21,37.0,27,133,17,0.275170112488068,4.206249051434021,45,45.0,2506.664941823352,55.70366537385227,11,41,4,1,Active,1
CUST-0551,2025-01-01 17:10:26.719034,North America,Enterprise,99,50.0,20,390,3,0.39796034638075717,2.594935511909128,20,15.0,2423.208943690815,161.547262912721,14,15,0,4,Active,1
CUST-0552,2025-01-02 17:10:26.719034,South America,Pro,32,155.0,12,302,7,0.9314789925966807,7.256078343511906,9,6.0,797.5753236438039,132.92922060730066,16,108,0,9,Active,0
CUST-0553,2025-01-03 17:10:26.719034,North America,Enterprise,94,265.0,43,294,14,0.33823096731728486,6.54616584397551,15,33.0,3823.976761031451,115.87808366761973,14,3,1,3,Active,1
CUST-0554,2025-01-04 17:10:26.719034,South America,Pro,39,236.0,31,204,2,0.9138762903217963,5.345906807042592,6,19.0,2468.4449082519045,129.9181530658897,12,43,4,2,Active,0
CUST-0555,2025-01-05 17:10:26.719034,North America,Enterprise,12,245.0,27,408,14,0.9810448622544657,4.512932013353992,3,13.0,1701.5799111062506,130.8907623927885,17,47,4,0,Expired,0
CUST-0556,2025-01-06 17:10:26.719034,South America,Basic,47,22.0,32,237,12,0.6618107285744247,9.181562886070584,26,29.0,743.0754560244055,25.623291587048467,14,99,0,4,Active,0
CUST-0557,2025-01-07 17:10:26.719034,South America,Pro,18,219.0,10,440,8,0.8168902895041683,1.2621140649019476,51,6.0,2765.282526585352,460.88042109755867,10,14,4,9,Active,1
CUST-0558,2025-01-08 17:10:26.719034,Europe,Basic,21,238.0,3,439,1,0.7495455642210852,7.9219696915656925,54,15.0,3766.5569601831608,251.10379734554405,14,66,1,7,Expired,0
CUST-0559,2025-01-09 17:10:26.719034,South America,Basic,13,109.0,45,445,7,0.6995342576155238,9.117186145739998,24,16.0,1417.1767698980086,88.57354811862554,18,29,1,8,Active,0
CUST-0560,2025-01-10 17:10:26.719034,Europe,Pro,21,40.0,27,284,19,0.30693107298123257,5.017191214869333,30,24.0,1101.7838143678455,45.90765893199356,9,4,1,6,Active,1
CUST-0561,2025-01-11 17:10:26.719034,South America,Enterprise,8,25.0,35,470,16,0.057094337907943715,5.956214423235821,10,23.0,2614.455470682239,113.6719769861843,17,26,3,0,Active,0
CUST-0562,2025-01-12 17:10:26.719034,Asia,Enterprise,46,146.0,31,115,12,0.3430517325196506,9.500173190938341,47,48.0,785.1630795249845,16.35756415677051,6,115,0,0,Active,0
CUST-0563,2025-01-13 17:10:26.719034,Asia,Pro,7,175.0,15,30,0,0.6669359852039066,2.91049763756963,19,10.0,3336.400799105482,333.6400799105482,8,12,4,0,Active,0
CUST-0564,2025-01-14 17:10:26.719034,Asia,Basic,23,109.0,16,73,1,0.10252919822780138,5.681213630062164,35,41.0,3030.66470344171,73.91865130345634,13,2,1,1,Active,0
CUST-0565,2025-01-15 17:10:26.719034,South America,Basic,96,118.0,13,174,14,0.011917982978242092,5.272490144153916,53,41.0,444.53942746122885,10.842425060029973,18,17,0,0,Active,0
CUST-0566,2025-01-16 17:10:26.719034,Europe,Pro,75,182.0,49,36,11,0.13969237260293865,3.3255338308333307,53,49.0,192.2366931130556,3.9231978186337875,5,35,0,3,Active,0
CUST-0567,2025-01-17 17:10:26.719034,Europe,Basic,86,246.0,35,320,13,0.7157359264107953,8.367339073357972,54,17.0,3105.2403764170385,182.66119861276698,6,10,3,9,Active,1
CUST-0568,2025-01-18 17:10:26.719034,South America,Basic,22,171.0,11,294,1,0.972793701656444,9.096405352869123,16,49.0,1478.5259322038166,30.173998616404422,19,112,4,8,Expired,0
CUST-0569,2025-01-19 17:10:26.719034,Asia,Basic,89,225.0,21,157,17,0.9830646996148205,8.037393218093879,44,44.0,441.36430833525867,10.031007007619515,4,86,4,3,Expired,0
CUST-0570,2025-01-20 17:10:26.719034,Asia,Basic,22,273.0,11,290,6,0.4939791491401879,2.7582306476374754,10,45.0,3799.549237732868,84.43442750517484,7,105,1,3,Active,0
CUST-0571,2025-01-21 17:10:26.719034,Europe,Basic,92,272.0,30,335,5,0.8693523009923474,1.780737719512434,29,30.0,1577.0795750580442,52.569319168601474,4,43,1,6,Active,0
CUST-0572,2025-01-22 17:10:26.719034,Asia,Basic,29,283.0,48,328,13,0.7368264557515041,6.449000367748081,34,44.0,2303.4017526947355,52.35003983397126,11,21,0,8,Expired,1
CUST-0573,2025-01-23 17:10:26.719034,North America,Basic,13,12.0,35,173,7,0.5010402369846034,1.5138528445889554,40,46.0,1191.6965079943086,25.90644582596323,12,15,4,6,Active,1
CUST-0574,2025-01-24 17:10:26.719034,Europe,Basic,82,37.0,22,395,1,0.5727605329550868,7.055432997022758,37,10.0,3140.3122210062434,314.03122210062435,14,35,4,0,Active,1
CUST-0575,2025-01-25 17:10:26.719034,Asia,Enterprise,2,158.0,38,415,16,0.13722714661687108,5.773817982945184,21,19.0,1514.4271926182537,79.70669434832914,13,112,1,0,Active,1
CUST-0576,2025-01-26 17:10:26.719034,Europe,Basic,29,37.0,31,233,4,0.9376614606165921,6.965071594692972,52,29.0,4840.424596525866,166.91119298365055,10,85,2,3,Expired,1
CUST-0577,2025-01-27 17:10:26.719034,North America,Basic,85,74.0,14,281,13,0.3519297707317768,6.311536962847696,42,2.0,3517.708267598364,1758.854133799182,18,85,0,3,Active,0
CUST-0578,2025-01-28 17:10:26.719034,Europe,Pro,79,30.0,24,155,19,0.4461492564571695,4.8043231257445544,47,36.0,692.2441591035943,19.229004419544285,16,85,4,0,,1
CUST-0579,2025-01-29 17:10:26.719034,Europe,Basic,52,261.0,49,462,2,0.6716602309978987,2.8078946212620544,50,19.0,2089.307249970599,109.96353947213679,5,60,3,5,Active,0
CUST-0580,2025-01-30 17:10:26.719034,Europe,Enterprise,27,244.0,32,447,4,0.33390247152655395,3.7513192222943967,26,7.0,1933.251287652094,276.17875537887056,8,44,3,9,Active,0
CUST-0581,2025-01-31 17:10:26.719034,Europe,Pro,50,236.0,36,365,15,0.25425916098893053,5.720505167970788,36,26.0,2675.8930824947115,102.91896471133506,14,96,2,1,Active,1
CUST-0582,2025-02-01 17:10:26.719034,North America,Basic,95,22.0,32,39,17,0.6310493932702206,6.866812842828453,45,15.0,4211.234065651474,280.7489377100983,5,119,1,4,Active,1
CUST-0583,2025-02-02 17:10:26.719034,South America,Basic,79,58.0,15,54,16,0.02498408228184945,8.015347151960757,48,47.0,2921.2758557631787,62.15480544176976,8,5,1,7,Expired,0
CUST-0584,2025-02-03 17:10:26.719034,Europe,Enterprise,23,127.0,43,284,10,0.7207251120266789,7.904536466041547,34,38.0,317.1678212239964,8.3465216111578,6,103,1,2,,0
CUST-0585,2025-02-04 17:10:26.719034,Europe,Enterprise,88,63.0,35,480,16,0.5140233698765098,9.754198689349767,3,3.0,3280.5243270462465,1093.5081090154156,16,73,3,8,Active,0
CUST-0586,2025-02-05 17:10:26.719034,Asia,Basic,44,147.0,3,43,15,0.6057537305209344,3.572573037970685,15,38.0,51.2438367498334,1.3485220197324579,4,117,1,6,,0
CUST-0587,2025-02-06 17:10:26.719034,Europe,Pro,77,62.0,16,150,1,0.6318801592468851,1.6399963739209311,15,16.0,3902.0026980965613,243.87516863103508,12,18,3,8,Expired,0
CUST-0588,2025-02-07 17:10:26.719034,Asia,Basic,22,53.0,5,436,3,0.5270501564925637,4.110912419876733,20,2.0,3336.5140013320975,1668.2570006660487,11,21,2,0,Active,0
CUST-0589,2025-02-08 17:10:26.719034,South America,Enterprise,43,62.0,21,327,6,0.582533777440736,7.68965027701669,25,,1550.840435179404,50.02711081223884,3,72,0,4,Active,0
CUST-0590,2025-02-09 17:10:26.719034,North America,Basic,37,83.0,10,383,1,0.6837882008898746,4.9430048592996565,56,28.0,1469.2846049016835,52.47445017506012,12,108,4,2,Active,0
CUST-0591,2025-02-10 17:10:26.719034,North America,Enterprise,61,55.0,19,230,5,0.7531188471796741,8.360095875304776,35,7.0,3993.382252766065,570.4831789665807,5,116,2,3,Active,0
CUST-0592,2025-02-11 17:10:26.719034,South America,Pro,97,22.0,25,365,16,0.7274523912861205,5.943937286674135,18,30.0,3918.8500927038563,130.6283364234619,6,98,3,3,Active,1
CUST-0593,2025-02-12 17:10:26.719034,North America,Pro,56,174.0,4,31,6,0.8696164577322617,9.368125503674527,57,43.0,1767.988748340032,41.11601740325656,19,74,2,6,Active,0
CUST-0594,2025-02-13 17:10:26.719034,South America,Pro,3,111.0,29,189,4,0.18944343316740275,9.530770977991619,16,7.0,1501.7491631181038,214.5355947311577,18,51,4,9,Active,1
CUST-0595,2025-02-14 17:10:26.719034,South America,Basic,63,289.0,19,445,4,0.40114796949179754,1.6237405541687384,44,36.0,2803.525696525122,77.8757137923645,16,41,0,7,Expired,0
CUST-0596,2025-02-15 17:10:26.719034,South America,Basic,19,267.0,43,376,19,0.9477960660144571,5.107720957411819,25,29.0,51.74464332087946,1.7842980455475677,11,24,4,9,Expired,1
CUST-0597,2025-02-16 17:10:26.719034,North America,Basic,23,147.0,2,429,15,0.3965905743863297,6.4872015512461125,21,24.0,422.50851955284605,17.604521648035252,5,104,3,4,Active,1
CUST-0598,2025-02-17 17:10:26.719034,Asia,Basic,29,172.0,10,338,18,0.12487007690592267,3.302852867309915,54,39.0,639.5862548421964,16.399647560056316,9,24,4,9,Active,1
CUST-0599,2025-02-18 17:10:26.719034,South America,Pro,30,120.0,43,240,8,0.5254451263621795,4.663691014410822,57,4.0,935.2049709575992,233.8012427393998,3,96,2,6,Active,1
CUST-0600,2025-02-19 17:10:26.719034,Europe,Basic,39,111.0,25,412,4,0.10949097255446216,7.099133870059284,55,29.0,2564.970452110591,88.44725696933072,8,97,1,2,Active,1
CUST-0601,2025-02-20 17:10:26.719034,North America,Basic,25,26.0,20,47,7,0.2028532387278652,3.040608042085253,27,44.0,4961.287155156999,112.75652625356815,6,38,2,2,Active,0
CUST-0602,2025-02-21 17:10:26.719034,South America,Enterprise,8,277.0,48,79,8,0.9983187565709567,6.417832176770072,0,5.0,3266.540874719294,653.3081749438588,4,44,3,2,Active,1
CUST-0603,2025-02-22 17:10:26.719034,South America,Enterprise,58,191.0,19,125,4,0.541362638396132,7.277030453478755,43,29.0,315.88098430162574,10.892447734538818,12,57,0,3,Active,1
CUST-0604,2025-02-23 17:10:26.719034,Europe,Enterprise,16,33.0,23,248,9,0.284058389040429,1.8144667998628008,35,30.0,2632.6410765705864,87.75470255235288,12,115,4,5,Active,1
CUST-0605,2025-02-24 17:10:26.719034,Asia,Enterprise,72,38.0,24,344,1,0.9947749545739061,5.477763844247075,42,29.0,2488.259609823627,85.80205551115957,16,59,0,4,Active,0
CUST-0606,2025-02-25 17:10:26.719034,Asia,Basic,1,180.0,11,450,8,0.9665589185551432,3.367720269317717,36,26.0,729.397400932067,28.053746189694884,10,113,3,7,Active,1
CUST-0607,2025-02-26 17:10:26.719034,Asia,Basic,5,237.0,46,157,10,0.44073904108426354,7.519477203982401,1,19.0,4602.159120324014,242.21890106968496,14,34,4,4,Expired,1
CUST-0608,2025-02-27 17:10:26.719034,South America,Pro,3,197.0,34,18,3,0.2604031087879084,2.7059995768324643,16,26.0,2209.418585900091,84.97763791923427,13,75,2,4,,0
CUST-0609,2025-02-28 17:10:26.719034,South America,Pro,65,239.0,28,297,1,0.83839963809219,9.030141239842958,39,37.0,4972.850111642601,134.40135436871896,9,95,2,9,Active,0
CUST-0610,2025-03-01 17:10:26.719034,South America,Basic,4,128.0,5,397,5,0.7156207169717858,4.878472028664942,37,27.0,2106.1607533082997,78.00595382623332,7,82,3,1,Active,1
CUST-0611,2025-03-02 17:10:26.719034,North America,Enterprise,99,165.0,5,59,13,0.6869414350035103,2.782027272767982,20,30.0,3043.70893639121,101.45696454637367,12,23,4,4,Active,1
CUST-0612,2025-03-03 17:10:26.719034,Europe,Basic,96,281.0,21,347,0,0.8931137413224726,4.942196167152964,8,30.0,532.765056892686,17.758835229756198,5,86,2,6,Active,1
CUST-0613,2025-03-04 17:10:26.719034,South America,Basic,64,184.0,12,14,17,0.6894171338713246,4.678693865276751,12,3.0,2276.5968407962773,758.8656135987591,18,43,3,1,Active,0
CUST-0614,2025-03-05 17:10:26.719034,Europe,Pro,98,113.0,4,413,6,0.28379794304154915,4.860270635443392,10,43.0,1201.4418110798267,27.940507234414575,4,82,3,5,Active,1
CUST-0615,2025-03-06 17:10:26.719034,Europe,Pro,89,101.0,49,352,0,0.6938631618757323,6.270051641477022,15,7.0,4179.468344870463,597.066906410066,2,40,0,6,Expired,0
CUST-0616,2025-03-07 17:10:26.719034,Asia,Pro,10,195.0,42,135,0,0.30581351128366396,5.6905635242218375,15,49.0,3921.758728489024,80.03589241814335,3,47,2,4,Active,1
CUST-0617,2025-03-08 17:10:26.719034,North America,Basic,21,292.0,20,84,0,0.759238979656995,2.3479941851281243,58,9.0,4122.658198130539,458.0731331256154,12,41,4,8,Expired,1
CUST-0618,2025-03-09 17:10:26.719034,South America,Enterprise,46,190.0,38,174,3,0.619747854491566,1.5902116538197268,1,41.0,3620.811094412177,88.31246571737017,3,47,2,3,Active,1
CUST-0619,2025-03-10 17:10:26.719034,Asia,Basic,91,179.0,25,287,3,0.07741155198475058,7.564739038538865,41,42.0,4165.0892858640555,99.16879252057275,4,103,2,9,Active,1
CUST-0620,2025-03-11 17:10:26.719034,Asia,Basic,27,196.0,14,451,17,0.512835362435142,6.037456923354821,43,13.0,1012.135463372855,77.85657410560424,6,20,2,0,Active,0
CUST-0621,2025-03-12 17:10:26.719034,South America,Enterprise,66,184.0,11,333,10,0.34330096919574093,4.231006912713374,7,15.0,2265.6984451332105,151.0465630088807,12,77,3,7,Active,1
CUST-0622,2025-03-13 17:10:26.719034,Europe,Enterprise,41,231.0,32,486,0,0.32857063273229425,8.275220402482665,42,5.0,3462.315930930381,692.4631861860762,19,109,1,7,Active,1
CUST-0623,2025-03-14 17:10:26.719034,Asia,Enterprise,13,242.0,11,309,9,0.6022563023772572,4.4925262683486125,41,29.0,3190.588564696323,110.02029533435596,10,65,1,6,Active,0
CUST-0624,2025-03-15 17:10:26.719034,Europe,Enterprise,9,171.0,18,299,8,0.3223248244694249,8.163685806405468,12,35.0,3584.6088695416943,102.41739627261984,1,116,0,7,Active,0
CUST-0625,2025-03-16 17:10:26.719034,North America,Pro,36,143.0,27,86,3,0.7768937482048727,3.751805147611372,56,27.0,1129.0493319246461,41.816641923135045,17,68,2,1,Active,1
CUST-0626,2025-03-17 17:10:26.719034,Europe,Pro,86,233.0,18,307,5,0.07079143601117444,1.6556076779067976,16,27.0,501.18919813449884,18.56256289387033,16,24,1,2,Active,0
CUST-0627,2025-03-18 17:10:26.719034,North America,Basic,90,162.0,23,146,15,0.6603882523958254,9.393757244199362,38,8.0,4584.8648245931345,573.1081030741418,9,100,0,8,Expired,0
CUST-0628,2025-03-19 17:10:26.719034,Europe,Basic,58,42.0,11,115,1,0.8091948036567412,4.550960163532358,23,32.0,2805.2577588811187,87.66430496503496,9,36,3,0,Active,0
CUST-0629,2025-03-20 17:10:26.719034,Asia,Basic,54,64.0,21,104,17,0.6728316899204301,8.1342331556444,2,20.0,777.5913632919807,38.879568164599036,9,45,2,7,Active,0
CUST-0630,2025-03-21 17:10:26.719034,Asia,Basic,12,16.0,44,144,9,0.49722919501999574,3.51229719900074,29,10.0,3969.248543617934,396.9248543617934,12,2,4,7,Active,0
CUST-0631,2025-03-22 17:10:26.719034,North America,Pro,81,253.0,5,77,16,0.9503070137361812,6.8172860091129035,51,13.0,4575.50038378012,351.9615679830861,9,28,3,6,Expired,1
CUST-0632,2025-03-23 17:10:26.719034,South America,Basic,78,135.0,23,156,12,0.2999384897980636,8.859797859319555,12,29.0,856.1219576698343,29.52144681620118,15,26,0,4,Active,0
CUST-0633,2025-03-24 17:10:26.719034,North America,Basic,14,21.0,41,499,17,0.019167887524977778,1.374796201059823,18,35.0,4088.8881517928617,116.82537576551033,2,23,3,3,Active,1
CUST-0634,2025-03-25 17:10:26.719034,North America,Basic,34,25.0,25,487,12,0.43198937146344085,8.475721882174803,6,8.0,4666.79305598245,583.3491319978062,11,79,4,9,Active,1
CUST-0635,2025-03-26 17:10:26.719034,Europe,Pro,53,217.0,41,168,16,0.03301193590032725,6.141997044747358,8,29.0,4692.424385477127,161.80773743024574,11,36,3,9,Active,1
CUST-0636,2025-03-27 17:10:26.719034,Europe,Basic,20,52.0,10,393,4,0.9539367525264087,6.4672457851771235,18,31.0,4571.640743650971,147.47228205325712,8,91,0,9,Active,1
CUST-0637,2025-03-28 17:10:26.719034,North America,Enterprise,75,144.0,22,172,10,0.2099180457480515,5.708422007253843,44,41.0,2736.640851676913,66.74733784577836,6,6,4,9,Expired,0
CUST-0638,2025-03-29 17:10:26.719034,Asia,Basic,16,237.0,19,450,6,0.7889270239488795,8.870275929552783,53,30.0,1787.4944730968075,59.583149103226916,7,35,4,5,Expired,1
CUST-0639,2025-03-30 17:10:26.719034,Europe,Basic,95,,1,350,9,0.7745720831743649,1.390900215120737,39,22.0,46.29131039310634,2.1041504724139246,3,103,3,0,Active,1
CUST-0640,2025-03-31 17:10:26.719034,South America,Pro,70,169.0,7,198,16,0.21772889968293352,3.349255523822633,21,21.0,313.9520120889202,14.950095813758104,8,38,4,4,Active,1
CUST-0641,2025-04-01 17:10:26.719034,Europe,Enterprise,56,273.0,4,424,14,0.6212265304801673,8.881862849732398,17,12.0,2149.9066863339795,179.15889052783163,18,35,3,3,Active,1
CUST-0642,2025-04-02 17:10:26.719034,Europe,Basic,83,234.0,1,348,17,0.04807896848645021,7.771111322787604,22,11.0,2002.6374704936366,182.05795186305787,17,100,2,3,Active,0
CUST-0643,2025-04-03 17:10:26.719034,South America,Pro,58,226.0,15,104,18,0.48357458570386747,1.1588064416074526,1,2.0,931.7224087537172,465.8612043768586,11,74,4,6,Expired,0
CUST-0644,2025-04-04 17:10:26.719034,North America,Pro,4,54.0,40,190,1,0.014647127272486737,5.653056548887378,49,41.0,1983.4453398779676,48.3767156067797,2,94,3,8,Active,1
CUST-0645,2025-04-05 17:10:26.719034,South America,Basic,4,223.0,12,297,3,0.9211438801808418,5.766154126414073,49,2.0,881.5038266222869,440.7519133111434,19,53,2,7,Active,1
CUST-0646,2025-04-06 17:10:26.719034,North America,Enterprise,20,68.0,22,331,2,0.9760860241995717,4.607939216151193,10,34.0,4245.468351351445,124.86671621621896,7,105,4,7,Active,0
CUST-0647,2025-04-07 17:10:26.719034,North America,Pro,10,141.0,22,196,6,0.22228276663858526,3.6765399885579075,30,3.0,1497.9924405992383,499.33081353307944,18,38,2,4,Expired,1
CUST-0648,2025-04-08 17:10:26.719034,North America,Pro,24,113.0,47,381,17,0.20810603459637278,7.135523653711079,32,16.0,2996.836107289967,187.30225670562294,8,93,4,5,Active,0
CUST-0649,2025-04-09 17:10:26.719034,South America,Enterprise,99,204.0,17,147,9,0.7537201765621296,2.8701141823427845,13,,2519.186879375443,629.7967198438607,14,116,0,1,Active,0
CUST-0650,2025-04-10 17:10:26.719034,North America,Enterprise,26,166.0,29,139,6,0.25337939882933447,8.190537058645354,15,23.0,268.89156719402115,11.690937704087876,7,59,0,2,Active,0
CUST-0651,2025-04-11 17:10:26.719034,Asia,Pro,37,107.0,46,203,7,0.895076559161845,8.227334446907246,10,20.0,4711.746260260919,235.58731301304596,4,43,3,4,Active,1
CUST-0652,2025-04-12 17:10:26.719034,South America,Enterprise,85,235.0,14,325,5,0.5739291361229822,4.737352938155385,32,25.0,2640.8576314699117,105.63430525879647,17,103,1,1,,1
CUST-0653,2025-04-13 17:10:26.719034,Asia,Pro,54,214.0,20,481,0,0.3507776230103121,3.5519320981868288,6,30.0,1632.0376405251584,54.401254684171946,5,114,0,2,Active,1
CUST-0654,2025-04-14 17:10:26.719034,North America,Pro,21,88.0,48,282,3,0.8326937463494201,3.554903634316419,30,18.0,799.0515824690107,44.39175458161171,12,4,1,3,Active,0
CUST-0655,2025-04-15 17:10:26.719034,Europe,Pro,74,,33,361,13,0.4934067004133952,5.340621915965891,47,42.0,1699.2479072869105,40.4582835068312,9,5,2,5,Active,0
CUST-0656,2025-04-16 17:10:26.719034,North America,Pro,38,227.0,43,153,16,0.9116329137084755,7.476213022744229,45,11.0,112.35289908671362,10.213899916973965,13,68,2,4,Expired,0
CUST-0657,2025-04-17 17:10:26.719034,Asia,Basic,46,13.0,15,25,19,0.928014236729381,4.229818218944729,46,29.0,1824.1551951880056,62.90190328234502,18,100,1,9,Active,0
CUST-0658,2025-04-18 17:10:26.719034,Asia,Enterprise,4,99.0,12,311,17,0.16542015212840933,6.4903901091197636,13,17.0,2662.114777249479,156.59498689702818,9,45,3,3,Active,1
CUST-0659,2025-04-19 17:10:26.719034,South America,Enterprise,60,113.0,40,432,10,0.0023234061319302723,4.442360145243349,27,,4360.612566796214,167.71586795370055,4,80,4,1,Active,0
CUST-0660,2025-04-20 17:10:26.719034,Europe,Basic,57,128.0,20,254,13,0.9839309401424022,3.7407087023624497,52,23.0,3439.99834431201,149.56514540487,8,25,1,4,Active,0
CUST-0661,2025-04-21 17:10:26.719034,South America,Enterprise,45,142.0,30,424,8,0.9061375361274794,1.2237356432421476,42,48.0,566.7957425348746,11.808244636143222,1,78,1,4,Active,0
CUST-0662,2025-04-22 17:10:26.719034,Asia,Basic,20,105.0,38,116,14,0.05544523570384141,1.0352269516185157,15,20.0,747.2541589454258,37.36270794727129,17,11,1,6,Expired,1
CUST-0663,2025-04-23 17:10:26.719034,North America,Basic,17,152.0,3,97,11,0.8330342639410699,3.0448691004880404,18,45.0,2146.33560541369,47.696346786970885,9,29,1,0,Active,0
CUST-0664,2025-04-24 17:10:26.719034,Europe,Pro,71,297.0,28,138,9,0.4578049325592066,4.657656581208959,16,2.0,986.5816806775513,493.29084033877564,13,34,1,3,Active,0
CUST-0665,2025-04-25 17:10:26.719034,North America,Basic,4,37.0,26,404,18,0.2589616050249752,8.661350506258543,58,24.0,148.9703901379512,6.2070995890813,2,86,3,4,,1
CUST-0666,2025-04-26 17:10:26.719034,North America,Enterprise,93,287.0,30,384,18,0.8787465236769298,8.186358186373829,25,31.0,4027.02425178917,129.9040081222313,13,14,0,7,Active,1
CUST-0667,2025-04-27 17:10:26.719034,Europe,Enterprise,14,242.0,13,350,5,0.19666723239030726,3.404487363291909,5,27.0,107.41762778299068,3.9784306586292844,9,24,4,7,Active,0
CUST-0668,2025-04-28 17:10:26.719034,South America,Pro,3,26.0,13,13,19,0.9472999994200669,3.200863986858694,42,2.0,4155.14112993809,2077.570564969045,6,59,0,0,Active,1
CUST-0669,2025-04-29 17:10:26.719034,North America,Basic,88,68.0,2,336,5,0.20562148769934108,3.0458986396302468,48,14.0,729.0787755345004,52.07705539532146,1,39,1,4,Active,0
CUST-0670,2025-04-30 17:10:26.719034,Asia,Basic,80,99.0,37,419,7,0.6136831877287435,4.053136064759803,8,4.0,4873.64526992751,1218.4113174818774,5,26,0,9,Active,0
CUST-0671,2025-05-01 17:10:26.719034,North America,Pro,58,208.0,49,376,0,0.22308633452897486,5.483788476055168,49,49.0,3023.3308200126885,61.700628979850784,3,43,3,0,Expired,1
CUST-0672,2025-05-02 17:10:26.719034,Europe,Enterprise,55,35.0,38,315,16,0.5456686649686348,4.948009948284179,16,13.0,3677.565028433178,282.88961757178294,4,36,2,0,Expired,0
CUST-0673,2025-05-03 17:10:26.719034,Europe,Pro,4,34.0,2,405,16,0.6839751299151413,2.964458789033444,30,36.0,561.3133035606437,15.59203621001788,1,39,0,1,Active,0
CUST-0674,2025-05-04 17:10:26.719034,Europe,Basic,24,276.0,36,104,14,0.19022793082013756,2.1740626894925623,11,35.0,4311.8993265228855,123.19712361493958,14,61,4,1,Active,1
CUST-0675,2025-05-05 17:10:26.719034,South America,Pro,34,190.0,26,218,6,0.5208857827006792,1.1132003123757586,22,44.0,4197.5697909289765,95.39931343020402,9,16,3,8,Active,1
CUST-0676,2025-05-06 17:10:26.719034,North America,Pro,30,77.0,11,234,18,0.469059744390119,2.385669147998535,53,8.0,3268.433730393171,408.5542162991464,4,102,2,3,Active,0
CUST-0677,2025-05-07 17:10:26.719034,South America,Pro,82,58.0,8,468,2,0.07103742140334124,7.348207331747064,53,2.0,2516.351574330983,1258.1757871654916,18,59,3,2,Active,0
CUST-0678,2025-05-08 17:10:26.719034,South America,Basic,19,184.0,44,357,10,0.8183078176753029,3.1927471241102463,4,6.0,3610.230973927046,601.7051623211743,14,96,1,0,Active,1
CUST-0679,2025-05-09 17:10:26.719034,Europe,Pro,31,61.0,40,489,19,0.3356824006428417,5.217416291093588,42,,39.58179453102197,1.27683208164587,4,6,2,1,,1
CUST-0680,2025-05-10 17:10:26.719034,Europe,Pro,60,111.0,43,330,18,0.5745821975518796,6.3217103403092025,35,10.0,2966.2793694383126,296.6279369438313,10,98,4,5,Expired,0
CUST-0681,2025-05-11 17:10:26.719034,South America,Enterprise,60,225.0,22,56,8,0.5147842349331344,8.981568125484465,58,44.0,4238.556613296891,96.33083212038387,3,56,2,8,Active,0
CUST-0682,2025-05-12 17:10:26.719034,North America,Basic,19,197.0,20,485,9,0.5132605045704423,8.999695885540774,35,21.0,1790.9304370020268,85.28240176200127,7,8,4,4,Active,0
CUST-0683,2025-05-13 17:10:26.719034,Asia,Pro,49,66.0,8,190,1,0.10722239420848745,7.711603603132231,2,42.0,550.363888849755,13.103902115470357,10,94,1,3,Active,1
CUST-0684,2025-05-14 17:10:26.719034,South America,Enterprise,63,56.0,29,115,0,0.42348200924933277,1.3164129284365127,57,10.0,2110.1774762185987,211.01774762185988,13,27,4,4,,0
CUST-0685,2025-05-15 17:10:26.719034,North America,Basic,83,168.0,40,208,15,0.4523667592065702,6.175633771768734,23,23.0,3638.2512008019494,158.18483481747606,4,71,3,8,Active,0
CUST-0686,2025-05-16 17:10:26.719034,Europe,Enterprise,22,183.0,26,395,17,0.7336428403644485,8.079251237483557,54,3.0,545.4330397496559,181.8110132498853,18,27,0,6,Active,0
CUST-0687,2025-05-17 17:10:26.719034,Europe,Pro,24,251.0,30,115,16,0.8400188319206985,1.1555924028702689,56,32.0,1038.182315462321,32.44319735819753,11,89,3,7,Active,1
CUST-0688,2025-05-18 17:10:26.719034,North America,Basic,76,291.0,17,289,5,0.544982278100018,5.947161522909204,16,20.0,746.2837156752126,37.314185783760635,4,46,3,3,Expired,1
CUST-0689,2025-05-19 17:10:26.719034,Asia,Basic,30,250.0,20,269,13,0.08678295406499048,8.719877312074265,38,10.0,3986.769300320372,398.6769300320372,14,41,2,7,Expired,0
CUST-0690,2025-05-20 17:10:26.719034,Europe,Pro,58,14.0,16,117,14,0.23684947059654626,5.266918682580402,25,29.0,323.8341860379093,11.166696070272735,18,79,1,5,Active,1
CUST-0691,2025-05-21 17:10:26.719034,Europe,Basic,31,93.0,46,28,13,0.16493402685273106,1.036955826077036,3,41.0,3436.0666455510204,83.80650355002489,8,25,0,4,Expired,1
CUST-0692,2025-05-22 17:10:26.719034,Europe,Pro,64,257.0,43,419,2,0.12461506318912474,1.0991202250204672,54,46.0,1838.620034558425,39.970000751270106,10,86,4,6,Active,0
CUST-0693,2025-05-23 17:10:26.719034,North America,Basic,19,63.0,7,468,18,0.36589929861780757,4.749724336723755,44,34.0,3781.3983019976586,111.2175971175782,5,18,2,5,Active,0
CUST-0694,2025-05-24 17:10:26.719034,South America,Pro,48,170.0,16,305,11,0.22939350215438203,2.395078006750791,11,37.0,4822.273259732348,130.3317097224959,7,12,1,2,Expired,0
CUST-0695,2025-05-25 17:10:26.719034,Europe,Basic,45,235.0,45,315,1,0.2183031118115123,6.980055913839336,0,20.0,581.5810449365466,29.07905224682733,12,87,0,4,Expired,0
CUST-0696,2025-05-26 17:10:26.719034,South America,Enterprise,94,24.0,47,180,2,0.054693174576267656,7.379193384155386,20,,1578.7813549266177,197.34766936582722,3,51,3,8,Active,1
CUST-0697,2025-05-27 17:10:26.719034,Asia,Enterprise,55,,48,340,17,0.01767004479543388,2.6009181591456576,18,7.0,4052.5258843170964,578.9322691881566,4,109,1,6,Active,0
CUST-0698,2025-05-28 17:10:26.719034,Europe,Enterprise,55,70.0,27,204,0,0.1027682426497818,8.996799596720365,20,6.0,1338.1303463953707,223.02172439922845,10,39,1,3,Expired,1
CUST-0699,2025-05-29 17:10:26.719034,Europe,Pro,97,,23,21,19,0.17219747942363306,4.977170604810333,51,11.0,1083.4517792597442,98.49561629634037,4,89,1,6,Expired,0
CUST-0700,2025-05-30 17:10:26.719034,Asia,Basic,18,286.0,24,204,5,0.43098372884820313,2.2856131683273135,17,44.0,4128.636109566169,93.83263885377656,15,10,3,4,Expired,1
CUST-0701,2025-05-31 17:10:26.719034,Europe,Pro,63,55.0,9,499,4,0.5105202612988446,7.878264382624559,42,18.0,4935.540996389792,274.1967220216551,10,94,4,1,Active,0
CUST-0702,2025-06-01 17:10:26.719034,South America,Basic,92,71.0,35,292,0,0.14059191817336558,8.109770500150955,51,42.0,2788.834144838349,66.40081297234164,16,74,2,5,,1
CUST-0703,2025-06-02 17:10:26.719034,North America,Basic,47,95.0,20,378,18,0.4247833415241863,6.753659253989118,2,29.0,1397.463254183363,48.18838807528838,15,98,4,6,,0
CUST-0704,2025-06-03 17:10:26.719034,South America,Basic,75,219.0,37,191,0,0.3417488423259273,8.681189978822978,48,25.0,1998.8441483842694,79.95376593537077,19,110,0,7,Active,0
CUST-0705,2025-06-04 17:10:26.719034,North America,Basic,57,87.0,42,459,15,0.18342364349795603,7.636356748276042,43,21.0,858.950333644209,40.902396840200424,19,77,2,5,Expired,1
CUST-0706,2025-06-05 17:10:26.719034,North America,Pro,45,211.0,17,314,11,0.006840748148363551,8.939851635042915,31,46.0,3811.8175216648547,82.86559829706206,18,54,0,7,Active,0
CUST-0707,2025-06-06 17:10:26.719034,South America,Pro,33,,47,153,7,0.4670178665217417,4.904992436369315,9,3.0,3869.635348935612,1289.878449645204,12,29,3,6,Active,0
CUST-0708,2025-06-07 17:10:26.719034,South America,Basic,17,231.0,31,395,15,0.6856517492651993,7.7283741528949825,39,18.0,4376.853751988647,243.15854177714704,16,102,4,1,Active,0
CUST-0709,2025-06-08 17:10:26.719034,South America,Basic,70,12.0,8,325,0,0.22627733414380702,9.997764070861399,14,24.0,142.74679234685374,5.947783014452239,1,41,1,5,Active,0
CUST-0710,2025-06-09 17:10:26.719034,South America,Enterprise,4,15.0,15,191,3,0.13180682989667936,7.524380777676573,4,47.0,2814.2868947156326,59.87844456841771,16,109,2,8,Active,1
CUST-0711,2025-06-10 17:10:26.719034,Asia,Basic,20,,31,39,9,0.8870427444469619,2.0276540221341897,3,,1079.13461737249,28.398279404539213,2,9,1,5,Expired,1
CUST-0712,2025-06-11 17:10:26.719034,Europe,Basic,47,17.0,30,93,10,0.2750247724877978,5.664868501862647,57,10.0,1711.006247306862,171.1006247306862,15,63,0,3,Active,1
CUST-0713,2025-06-12 17:10:26.719034,North America,Basic,91,244.0,46,175,16,0.22361261979266478,6.286130121187251,27,27.0,3926.9285202796723,145.44179704739528,7,77,1,6,Active,1
CUST-0714,2025-06-13 17:10:26.719034,South America,Pro,15,117.0,20,293,6,0.8570969396099158,2.567896075642519,52,12.0,968.2479252838658,80.68732710698882,1,37,1,2,Expired,1
CUST-0715,2025-06-14 17:10:26.719034,South America,Pro,70,170.0,39,290,11,0.8171070991667613,9.666024707602338,51,7.0,3195.3253353996374,456.4750479142339,5,14,3,4,Active,0
CUST-0716,2025-06-15 17:10:26.719034,South America,Basic,47,218.0,12,105,6,0.4483464705246336,2.5802179987115466,50,,3276.285294205755,192.7226643650444,10,101,3,0,Active,1
CUST-0717,2025-06-16 17:10:26.719034,Asia,Basic,78,249.0,49,390,11,0.4892388614277745,2.598021277419005,52,1.0,4770.92863536248,4770.92863536248,4,73,4,9,Active,1
CUST-0718,2025-06-17 17:10:26.719034,South America,Pro,75,59.0,17,275,14,0.21774870483402198,9.236504241770994,3,26.0,3878.0530333593956,149.1558858984383,14,72,0,2,Active,1
CUST-0719,2025-06-18 17:10:26.719034,South America,Pro,9,20.0,42,453,1,0.0783016704795575,5.18684889809504,14,15.0,4020.13938429693,268.009292286462,13,39,3,7,Active,0
CUST-0720,2025-06-19 17:10:26.719034,South America,Basic,90,165.0,30,307,13,0.5734318253556611,1.5686945134706458,16,33.0,2662.687737599288,80.68750719997843,1,40,3,8,Expired,0
CUST-0721,2025-06-20 17:10:26.719034,Europe,Enterprise,16,79.0,29,305,12,0.09834492159021313,6.383687499446758,43,37.0,942.0362277402296,25.460438587573773,16,54,4,8,Active,1
CUST-0722,2025-06-21 17:10:26.719034,Asia,Basic,69,178.0,19,234,3,0.4492745469566498,6.4164371376974305,2,47.0,2133.561194934575,45.39491904116117,9,3,2,9,Expired,0
CUST-0723,2025-06-22 17:10:26.719034,South America,Basic,61,,46,342,13,0.9404971985130107,1.5805068281790562,9,31.0,2751.9529718239837,88.77267651045109,16,55,4,1,Active,1
CUST-0724,2025-06-23 17:10:26.719034,North America,Enterprise,10,77.0,11,370,13,0.9528343891705844,9.752702460702958,46,35.0,3395.3120660514246,97.00891617289784,19,111,1,3,Active,0
CUST-0725,2025-06-24 17:10:26.719034,North America,Basic,50,261.0,34,383,15,0.2393322865473586,5.896269687651181,41,1.0,3042.468468041317,3042.468468041317,15,104,1,4,Active,0
CUST-0726,2025-06-25 17:10:26.719034,North America,Pro,3,57.0,7,51,6,0.6241134200456544,6.038161499617878,55,8.0,1975.9493662970453,246.99367078713067,14,33,3,2,Active,1
CUST-0727,2025-06-26 17:10:26.719034,Asia,Basic,77,193.0,44,312,18,0.47407626410785764,5.681038730521551,22,12.0,1333.9124039092487,111.1593669924374,10,96,3,0,Active,0
CUST-0728,2025-06-27 17:10:26.719034,Asia,Basic,94,196.0,34,430,1,0.875685127586106,6.49658601680158,17,19.0,849.4719075863786,44.709047767704135,12,71,4,5,Active,0
CUST-0729,2025-06-28 17:10:26.719034,North America,Enterprise,70,99.0,20,255,9,0.27143086427605323,3.3786977749637943,0,25.0,3472.288477498609,138.89153909994437,1,19,4,9,Active,0
CUST-0730,2025-06-29 17:10:26.719034,South America,Basic,81,148.0,38,217,17,0.003702406832416849,3.585172131773567,34,32.0,3230.5393848193003,100.95435577560313,17,34,0,1,Active,0
CUST-0731,2025-06-30 17:10:26.719034,Asia,Enterprise,51,98.0,24,246,16,0.1625612059314151,5.602051808165195,52,12.0,3439.9886041314553,286.6657170109546,9,78,1,8,Active,1
CUST-0732,2025-07-01 17:10:26.719034,North America,Basic,19,283.0,10,31,4,0.34952280116939805,8.260172692872217,57,13.0,1868.9119894859464,143.76246072968817,19,50,4,0,Active,1
CUST-0733,2025-07-02 17:10:26.719034,North America,Basic,42,28.0,32,194,11,0.3157211297704886,1.4487811884476098,30,28.0,1319.4150346280176,47.1219655224292,18,47,2,8,Active,1
CUST-0734,2025-07-03 17:10:26.719034,South America,Basic,35,163.0,15,477,5,0.7913629191228859,6.430637909982214,58,1.0,3801.0094301178174,3801.0094301178174,7,46,0,6,Expired,1
CUST-0735,2025-07-04 17:10:26.719034,Europe,Pro,46,269.0,37,251,8,0.6805606661388378,8.261003282556825,43,6.0,3870.500501326117,645.0834168876862,9,56,4,9,Active,1
CUST-0736,2025-07-05 17:10:26.719034,Asia,Basic,26,117.0,20,372,19,0.29955631961489726,2.4122554483350447,0,8.0,2283.5257060945346,285.4407132618168,12,57,3,1,Active,0
CUST-0737,2025-07-06 17:10:26.719034,South America,Enterprise,69,294.0,3,292,0,0.4577438171662134,1.1352028778250967,2,4.0,3063.4013829889477,765.8503457472369,7,83,4,5,Active,1
CUST-0738,2025-07-07 17:10:26.719034,North America,Basic,93,68.0,37,50,14,0.09555910395833522,3.8144196562731225,2,5.0,1873.8631245163886,374.7726249032777,14,51,3,7,Active,1
CUST-0739,2025-07-08 17:10:26.719034,North America,Enterprise,64,134.0,40,345,5,0.8981464448201008,6.293293360566383,36,25.0,3512.7165285978353,140.5086611439134,15,54,3,1,Expired,0
CUST-0740,2025-07-09 17:10:26.719034,South America,Basic,37,282.0,8,171,18,0.9354248244485341,2.2445485606427296,18,22.0,4180.250767272878,190.01139851240353,15,90,1,4,Active,0
CUST-0741,2025-07-10 17:10:26.719034,Asia,Enterprise,84,116.0,40,169,17,0.9798035353809381,4.83510133875237,28,28.0,3444.2840539048907,123.01014478231752,6,81,1,5,Active,0
CUST-0742,2025-07-11 17:10:26.719034,Europe,Pro,49,254.0,44,483,5,0.8685528307858377,5.970893476368501,24,39.0,2567.7873079672113,65.84070020428747,14,118,4,2,Expired,0
CUST-0743,2025-07-12 17:10:26.719034,Europe,Pro,21,256.0,23,98,12,0.17396088769622553,6.389947852815855,32,23.0,2298.703217866928,99.9436181681273,2,28,4,1,Active,0
CUST-0744,2025-07-13 17:10:26.719034,North America,Enterprise,74,17.0,40,331,0,0.046196483201628835,3.4697054890033763,35,4.0,3215.175058368964,803.793764592241,8,19,2,5,Active,0
CUST-0745,2025-07-14 17:10:26.719034,Asia,Pro,64,150.0,11,21,12,0.579596727412674,4.600266723876622,28,,3402.2563490906377,850.5640872726594,13,27,0,2,Active,0
CUST-0746,2025-07-15 17:10:26.719034,Europe,Pro,5,17.0,46,433,6,0.9126050268831104,8.005053061608027,57,47.0,2798.05992318745,59.53318985505212,6,48,0,1,Active,0
CUST-0747,2025-07-16 17:10:26.719034,Asia,Basic,70,103.0,8,82,14,0.17735136165974286,9.47093224708617,25,21.0,3128.461952785901,148.97437870409053,5,116,4,0,,1
CUST-0748,2025-07-17 17:10:26.719034,Asia,Basic,90,48.0,29,85,11,0.0070429146241418605,8.756922980064315,3,37.0,491.9775256477158,13.296689882370698,5,19,1,7,Expired,0
CUST-0749,2025-07-18 17:10:26.719034,North America,Enterprise,4,90.0,30,355,0,0.8054960460322443,6.078551515600887,48,41.0,4759.30992555021,116.08072989146854,1,97,2,0,Active,0
CUST-0750,2025-07-19 17:10:26.719034,Europe,Pro,39,196.0,10,210,14,0.076795684286734,4.6926352264955185,13,2.0,3955.95758802285,1977.978794011425,9,51,0,4,,0
CUST-0751,2025-07-20 17:10:26.719034,South America,Pro,35,93.0,39,19,3,0.4137060319100304,3.9966095293427637,49,7.0,1875.9000698368513,267.98572426240736,6,7,4,5,Active,1
CUST-0752,2025-07-21 17:10:26.719034,North America,Basic,1,97.0,28,361,12,0.678887337188785,2.1246090947561624,26,49.0,2818.434928658614,57.5190801767064,7,29,1,2,Active,0
CUST-0753,2025-07-22 17:10:26.719034,Europe,Basic,24,251.0,49,235,4,0.23679758545618013,1.9589612249450168,32,16.0,246.14940538074254,15.384337836296408,9,119,1,6,Expired,0
CUST-0754,2025-07-23 17:10:26.719034,Europe,Basic,57,102.0,36,185,1,0.0839625634467267,7.195218624222919,21,17.0,215.72679185531135,12.68981128560655,5,43,1,1,Active,1
CUST-0755,2025-07-24 17:10:26.719034,Europe,Pro,70,95.0,13,285,0,0.7700212284558287,3.3381497455404436,47,20.0,1261.4836922086938,63.07418461043469,14,69,3,6,Active,0
CUST-0756,2025-07-25 17:10:26.719034,Europe,Basic,41,53.0,32,48,15,0.6301750848870414,3.2919551778920213,2,23.0,3451.61119539947,150.07005197389,5,94,1,1,Active,0
CUST-0757,2025-07-26 17:10:26.719034,Europe,Basic,54,146.0,36,69,5,0.9884904844868048,9.983755490300071,22,34.0,4262.217261522058,125.359331221237,8,113,4,4,Active,0
CUST-0758,2025-07-27 17:10:26.719034,Asia,Basic,46,83.0,37,75,15,0.3443080333199593,2.6913336208641585,20,11.0,2800.3375410994436,254.5761400999494,7,107,2,6,Active,0
CUST-0759,2025-07-28 17:10:26.719034,North America,Basic,60,45.0,26,330,13,0.0617623862901997,2.332537835399467,40,34.0,2665.3423705159385,78.39242266223349,13,58,4,2,Active,0
CUST-0760,2025-07-29 17:10:26.719034,Asia,Pro,60,110.0,22,444,2,0.7343500353352957,1.8881670498392855,22,33.0,2017.5245736194152,61.13710829149743,13,8,1,3,Active,0
CUST-0761,2025-07-30 17:10:26.719034,South America,Basic,57,165.0,4,133,14,0.5217334188532456,6.218248106501165,3,26.0,816.3738002305257,31.398992316558683,8,42,2,0,Active,1
CUST-0762,2025-07-31 17:10:26.719034,Europe,Pro,31,,31,173,2,0.21320393138913507,6.650774434018913,20,2.0,600.5869656196718,300.2934828098359,11,76,0,2,Expired,0
CUST-0763,2025-08-01 17:10:26.719034,North America,Basic,84,180.0,18,417,1,0.7817289890047594,4.287051336311937,36,23.0,3805.7920084926204,165.4692177605487,18,42,0,8,Expired,0
CUST-0764,2025-08-02 17:10:26.719034,Europe,Basic,24,,38,420,0,0.20375548584994374,5.81872001960321,42,41.0,4638.242720969912,113.12787124316858,19,13,4,9,Active,0
CUST-0765,2025-08-03 17:10:26.719034,North America,Basic,89,179.0,24,395,8,0.2606616548329366,8.095595778504213,30,22.0,2296.833249767503,104.40151135306832,6,26,2,4,,0
CUST-0766,2025-08-04 17:10:26.719034,Asia,Basic,36,261.0,23,168,8,0.09252855436671914,8.362937514895735,20,34.0,3300.6338369910345,97.07746579385396,2,18,4,7,Active,1
CUST-0767,2025-08-05 17:10:26.719034,North America,Basic,85,64.0,22,66,6,0.39943227903085443,9.621208681440834,25,15.0,4573.143677895897,304.8762451930598,13,42,2,1,Active,0
CUST-0768,2025-08-06 17:10:26.719034,South America,Basic,30,100.0,2,87,2,0.41892922393741894,8.418411873305871,40,10.0,459.66702834138124,45.966702834138125,11,51,2,2,Active,1
CUST-0769,2025-08-07 17:10:26.719034,South America,Pro,24,287.0,31,203,17,0.5145617903482984,6.083572930456839,57,15.0,3854.702451063959,256.9801634042639,1,116,4,6,Active,1
CUST-0770,2025-08-08 17:10:26.719034,North America,Basic,30,110.0,11,294,10,0.7089642671237775,2.616912692531614,34,42.0,3087.91625303412,73.52181554843143,2,113,2,9,Active,1
CUST-0771,2025-08-09 17:10:26.719034,North America,Pro,86,164.0,28,24,6,0.9061009286804258,1.8978720193255816,37,29.0,2997.199522361008,103.35170766762096,17,84,1,3,Active,1
CUST-0772,2025-08-10 17:10:26.719034,North America,Enterprise,92,150.0,46,21,8,0.13773409888780863,1.4906070091977328,23,23.0,1469.7767381230333,63.90333644013188,8,16,2,8,Active,0
CUST-0773,2025-08-11 17:10:26.719034,North America,Pro,7,182.0,32,110,0,0.05434809834865706,6.998732486068453,10,17.0,3422.6278403406077,201.33104943180047,2,101,2,6,Active,1
CUST-0774,2025-08-12 17:10:26.719034,South America,Basic,35,19.0,5,165,13,0.018531233594333285,8.267826298581937,40,,3976.0407965556747,441.7823107284083,6,3,4,0,Expired,1
CUST-0775,2025-08-13 17:10:26.719034,Europe,Basic,55,237.0,38,349,19,0.14362137806881625,5.578155556156711,28,36.0,573.1622430690488,15.92117341858469,5,91,0,3,Active,0
CUST-0776,2025-08-14 17:10:26.719034,North America,Basic,92,274.0,10,134,5,0.6579494857816259,1.4924275735027595,46,9.0,2672.2719405951093,296.9191045105677,16,79,3,9,Expired,1
CUST-0777,2025-08-15 17:10:26.719034,North America,Basic,14,257.0,40,368,6,0.7274770779964966,5.819235171322044,54,16.0,515.3132531271742,32.20707832044839,8,98,2,5,Expired,1
CUST-0778,2025-08-16 17:10:26.719034,South America,Enterprise,10,256.0,46,289,9,0.7865057135281222,9.421743353720954,59,36.0,4364.144356295246,121.2262321193124,19,45,3,5,Active,1
CUST-0779,2025-08-17 17:10:26.719034,South America,Basic,80,164.0,24,414,6,0.24370821190434266,6.378518718392144,2,48.0,2543.107246055173,52.98140095948278,16,22,2,9,Active,1
CUST-0780,2025-08-18 17:10:26.719034,Asia,Basic,16,43.0,35,403,1,0.3058948132615199,8.284847396165333,0,33.0,4041.7487894111796,122.47723604276302,13,104,4,5,Active,1
CUST-0781,2025-08-19 17:10:26.719034,North America,Pro,54,138.0,44,119,3,0.48313464556549945,8.201373835525755,51,31.0,1846.7473319544092,59.57249457917449,7,23,4,4,Expired,1
CUST-0782,2025-08-20 17:10:26.719034,Asia,Pro,95,169.0,48,343,16,0.0631830968602265,9.389161898025876,53,6.0,634.1403518134638,105.6900586355773,16,59,2,2,Active,0
CUST-0783,2025-08-21 17:10:26.719034,South America,Pro,89,98.0,23,366,0,0.6111415232112462,7.93205889084886,18,10.0,217.08152888470028,21.70815288847003,16,62,4,1,Active,1
CUST-0784,2025-08-22 17:10:26.719034,South America,Basic,77,102.0,17,155,9,0.9837350336757578,7.729304626117806,45,16.0,1414.7330076541539,88.42081297838462,12,113,4,2,Active,1
CUST-0785,2025-08-23 17:10:26.719034,Europe,Basic,70,250.0,1,225,18,0.36080631137800256,3.106923984735765,48,4.0,1228.7261648167519,307.18154120418797,14,68,2,8,Active,0
CUST-0786,2025-08-24 17:10:26.719034,North America,Pro,44,126.0,31,407,14,0.7528474750913839,1.5393263978897331,21,22.0,2806.1563503596094,127.55256137998225,18,115,0,2,Expired,1
CUST-0787,2025-08-25 17:10:26.719034,Asia,Basic,73,103.0,31,171,9,0.500033915569608,5.658395185484269,13,13.0,118.47680193789971,9.113600149069208,18,54,2,2,Active,0
CUST-0788,2025-08-26 17:10:26.719034,South America,Basic,45,172.0,42,137,18,0.12781184436038273,2.119907871520797,48,16.0,2607.647016052875,162.9779385033047,16,57,0,0,Expired,1
CUST-0789,2025-08-27 17:10:26.719034,South America,Basic,56,108.0,42,323,11,0.5822374488025863,9.659762886501921,56,29.0,1964.9409926398957,67.75658595309986,16,105,4,1,Active,1
CUST-0790,2025-08-28 17:10:26.719034,Asia,Basic,84,122.0,34,341,15,0.29987426844406495,3.6093228636972574,58,6.0,2889.8401268730663,481.64002114551107,13,23,0,2,Active,0
CUST-0791,2025-08-29 17:10:26.719034,Europe,Basic,82,100.0,9,159,8,0.034403208453458234,8.676497830458638,13,26.0,3515.0634654703194,135.19474867193537,9,111,4,1,,1
CUST-0792,2025-08-30 17:10:26.719034,South America,Basic,57,215.0,22,463,14,0.6349297301177438,4.488621626822134,43,11.0,3174.1188059483966,288.55625508621785,9,60,0,7,Active,1
CUST-0793,2025-08-31 17:10:26.719034,North America,Pro,21,26.0,13,45,16,0.8589323493247276,3.908748248716397,15,24.0,4923.375403173098,205.14064179887907,13,73,0,5,Expired,0
CUST-0794,2025-09-01 17:10:26.719034,South America,Pro,68,283.0,25,182,13,0.34476976689987415,9.416427151389591,32,29.0,699.9440659455865,24.136002273985742,4,88,2,6,Active,1
CUST-0795,2025-09-02 17:10:26.719034,North America,Enterprise,50,182.0,48,429,17,0.3902955472127705,4.269903148776016,12,3.0,2154.387674559595,718.1292248531983,9,85,0,0,Active,0
CUST-0796,2025-09-03 17:10:26.719034,Asia,Basic,33,125.0,18,31,1,0.8910216829672115,4.512591177968228,37,10.0,2129.9053758501227,212.99053758501228,15,105,4,5,Active,0
CUST-0797,2025-09-04 17:10:26.719034,North America,Basic,91,190.0,12,215,3,0.8136088133673559,1.9548260165161824,48,1.0,2091.095486477574,2091.095486477574,14,110,2,1,,1
CUST-0798,2025-09-05 17:10:26.719034,Asia,Basic,7,100.0,40,136,17,0.7149528235517771,7.0340199875425835,11,43.0,3322.353976292915,77.26404596030035,19,55,0,5,,0
CUST-0799,2025-09-06 17:10:26.719034,North America,Pro,70,91.0,17,345,6,0.24879706375314792,3.5995547302976214,54,26.0,2454.242022128145,94.39392392800558,12,117,2,2,Active,1
CUST-0800,2025-09-07 17:10:26.719034,Asia,Pro,15,123.0,15,454,12,0.9102166549666445,6.270437510555565,50,12.0,2591.9884734666857,215.99903945555715,6,80,3,6,Active,0
CUST-0801,2025-09-08 17:10:26.719034,North America,Basic,82,266.0,42,365,14,0.154415757539213,6.322165336478886,37,14.0,2167.4564008123557,154.8183143437397,3,63,2,2,Active,0
CUST-0802,2025-09-09 17:10:26.719034,Europe,Enterprise,32,67.0,15,449,0,0.6267705194172218,7.4727972603619035,38,25.0,4958.580310482627,198.3432124193051,16,56,3,8,Active,0
CUST-0803,2025-09-10 17:10:26.719034,North America,Basic,75,163.0,15,226,10,0.0288011805465187,7.707173375551971,32,8.0,4638.531130607021,579.8163913258776,17,55,3,2,Active,1
CUST-0804,2025-09-11 17:10:26.719034,North America,Pro,20,125.0,39,105,9,0.6437198063249459,5.6300719096138545,32,43.0,1545.5437049282111,35.94287685879561,16,25,2,6,Active,0
CUST-0805,2025-09-12 17:10:26.719034,Europe,Pro,88,275.0,13,426,4,0.27714435187335984,3.978927528430627,28,4.0,566.8536845856693,141.71342114641732,6,26,4,3,,1
CUST-0806,2025-09-13 17:10:26.719034,South America,Enterprise,15,212.0,17,438,15,0.44967697718372,8.537058053512606,4,28.0,4200.425972952628,150.01521331973672,8,49,4,7,Active,1
CUST-0807,2025-09-14 17:10:26.719034,South America,Pro,48,50.0,32,173,10,0.3452645520570531,3.7887908446763623,5,7.0,4985.879554614365,712.2685078020521,19,63,4,1,Expired,0
CUST-0808,2025-09-15 17:10:26.719034,North America,Enterprise,71,114.0,9,157,5,0.1727567562462099,5.567581850223983,30,10.0,1470.118381257831,147.0118381257831,2,45,1,7,Active,1
CUST-0809,2025-09-16 17:10:26.719034,Europe,Basic,21,202.0,40,27,8,0.6219807900938741,4.611273248833552,15,36.0,1795.3467799504135,49.87074388751149,14,73,3,8,Active,0
CUST-0810,2025-09-17 17:10:26.719034,North America,Enterprise,42,287.0,20,303,12,0.8819755551406074,8.695705473727193,30,2.0,4708.749575611163,2354.3747878055815,12,79,2,7,,1
CUST-0811,2025-09-18 17:10:26.719034,Asia,Basic,26,246.0,26,204,7,0.9590842422824034,4.8872667803124585,24,26.0,3558.5362948354186,136.86678057059302,17,39,4,5,Active,0
CUST-0812,2025-09-19 17:10:26.719034,Asia,Enterprise,14,230.0,27,160,13,0.19234636315391507,4.474892699537358,47,14.0,1485.2352755803845,106.08823397002746,15,97,4,9,Expired,1
CUST-0813,2025-09-20 17:10:26.719034,North America,Pro,57,77.0,21,489,0,0.7173727740629734,7.208413236078737,45,16.0,2909.421991506736,181.838874469171,18,65,2,0,,1
CUST-0814,2025-09-21 17:10:26.719034,South America,Enterprise,37,206.0,18,374,16,0.6643393666056823,6.421969988752984,32,43.0,4721.705601027638,109.80710700064274,16,69,3,6,Active,1
CUST-0815,2025-09-22 17:10:26.719034,South America,Basic,58,265.0,13,132,4,0.34337778957457255,1.9652215014626147,12,42.0,4060.947403659435,96.68922389665322,13,56,2,0,Active,0
CUST-0816,2025-09-23 17:10:26.719034,North America,Pro,21,148.0,16,409,1,0.019099199353725838,5.573519257095669,51,17.0,3711.7452415060116,218.33795538270655,17,9,1,6,Active,1
CUST-0817,2025-09-24 17:10:26.719034,North America,Pro,82,158.0,9,196,8,0.6897912473128661,7.619305494999229,9,46.0,3687.6115955178416,80.16546946777916,8,108,1,1,Active,0
CUST-0818,2025-09-25 17:10:26.719034,Asia,Pro,69,108.0,12,462,3,0.9454948605595002,9.928672881322207,23,22.0,898.3214182184289,40.83279173720131,1,70,2,7,Active,1
CUST-0819,2025-09-26 17:10:26.719034,South America,Basic,3,85.0,44,461,16,0.6321201219156514,6.662321505732872,9,4.0,4125.159383747403,1031.2898459368507,3,28,3,1,Active,1
CUST-0820,2025-09-27 17:10:26.719034,North America,Basic,87,291.0,38,158,16,0.4352927241876341,4.33263759797186,40,19.0,1387.831975892856,73.04378820488716,16,45,4,2,Active,1
CUST-0821,2025-09-28 17:10:26.719034,Asia,Basic,90,118.0,19,113,17,0.5251538941116284,3.0353643982190657,30,2.0,4652.529622928632,2326.264811464316,2,26,1,2,Active,0
CUST-0822,2025-09-29 17:10:26.719034,South America,Basic,37,197.0,7,252,15,0.19962880765991753,8.855472107379882,12,,1829.553555158777,46.91162961945582,15,28,1,0,Active,0
CUST-0823,2025-09-30 17:10:26.719034,Europe,Enterprise,88,,35,471,7,0.7505441637537376,8.331086909021526,2,9.0,4289.72538124086,476.6361534712066,1,40,3,4,Active,0
CUST-0824,2025-10-01 17:10:26.719034,Asia,Basic,49,163.0,48,240,10,0.746419830009849,3.1053053870144636,58,19.0,1338.5051376438291,70.44763882335943,9,15,1,4,Active,1
CUST-0825,2025-10-02 17:10:26.719034,South America,Enterprise,19,49.0,18,488,17,0.14551730038742494,2.805688811319161,49,16.0,2577.48941354538,161.09308834658626,16,6,1,9,Active,0
CUST-0826,2025-10-03 17:10:26.719034,South America,Basic,89,,16,215,9,0.8779783824996591,7.43623099130058,51,25.0,543.3576244904121,21.734304979616486,4,27,3,4,Active,0
CUST-0827,2025-10-04 17:10:26.719034,Asia,Basic,85,141.0,39,207,12,0.26918973947330527,3.834568557268835,33,48.0,3303.9933259509085,68.83319429064393,12,38,2,8,Active,1
CUST-0828,2025-10-05 17:10:26.719034,Europe,Pro,12,288.0,4,405,16,0.9822560609366149,3.75758918525762,48,18.0,4182.035583082523,232.33531017125128,1,68,4,5,Active,1
CUST-0829,2025-10-06 17:10:26.719034,Asia,Pro,61,93.0,25,409,17,0.3829030140372458,2.370612223608897,27,23.0,3595.0519336990565,156.30660581300245,1,75,4,5,Active,1
CUST-0830,2025-10-07 17:10:26.719034,South America,Basic,41,251.0,32,346,9,0.17788405873449964,3.3757796773884694,18,21.0,2621.0599795639,124.81237997923333,7,85,1,2,Expired,1
CUST-0831,2025-10-08 17:10:26.719034,North America,Pro,33,125.0,40,96,15,0.3517201113456523,4.847568018333846,22,11.0,235.12823422128287,21.375294020116623,18,64,4,4,Active,1
CUST-0832,2025-10-09 17:10:26.719034,North America,Pro,50,118.0,13,151,19,0.44018032869719315,7.59554503545174,44,39.0,4667.870625782583,119.68899040468162,15,30,2,9,Active,1
CUST-0833,2025-10-10 17:10:26.719034,Asia,Basic,68,230.0,45,326,4,0.06930777303829483,4.026772849723748,31,41.0,3530.392847407387,86.10714261969237,13,82,1,6,,0
CUST-0834,2025-10-11 17:10:26.719034,South America,Enterprise,71,50.0,17,208,12,0.5782183812232895,3.9574390553185843,12,4.0,3731.8625494430116,932.9656373607529,16,99,4,2,Expired,1
CUST-0835,2025-10-12 17:10:26.719034,North America,Enterprise,86,156.0,49,55,17,0.5976324398689004,3.5642192729719224,32,25.0,3975.456071798928,159.0182428719571,7,3,0,1,Active,1
CUST-0836,2025-10-13 17:10:26.719034,South America,Pro,33,121.0,37,297,16,0.7389304553494722,5.304553007599387,33,32.0,3741.2396953787775,116.9137404805868,16,62,0,4,Active,1
CUST-0837,2025-10-14 17:10:26.719034,Asia,Basic,81,112.0,6,24,8,0.029169892290743293,2.6257302814718377,32,30.0,2211.1696588506848,73.70565529502282,13,12,0,2,Active,1
CUST-0838,2025-10-15 17:10:26.719034,North America,Pro,24,55.0,19,53,13,0.5412382144338301,5.37067660628913,55,,3670.7729281468546,81.57273173659677,14,91,0,4,Active,1
CUST-0839,2025-10-16 17:10:26.719034,South America,Basic,61,280.0,13,410,16,0.052907433270664384,7.3375800057522085,4,26.0,3128.8836711735416,120.34167966052084,17,117,0,8,,0
CUST-0840,2025-10-17 17:10:26.719034,North America,Basic,61,204.0,26,178,3,0.7011442199666534,1.2681145362935995,55,36.0,4271.541505007244,118.65393069464568,12,30,1,9,Active,1
CUST-0841,2025-10-18 17:10:26.719034,Asia,Basic,98,289.0,14,319,17,0.05572798570098447,1.088014422751857,2,34.0,4014.2744785334785,118.06689642745525,13,85,3,0,Expired,0
CUST-0842,2025-10-19 17:10:26.719034,South America,Basic,28,292.0,31,53,19,0.9117278483416327,1.676106191390583,59,9.0,216.45816851162684,24.05090761240298,15,38,3,3,Active,1
CUST-0843,2025-10-20 17:10:26.719034,North America,Enterprise,58,49.0,4,107,14,0.7020825668844966,5.820940555553009,6,,1900.6465807597003,158.38721506330836,4,85,1,9,,0
CUST-0844,2025-10-21 17:10:26.719034,Asia,Pro,43,198.0,39,270,10,0.5073897650851571,8.69009574866863,23,,183.2335993976339,91.61679969881695,2,60,1,4,Active,0
CUST-0845,2025-10-22 17:10:26.719034,North America,Pro,41,173.0,8,118,11,0.44150392328117494,1.0439601941822674,21,38.0,519.3538745828287,13.667207225863912,18,38,2,1,Active,1
CUST-0846,2025-10-23 17:10:26.719034,North America,Basic,39,33.0,25,292,8,0.13067263041326238,9.42995174126213,44,5.0,3011.0395027980207,602.2079005596041,2,104,3,1,Active,0
CUST-0847,2025-10-24 17:10:26.719034,Europe,Basic,86,33.0,13,381,12,0.2909993895646631,1.9565066041348222,22,5.0,4370.370887599644,874.0741775199289,15,15,0,0,Active,0
CUST-0848,2025-10-25 17:10:26.719034,Europe,Basic,49,13.0,32,352,14,0.8689591050208962,8.577851752524037,29,22.0,607.9255459592434,27.632979361783793,19,18,1,7,Active,0
CUST-0849,2025-10-26 17:10:26.719034,Asia,Enterprise,17,299.0,38,113,14,0.9044528115624939,5.345692884846521,59,5.0,2260.9355444594894,452.1871088918979,15,52,0,1,Expired,1
CUST-0850,2025-10-27 17:10:26.719034,Europe,Basic,98,190.0,38,265,4,0.0007477083705310639,6.934216485509595,17,,4555.285734984154,1138.8214337460386,10,29,3,2,Active,0
CUST-0851,2025-10-28 17:10:26.719034,Asia,Enterprise,70,257.0,28,388,18,0.5941363914775513,5.596146860024642,31,9.0,4073.361908521223,452.5957676134692,11,112,4,1,Expired,0
CUST-0852,2025-10-29 17:10:26.719034,Europe,Pro,70,125.0,30,215,19,0.7193006090251136,5.293434026614191,55,29.0,2603.1428033649904,89.76354494362036,10,102,4,3,Active,0
CUST-0853,2025-10-30 17:10:26.719034,North America,Basic,98,288.0,3,344,13,0.6187469824576063,8.514094855279524,52,22.0,3860.141482250867,175.4609764659485,5,60,1,0,Active,0
CUST-0854,2025-10-31 17:10:26.719034,Asia,Pro,65,78.0,28,52,16,0.08167976486635398,7.802977416110347,6,27.0,2618.2419324822395,96.97192342526813,9,21,2,2,,0
CUST-0855,2025-11-01 17:10:26.719034,Asia,Basic,74,263.0,3,362,17,0.21772489879890222,5.350620128707037,32,10.0,798.8807630414153,79.88807630414153,19,17,0,4,Active,0
CUST-0856,2025-11-02 17:10:26.719034,North America,Enterprise,85,190.0,45,254,2,0.25034026738138604,2.0047233645645544,4,16.0,632.4332049761787,39.52707531101117,13,105,1,9,Active,0
CUST-0857,2025-11-03 17:10:26.719034,Asia,Enterprise,5,178.0,34,296,1,0.8317246313050897,2.038626633829673,48,42.0,949.9574780146781,22.61803519082567,18,115,2,0,Active,0
CUST-0858,2025-11-04 17:10:26.719034,Asia,Basic,2,258.0,16,364,0,0.46319943630892046,8.21385514647168,27,42.0,1761.1012538787406,41.93098223520811,17,18,0,3,Active,0
CUST-0859,2025-11-05 17:10:26.719034,Europe,Basic,22,197.0,22,282,9,0.4868282119412368,5.764515592127801,7,10.0,4653.341045693353,465.33410456933535,6,57,3,5,Expired,0
CUST-0860,2025-11-06 17:10:26.719034,Asia,Pro,57,63.0,32,485,18,0.9348930465545086,5.334302261974264,14,6.0,4000.395284131471,666.7325473552452,10,119,4,3,Active,1
CUST-0861,2025-11-07 17:10:26.719034,South America,Enterprise,66,147.0,38,92,16,0.6370858888547155,7.125101572246436,51,49.0,2169.6797905193243,44.279179398353556,2,37,2,6,Active,0
CUST-0862,2025-11-08 17:10:26.719034,North America,Basic,74,177.0,8,119,11,0.8986677015526638,8.729574250728342,3,5.0,2470.4527818399943,494.09055636799883,6,60,0,6,Expired,1
CUST-0863,2025-11-09 17:10:26.719034,Europe,Pro,98,112.0,8,447,0,0.45650885534153296,6.659858299719747,33,6.0,1335.39119375541,222.565198959235,13,38,1,5,Active,1
CUST-0864,2025-11-10 17:10:26.719034,Europe,Pro,16,94.0,6,199,11,0.14943625851829423,7.865631121118311,4,47.0,3524.7212527959296,74.99406920842404,18,12,0,8,Active,0
CUST-0865,2025-11-11 17:10:26.719034,South America,Pro,51,221.0,14,480,16,0.9299355940740857,7.887434717052613,32,25.0,4015.8007005955697,160.63202802382278,7,75,1,1,,1
CUST-0866,2025-11-12 17:10:26.719034,North America,Basic,39,12.0,32,297,2,0.45870511566753824,4.206353039136632,56,4.0,1202.134431381207,300.53360784530173,2,112,4,9,Active,1
CUST-0867,2025-11-13 17:10:26.719034,North America,Pro,86,188.0,35,433,10,0.18163142187882186,3.4667487607689615,4,40.0,218.68990269446218,5.467247567361555,14,116,4,7,Expired,0
CUST-0868,2025-11-14 17:10:26.719034,Europe,Enterprise,76,47.0,10,406,16,0.30239574030392224,8.210476604576428,37,48.0,3123.2058263832223,65.06678804965047,5,113,0,7,Active,1
CUST-0869,2025-11-15 17:10:26.719034,Asia,Basic,88,248.0,3,260,2,0.050802589688942246,4.394609126058191,33,32.0,2816.93547448523,88.02923357766343,18,84,0,9,Expired,1
CUST-0870,2025-11-16 17:10:26.719034,Europe,Basic,40,,12,221,7,0.46830059145638514,9.130024058704347,57,35.0,2016.6344635940934,57.61812753125981,11,73,1,3,Expired,0
CUST-0871,2025-11-17 17:10:26.719034,North America,Enterprise,38,39.0,49,300,19,0.8531281719102366,1.6272162705710767,25,10.0,3223.0307694483186,322.30307694483184,10,1,1,5,Active,1
CUST-0872,2025-11-18 17:10:26.719034,South America,Basic,60,199.0,31,142,3,0.9335804560066894,1.5239576086780569,0,34.0,2757.5603569458663,81.10471638076078,11,58,2,5,Active,0
CUST-0873,2025-11-19 17:10:26.719034,Europe,Enterprise,59,34.0,29,210,6,0.9326022075036438,9.343037440912674,3,36.0,1260.402067205022,35.01116853347283,2,3,2,4,Active,0
CUST-0874,2025-11-20 17:10:26.719034,North America,Basic,10,121.0,5,294,13,0.12523002562874674,6.8360942276329135,38,6.0,1994.6675883573846,332.4445980595641,15,63,2,0,Active,1
CUST-0875,2025-11-21 17:10:26.719034,Europe,Basic,99,,25,335,13,0.382053882511057,4.4163942080349905,53,43.0,2146.286713038736,49.913644489272926,7,21,0,2,Active,1
CUST-0876,2025-11-22 17:10:26.719034,Asia,Enterprise,64,194.0,41,418,3,0.02822875965070637,7.795543733345645,25,46.0,4402.437492433063,95.70516287897964,9,23,2,6,Active,0
CUST-0877,2025-11-23 17:10:26.719034,Europe,Basic,63,56.0,31,104,15,0.8551653449714728,7.050941289942771,32,16.0,4804.911729103508,300.30698306896926,5,9,0,7,Active,0
CUST-0878,2025-11-24 17:10:26.719034,Europe,Pro,49,237.0,21,287,0,0.3587557620212738,5.780809421376366,32,19.0,4466.07679835852,235.05667359781685,7,118,4,1,,1
CUST-0879,2025-11-25 17:10:26.719034,North America,Basic,64,48.0,20,459,16,0.6311170278922348,1.8898600839638622,7,34.0,3598.698340019378,105.84406882409935,2,83,3,2,Active,1
CUST-0880,2025-11-26 17:10:26.719034,North America,Pro,32,25.0,39,438,9,0.7148984380772886,8.309616285634764,19,25.0,2929.113740693051,117.16454962772204,3,109,4,3,Active,0
CUST-0881,2025-11-27 17:10:26.719034,North America,Basic,7,31.0,22,334,15,0.4298446697431554,8.794208716125622,15,31.0,3449.4155609751156,111.27146970887469,2,55,0,4,Active,0
CUST-0882,2025-11-28 17:10:26.719034,Europe,Basic,21,222.0,4,228,15,0.306442336550243,2.549518196973842,20,49.0,4696.155011456118,95.83989819298199,19,110,0,2,Active,1
CUST-0883,2025-11-29 17:10:26.719034,Asia,Enterprise,20,158.0,13,98,7,0.9622129101159447,8.654604867793601,44,41.0,1257.4936887669205,30.67057777480294,4,116,3,4,Active,1
CUST-0884,2025-11-30 17:10:26.719034,South America,Basic,26,250.0,45,81,6,0.9644882250238542,8.90062579914908,54,17.0,2680.2513332902904,157.66184313472297,7,19,1,7,Active,0
CUST-0885,2025-12-01 17:10:26.719034,South America,Pro,68,281.0,42,256,5,0.28943636803002193,5.944857510596644,55,47.0,3451.1440148120355,73.42859605983054,7,62,1,7,Expired,0
CUST-0886,2025-12-02 17:10:26.719034,North America,Basic,86,68.0,49,138,15,0.4796250967444581,6.905611326004183,25,30.0,3399.4425366081305,113.31475122027102,17,87,1,1,,0
CUST-0887,2025-12-03 17:10:26.719034,North America,Pro,15,296.0,20,221,19,0.9728441586600224,4.4401358801304225,22,39.0,1268.8720082884138,32.535179699702915,19,91,2,5,Active,0
CUST-0888,2025-12-04 17:10:26.719034,Europe,Basic,85,211.0,13,437,15,0.004868407655503226,3.536124827583394,17,31.0,2937.790321674862,94.76742973144715,16,91,1,3,Active,0
CUST-0889,2025-12-05 17:10:26.719034,South America,Enterprise,79,41.0,17,352,6,0.41267824837914924,7.497848322564803,30,19.0,3981.6065806765805,209.5582410882411,3,39,2,8,Active,0
CUST-0890,2025-12-06 17:10:26.719034,North America,Basic,86,171.0,36,105,8,0.10045754968096843,8.756876341142274,51,35.0,2380.6441104507167,68.01840315573476,15,100,2,9,Active,0
CUST-0891,2025-12-07 17:10:26.719034,Asia,Basic,92,264.0,33,84,13,0.5091579655626026,6.886697976601728,41,29.0,3968.5574027266875,136.84680699057543,14,76,1,1,Active,0
CUST-0892,2025-12-08 17:10:26.719034,Asia,Basic,14,263.0,1,432,10,0.02466995454048715,5.604315495818943,11,1.0,1805.8141627952284,1805.8141627952284,15,119,1,7,Active,0
CUST-0893,2025-12-09 17:10:26.719034,North America,Basic,27,18.0,15,63,13,0.40689843139062787,2.430322901597544,0,4.0,4694.413034547157,1173.6032586367892,14,27,3,0,Active,1
CUST-0894,2025-12-10 17:10:26.719034,North America,Pro,40,148.0,13,353,6,0.22069907478533513,1.4811284134433635,41,28.0,2674.302918090514,95.51081850323264,7,46,3,5,Expired,1
CUST-0895,2025-12-11 17:10:26.719034,South America,Basic,58,19.0,17,468,0,0.5333083624587408,5.011226112220718,8,18.0,2983.7802744551454,165.76557080306364,3,34,2,9,Active,0
CUST-0896,2025-12-12 17:10:26.719034,South America,Enterprise,28,223.0,24,422,12,0.9959936491006997,1.4441460732767915,2,26.0,166.49422833489612,6.4036241667267735,17,33,3,0,Active,0
CUST-0897,2025-12-13 17:10:26.719034,Europe,Basic,26,282.0,8,63,19,0.8005361051267477,6.124011687165026,59,40.0,859.6429942716853,21.49107485679213,10,92,2,1,Active,1
CUST-0898,2025-12-14 17:10:26.719034,South America,Basic,63,57.0,27,227,2,0.8456420916244214,4.444562721859942,50,19.0,3168.340063550513,166.7547401868691,15,95,0,2,Expired,1
CUST-0899,2025-12-15 17:10:26.719034,Asia,Pro,66,120.0,45,25,19,0.6352649873590809,7.814702077137725,25,6.0,2105.1531551935336,350.8588591989223,6,96,2,8,,0
CUST-0900,2025-12-16 17:10:26.719034,Asia,Pro,25,162.0,23,108,3,0.04155984827225856,3.750836471525651,8,1.0,2545.737314386292,2545.737314386292,17,50,2,4,Active,1
CUST-0901,2025-12-17 17:10:26.719034,North America,Basic,3,132.0,46,29,10,0.20679767604414412,6.336844308706889,41,8.0,324.2273295811652,40.52841619764565,17,20,3,9,Active,0
CUST-0902,2025-12-18 17:10:26.719034,South America,Basic,72,111.0,8,55,1,0.925064556447055,5.839151695795905,50,33.0,4172.3348396678175,126.43438908084295,14,40,0,9,Active,0
CUST-0903,2025-12-19 17:10:26.719034,Europe,Basic,44,250.0,8,460,13,0.36611311792875123,1.0424118297001703,15,43.0,3924.682955458124,91.27169663856102,18,99,4,1,Active,1
CUST-0904,2025-12-20 17:10:26.719034,Asia,Pro,97,200.0,26,202,11,0.10363672648079558,1.651504584378793,23,21.0,934.9163388520292,44.51982565962044,5,95,4,9,Active,1
CUST-0905,2025-12-21 17:10:26.719034,Asia,Pro,42,226.0,47,392,16,0.702405365866202,3.613313912374185,49,24.0,3175.303492714323,132.30431219643012,8,58,4,4,Active,1
CUST-0906,2025-12-22 17:10:26.719034,Europe,Basic,99,60.0,13,67,11,0.2994577239342546,8.940115729186886,13,,4093.3929061548156,163.73571624619262,7,31,0,4,Active,0
CUST-0907,2025-12-23 17:10:26.719034,Europe,Enterprise,6,90.0,39,446,11,0.2688569129041717,2.323134594098007,2,47.0,3207.862140713844,68.25238597263498,4,38,1,0,Active,0
CUST-0908,2025-12-24 17:10:26.719034,Asia,Enterprise,39,97.0,37,120,0,0.9979774555582603,7.398048974144874,33,43.0,1558.8864955262657,36.25317431456432,18,86,0,2,Active,1
CUST-0909,2025-12-25 17:10:26.719034,Asia,Pro,52,203.0,49,138,12,0.8581389250266543,9.760299095370586,32,19.0,3283.994640886054,172.84182320452916,5,45,3,4,,0
CUST-0910,2025-12-26 17:10:26.719034,Europe,Enterprise,23,113.0,28,346,13,0.40793781836784104,8.115107974220397,49,29.0,1060.2041209392291,36.5587627910079,16,41,2,8,Active,1
CUST-0911,2025-12-27 17:10:26.719034,Asia,Basic,89,280.0,25,203,1,0.9802612078164991,3.1865082551833956,23,10.0,1598.09243642431,159.809243642431,14,9,2,9,Active,0
CUST-0912,2025-12-28 17:10:26.719034,North America,Basic,50,105.0,16,422,11,0.6501132234192136,9.175287343717734,8,12.0,1207.9475690048214,100.66229741706844,19,116,3,0,Active,1
CUST-0913,2025-12-29 17:10:26.719034,North America,Basic,43,207.0,2,349,15,0.7420224518797602,1.8379644085755107,12,33.0,2789.0562609271306,84.51685639173122,14,9,3,7,Active,0
CUST-0914,2025-12-30 17:10:26.719034,Europe,Basic,19,10.0,18,335,3,0.03151304308221159,5.2132774768366215,1,7.0,550.0509673600875,78.57870962286964,9,63,2,0,Active,0
CUST-0915,2025-12-31 17:10:26.719034,South America,Pro,69,176.0,17,17,7,0.1216052593480571,8.987877169537724,6,17.0,4667.21879793821,274.5422822316594,6,79,1,8,Active,0
CUST-0916,2026-01-01 17:10:26.719034,Europe,Enterprise,51,135.0,30,38,1,0.6330851264962384,6.771391383311828,47,10.0,1674.2266447777054,167.42266447777052,17,77,1,5,Active,0
CUST-0917,2026-01-02 17:10:26.719034,Europe,Basic,11,90.0,39,121,9,0.8990239826494839,4.72280108254929,20,,1102.6609342579486,35.56970755670802,19,22,1,0,Active,0
CUST-0918,2026-01-03 17:10:26.719034,South America,Basic,12,,13,444,8,0.6237437260875957,3.635315800634519,18,6.0,2487.783569873138,414.6305949788563,12,16,3,7,Active,1
CUST-0919,2026-01-04 17:10:26.719034,South America,Basic,74,178.0,32,170,14,0.13402489431899178,4.37589464786515,24,17.0,1392.2191140890332,81.89524200523725,4,32,2,4,Active,0
CUST-0920,2026-01-05 17:10:26.719034,South America,Enterprise,8,82.0,29,140,12,0.11576004624632463,5.5804760290835755,46,37.0,2679.171391049395,72.4100375959296,16,66,2,6,Active,1
CUST-0921,2026-01-06 17:10:26.719034,North America,Basic,24,,46,197,16,0.8441858958240817,3.8713953688552665,21,18.0,1749.0606574126066,97.17003652292259,11,90,2,6,Active,1
CUST-0922,2026-01-07 17:10:26.719034,Asia,Pro,92,79.0,30,172,15,0.1393023387079143,9.720710758740697,10,26.0,669.0133857375137,25.73128406682745,4,14,0,6,Active,0
CUST-0923,2026-01-08 17:10:26.719034,North America,Basic,41,271.0,18,206,1,0.5202319605040254,9.397698877595307,32,49.0,1336.8172577160374,27.2819848513477,17,38,0,5,Active,0
CUST-0924,2026-01-09 17:10:26.719034,Asia,Basic,36,254.0,13,484,19,0.03711331996230227,8.836043213928885,31,,2197.814826358011,137.3634266473757,8,98,4,7,Active,1
CUST-0925,2026-01-10 17:10:26.719034,North America,Enterprise,85,12.0,43,373,19,0.08066976739117737,4.796468519703881,20,8.0,161.16320013333186,20.145400016666482,14,8,0,8,Active,0
CUST-0926,2026-01-11 17:10:26.719034,Asia,Enterprise,72,72.0,21,213,13,0.6723482676428648,7.22171592401706,38,24.0,3855.5062098036624,160.6460920751526,2,100,1,1,,1
CUST-0927,2026-01-12 17:10:26.719034,North America,Basic,55,58.0,30,221,2,0.6891814104275167,9.125463763323681,19,13.0,3112.904577306175,239.45419825432114,11,21,1,6,Expired,0
CUST-0928,2026-01-13 17:10:26.719034,South America,Enterprise,9,85.0,21,118,11,0.3414694066084424,8.653865389110353,7,29.0,3010.784440318988,103.82015311444786,11,56,1,1,Active,1
CUST-0929,2026-01-14 17:10:26.719034,Europe,Pro,47,184.0,48,285,7,0.21560976524304476,4.7289431261818695,41,32.0,2734.789160095002,85.46216125296881,6,46,1,5,Expired,0
CUST-0930,2026-01-15 17:10:26.719034,North America,Enterprise,15,118.0,17,82,1,0.813710270757308,2.0114744439003465,36,24.0,2955.662729902092,123.1526137459205,14,43,4,1,Active,0
CUST-0931,2026-01-16 17:10:26.719034,Asia,Basic,48,,40,176,3,0.21710322946989036,1.6806732745109452,8,16.0,4673.913244009031,292.1195777505644,10,92,1,9,,1
CUST-0932,2026-01-17 17:10:26.719034,South America,Pro,82,201.0,19,269,13,0.5420270696663797,6.1935764070313235,24,,52.760361945596046,4.796396540508732,8,46,3,5,Active,0
CUST-0933,2026-01-18 17:10:26.719034,North America,Basic,42,74.0,15,252,15,0.9682088408629055,6.783651416898385,24,32.0,248.52055119216885,7.766267224755277,7,108,3,1,Active,0
CUST-0934,2026-01-19 17:10:26.719034,North America,Pro,60,280.0,9,284,18,0.14785243786238378,8.648583441373216,32,6.0,965.5521155547036,160.9253525924506,8,48,3,0,Active,0
CUST-0935,2026-01-20 17:10:26.719034,South America,Basic,84,109.0,10,111,1,0.9408762674947089,3.6326351830692793,1,35.0,844.833886165819,24.138111033309112,8,70,0,6,Active,0
CUST-0936,2026-01-21 17:10:26.719034,North America,Basic,70,,44,484,11,0.18289305306866865,2.5072344149503825,18,33.0,914.1603527512215,27.701828871249134,2,84,2,2,Active,0
CUST-0937,2026-01-22 17:10:26.719034,Europe,Basic,12,,31,182,13,0.5674432080232296,4.411052498603795,45,18.0,3362.9999903847643,186.83333279915357,16,31,4,3,Expired,0
CUST-0938,2026-01-23 17:10:26.719034,North America,Pro,2,52.0,23,180,5,0.3770077119587446,4.182176112690476,19,,2302.821672240325,62.238423574062836,9,33,3,5,Active,1
CUST-0939,2026-01-24 17:10:26.719034,Europe,Basic,7,87.0,30,150,12,0.9649286015018259,2.1922205861606927,41,13.0,4958.976602890119,381.4597386838553,13,44,3,4,Active,1
CUST-0940,2026-01-25 17:10:26.719034,Europe,Pro,80,,33,406,3,0.2735420290019369,7.050543872618369,40,,1142.1607148666947,114.21607148666946,12,71,1,3,Expired,1
CUST-0941,2026-01-26 17:10:26.719034,South America,Enterprise,3,279.0,9,197,17,0.39965800208575364,5.578227466564384,41,37.0,1561.0422041271984,42.190329841275634,17,8,3,8,Active,0
CUST-0942,2026-01-27 17:10:26.719034,North America,Basic,3,,47,450,11,0.9828601178554205,7.490104805032897,28,26.0,4921.361176840229,189.28312218616264,2,73,1,5,Active,0
CUST-0943,2026-01-28 17:10:26.719034,South America,Pro,27,198.0,1,95,19,0.5364703911884732,4.174220081527612,5,46.0,4160.473122603213,90.44506788267854,13,2,1,5,Active,0
CUST-0944,2026-01-29 17:10:26.719034,North America,Basic,40,256.0,44,485,18,0.5026301156212535,3.9313199041993205,16,17.0,2354.2981111858785,138.48812418740462,1,17,2,1,Active,1
CUST-0945,2026-01-30 17:10:26.719034,North America,Enterprise,33,225.0,35,61,7,0.2577784882039913,5.253182677394701,59,1.0,2777.438458874489,2777.438458874489,19,52,0,5,Active,0
CUST-0946,2026-01-31 17:10:26.719034,Asia,Basic,92,177.0,11,120,6,0.7013635603104414,8.896666108556323,24,25.0,4217.457824057674,168.69831296230694,11,45,1,6,Active,0
CUST-0947,2026-02-01 17:10:26.719034,North America,Pro,1,202.0,34,446,15,0.014372951777777643,1.362531760605823,37,34.0,2410.0914277711768,70.88504199326991,5,37,1,7,Active,0
CUST-0948,2026-02-02 17:10:26.719034,South America,Enterprise,8,292.0,16,374,18,0.04951262970229353,8.243495355668248,3,39.0,1038.0583806746008,26.616881555758994,1,42,2,7,Active,0
CUST-0949,2026-02-03 17:10:26.719034,Europe,Enterprise,32,22.0,9,351,5,0.5993585871358027,4.320888513919808,29,10.0,4143.938247386383,414.39382473863833,13,44,1,8,Expired,0
CUST-0950,2026-02-04 17:10:26.719034,North America,Pro,48,249.0,32,52,19,0.3416745738184541,8.6915712320963,19,20.0,2693.4847314654608,134.67423657327305,8,81,4,9,Active,1
CUST-0951,2026-02-05 17:10:26.719034,Asia,Basic,4,156.0,15,220,10,0.9533163722009605,8.219827079522709,2,7.0,773.6825598474683,110.52607997820975,6,117,0,2,Active,1
CUST-0952,2026-02-06 17:10:26.719034,South America,Pro,94,213.0,12,465,4,0.9031906907227857,4.138851226564795,22,16.0,2532.873297610144,158.304581100634,17,38,4,9,Active,1
CUST-0953,2026-02-07 17:10:26.719034,North America,Enterprise,70,89.0,33,209,15,0.7137062586767072,7.244888817894544,50,37.0,2071.8848691783255,55.99688835617096,12,99,3,6,Active,0
CUST-0954,2026-02-08 17:10:26.719034,South America,Pro,19,52.0,45,307,6,0.8181455811278013,2.436694810960961,17,29.0,4385.444234089972,151.22221496861974,1,111,0,6,Active,1
CUST-0955,2026-02-09 17:10:26.719034,Asia,Basic,32,98.0,14,355,4,0.6673318496676933,9.066533969474092,25,12.0,639.01660248991,53.251383540825834,3,103,3,0,Active,0
CUST-0956,2026-02-10 17:10:26.719034,Asia,Enterprise,9,157.0,8,249,10,0.12558210271016068,4.640419580067185,55,17.0,4377.296924195647,257.48805436444985,14,94,1,7,Active,1
CUST-0957,2026-02-11 17:10:26.719034,South America,Pro,12,104.0,8,124,14,0.7655433696892027,5.100630538196802,35,48.0,2565.9329738833208,53.45693695590251,8,6,2,3,Active,1
CUST-0958,2026-02-12 17:10:26.719034,North America,Pro,11,160.0,27,35,2,0.21019196871884638,7.351831459332864,7,20.0,2027.7785056059267,101.38892528029633,11,68,4,4,Active,0
CUST-0959,2026-02-13 17:10:26.719034,Europe,Basic,46,11.0,12,416,4,0.32344285510019677,8.387562130343658,16,26.0,818.2162501706723,31.46985577579509,14,51,3,5,Active,1
CUST-0960,2026-02-14 17:10:26.719034,Asia,Pro,16,31.0,1,308,4,0.8192342121024202,3.1270846899538864,30,48.0,3507.08163356701,73.0642006993127,8,101,1,2,Active,1
CUST-0961,2026-02-15 17:10:26.719034,North America,Basic,1,16.0,43,86,8,0.5365256083934482,6.952151258892959,36,19.0,4634.765478459102,243.935025182058,3,35,4,4,Active,0
CUST-0962,2026-02-16 17:10:26.719034,North America,Pro,63,,40,421,14,0.8599407141834092,4.527982395002336,44,47.0,1883.1329959576058,40.0666594884597,7,58,4,9,Active,1
CUST-0963,2026-02-17 17:10:26.719034,Europe,Basic,21,123.0,42,146,2,0.21303531984326418,4.318326316035652,56,12.0,1215.5091533474588,101.29242944562156,19,57,3,4,Active,0
CUST-0964,2026-02-18 17:10:26.719034,Asia,Pro,30,281.0,11,29,5,0.6077784386068872,7.210232415465892,32,21.0,2778.7859158257934,132.3231388488473,4,73,1,0,Expired,0
CUST-0965,2026-02-19 17:10:26.719034,Asia,Enterprise,13,92.0,39,449,16,0.08379097254826162,4.484649467403409,26,42.0,3982.9678826850127,94.83256863535745,16,6,2,2,Active,0
CUST-0966,2026-02-20 17:10:26.719034,North America,Basic,34,188.0,43,220,7,0.6430609935400297,4.114976501479669,44,34.0,28.80079580715993,0.8470822296223508,13,13,3,2,Active,0
CUST-0967,2026-02-21 17:10:26.719034,North America,Enterprise,4,219.0,31,249,10,0.7625340377755347,8.522995673136183,3,7.0,3160.5734076131916,451.5104868018845,19,59,4,0,Expired,0
CUST-0968,2026-02-22 17:10:26.719034,Europe,Basic,28,133.0,17,48,5,0.5849308939787217,1.9114851144790572,21,45.0,2986.614843486168,66.36921874413707,5,86,4,6,Active,1
CUST-0969,2026-02-23 17:10:26.719034,Europe,Enterprise,95,122.0,33,444,7,0.26623150149881025,7.083033605471896,25,35.0,1597.5794071627586,45.64512591893596,5,92,0,0,Active,1
CUST-0970,2026-02-24 17:10:26.719034,Asia,Pro,59,21.0,32,277,9,0.03134266885886672,3.2385285441156215,31,15.0,2262.600787988802,150.8400525325868,4,30,1,6,Active,1
CUST-0971,2026-02-25 17:10:26.719034,South America,Pro,27,135.0,29,216,2,0.11944888396428577,1.1394841764357126,23,1.0,1242.3464885674864,1242.3464885674864,2,116,0,3,Active,1
CUST-0972,2026-02-26 17:10:26.719034,Asia,Pro,69,62.0,21,488,13,0.6223029790740262,2.500878419854228,45,26.0,3951.5298323796956,151.9819166299883,13,100,2,8,Active,1
CUST-0973,2026-02-27 17:10:26.719034,North America,Enterprise,25,292.0,21,448,13,0.9344202168425138,6.459953767982809,34,35.0,3176.329317496877,90.7522662141965,16,2,3,6,Active,0
CUST-0974,2026-02-28 17:10:26.719034,Asia,Basic,3,149.0,40,471,9,0.2065344039720064,7.382144723373436,36,,2668.2309939745364,106.72923975898146,2,58,4,4,Active,1
CUST-0975,2026-03-01 17:10:26.719034,South America,Basic,97,106.0,23,276,11,0.7350261491050988,1.1895200520068805,31,42.0,1968.7057301049579,46.87394595487995,19,36,1,6,Active,0
CUST-0976,2026-03-02 17:10:26.719034,Europe,Pro,68,14.0,6,163,5,0.8664510632490415,1.3278289897154814,6,15.0,1464.0080862434534,97.60053908289689,17,72,4,8,Expired,1
CUST-0977,2026-03-03 17:10:26.719034,South America,Enterprise,25,66.0,22,51,11,0.5208821784475111,9.122879033586578,32,22.0,4115.455065356723,187.0661393343965,5,45,0,9,Active,0
CUST-0978,2026-03-04 17:10:26.719034,South America,Pro,20,78.0,38,420,13,0.6692657958436578,1.6597523630234785,30,6.0,2262.524275463509,377.0873792439182,18,106,0,5,Expired,0
CUST-0979,2026-03-05 17:10:26.719034,South America,Pro,34,127.0,37,20,1,0.8150153166761481,9.047639427549141,54,15.0,2512.222625009947,167.48150833399646,18,114,3,0,,1
CUST-0980,2026-03-06 17:10:26.719034,Europe,Basic,26,68.0,45,303,8,0.2606751577405936,3.053493223758152,11,24.0,2608.9353653983007,108.7056402249292,8,9,1,5,,0
CUST-0981,2026-03-07 17:10:26.719034,South America,Enterprise,5,42.0,8,107,9,0.296895674268043,7.660160201423915,10,21.0,2247.3510078035665,107.01671465731269,15,65,1,0,Expired,0
CUST-0982,2026-03-08 17:10:26.719034,South America,Basic,99,59.0,41,436,16,0.0006275166284561706,3.7875992405141083,23,7.0,1287.8812469297345,183.98303527567637,13,77,3,3,Active,1
CUST-0983,2026-03-09 17:10:26.719034,South America,Pro,61,28.0,49,284,16,0.9630941308978025,8.728768230482654,7,29.0,610.4987968128296,21.051682648718263,13,50,0,7,Active,0
CUST-0984,2026-03-10 17:10:26.719034,North America,Basic,92,223.0,35,457,2,0.9175448945963448,7.304093788819221,31,32.0,501.7009631670261,15.678155098969565,16,79,0,4,Active,0
CUST-0985,2026-03-11 17:10:26.719034,South America,Basic,93,206.0,11,399,18,0.7645682637594303,4.616321127415256,56,32.0,3789.7379914700364,118.42931223343864,13,32,0,4,Active,1
CUST-0986,2026-03-12 17:10:26.719034,Europe,Basic,9,56.0,24,439,0,0.07907602097664812,1.686722087566716,37,5.0,1125.4038332845416,225.08076665690834,2,98,4,9,Expired,1
CUST-0987,2026-03-13 17:10:26.719034,South America,Basic,50,176.0,49,381,11,0.44750288969950813,7.594301654837263,59,4.0,287.80734662033814,71.95183665508453,3,43,2,7,,1
CUST-0988,2026-03-14 17:10:26.719034,South America,Pro,6,298.0,21,239,6,0.10189175397155281,6.551962803686634,21,22.0,3989.611859412471,181.34599360965777,15,95,0,7,Active,0
CUST-0989,2026-03-15 17:10:26.719034,Europe,Basic,83,150.0,2,378,3,0.015920267262798604,1.0262054605040987,33,18.0,778.7676477746335,43.26486932081297,19,78,2,0,Active,0
CUST-0990,2026-03-16 17:10:26.719034,South America,Basic,60,93.0,40,435,9,0.6161829652125973,1.0847787037520078,18,35.0,3129.4789977494365,89.4136856499839,13,54,2,4,Active,0
CUST-0991,2026-03-17 17:10:26.719034,Europe,Basic,44,191.0,19,229,12,0.9608294170801884,8.279136758734246,51,17.0,1699.8299245248375,99.98999556028456,5,47,1,4,Active,0
CUST-0992,2026-03-18 17:10:26.719034,South America,Basic,11,88.0,39,74,1,0.9028680234321501,3.3345976492166844,19,24.0,641.1364808896342,26.714020037068092,6,14,3,7,Active,0
CUST-0993,2026-03-19 17:10:26.719034,Europe,Basic,66,224.0,28,364,9,0.6967548149354044,6.725203009552591,55,2.0,2078.2600864792557,1039.1300432396279,14,48,4,0,Active,0
CUST-0994,2026-03-20 17:10:26.719034,South America,Basic,47,23.0,17,241,3,0.09664058416487142,5.0879297778872274,13,13.0,83.89621705179945,6.453555157830727,4,55,2,6,Expired,0
CUST-0995,2026-03-21 17:10:26.719034,South America,Pro,73,224.0,6,337,17,0.27416403767230013,8.770870130695904,32,15.0,4206.814462737676,280.45429751584504,19,29,4,6,Active,0
CUST-0996,2026-03-22 17:10:26.719034,North America,Pro,85,137.0,19,452,4,0.32005672688529097,9.252650017922397,9,5.0,2572.3548270958677,514.4709654191736,7,47,1,8,Expired,0
CUST-0997,2026-03-23 17:10:26.719034,North America,Pro,88,257.0,38,61,18,0.7631500577455612,9.971269414109686,15,3.0,704.4084544307294,234.80281814357647,4,63,0,1,Active,0
CUST-0998,2026-03-24 17:10:26.719034,South America,Basic,98,38.0,28,383,1,0.8022491792351141,2.3831572222652215,3,37.0,1192.5317887610336,32.23058888543334,2,19,2,2,Expired,0
CUST-0999,2026-03-25 17:10:26.719034,South America,Basic,86,289.0,2,440,11,0.3851061229899204,8.766676418279278,26,37.0,2245.396208771248,60.68638402084454,7,91,3,3,Active,0
CUST-1000,2026-03-26 17:10:26.719034,Asia,Enterprise,3,211.0,38,385,16,0.41788399661760967,3.394192390559216,27,37.0,952.4582202495878,25.742114060799672,3,9,1,0,Expired,1
